{"type":"FeatureCollection","features":[{"type":"Feature","properties":{"name":"Albany Creek","code":"314011382","centroid":[152.969,-27.35442]},"geometry":{"type":"Polygon","coordinates":[[[152.9522,-27.3521],[152.9504,-27.3535],[152.9483,-27.354],[152.9476,-27.3574],[152.9463,-27.3591],[152.9549,-27.3603],[152.9536,-27.3675],[152.9596,-27.3684],[152.9601,-27.3655],[152.9699,-27.3671],[152.9673,-27.3708],[152.9804,-27.3727],[152.98,-27.3708],[152.9806,-27.3678],[152.9831,-27.3681],[152.9837,-27.3645],[152.9807,-27.3641],[152.9817,-27.3586],[152.9878,-27.3595],[152.9872,-27.3587],[152.9885,-27.3576],[152.9882,-27.3564],[152.9869,-27.3561],[152.9871,-27.3541],[152.9852,-27.3528],[152.9823,-27.3532],[152.9822,-27.3512],[152.9791,-27.3497],[152.9804,-27.3486],[152.9792,-27.3478],[152.9789,-27.3467],[152.9812,-27.3459],[152.9807,-27.3435],[152.9816,-27.3421],[152.9833,-27.3417],[152.9825,-27.3406],[152.9849,-27.3397],[152.9858,-27.338],[152.9812,-27.337],[152.9788,-27.3347],[152.9765,-27.3357],[152.9755,-27.3368],[152.9715,-27.3375],[152.9689,-27.3396],[152.9649,-27.3393],[152.9644,-27.3404],[152.9647,-27.3419],[152.9614,-27.3418],[152.9597,-27.3426],[152.955,-27.3463],[152.9522,-27.3521]]]}},{"type":"Feature","properties":{"name":"Albion","code":"305031119","centroid":[153.04449,-27.43257]},"geometry":{"type":"Polygon","coordinates":[[[153.0395,-27.4303],[153.0399,-27.4336],[153.0427,-27.4337],[153.0434,-27.4355],[153.0415,-27.4377],[153.0419,-27.4417],[153.0438,-27.441],[153.0473,-27.4418],[153.0482,-27.4412],[153.0479,-27.4397],[153.0489,-27.4395],[153.0492,-27.4373],[153.0481,-27.4362],[153.0487,-27.4328],[153.0512,-27.4332],[153.0513,-27.4303],[153.0501,-27.43],[153.0511,-27.4283],[153.0504,-27.428],[153.0505,-27.4271],[153.0479,-27.4282],[153.0452,-27.428],[153.0453,-27.4255],[153.0422,-27.4251],[153.0421,-27.4258],[153.0377,-27.4252],[153.0369,-27.4293],[153.0395,-27.4303]]]}},{"type":"Feature","properties":{"name":"Alderley","code":"305031120","centroid":[153.00108,-27.42555]},"geometry":{"type":"Polygon","coordinates":[[[152.9994,-27.4201],[152.9996,-27.4222],[152.9964,-27.4215],[152.9962,-27.4247],[152.9937,-27.4243],[152.9918,-27.4319],[152.9949,-27.4315],[152.9941,-27.4366],[152.9982,-27.4376],[152.9992,-27.4372],[152.9987,-27.4368],[152.9993,-27.4362],[153.0004,-27.4362],[153.0015,-27.43],[153.0052,-27.4308],[153.0052,-27.43],[153.0073,-27.4303],[153.0084,-27.425],[153.0073,-27.4242],[153.0086,-27.42],[153.0078,-27.4184],[153.0091,-27.4128],[153.005,-27.4139],[153.0029,-27.4162],[153.0014,-27.4154],[153.0001,-27.417],[152.9994,-27.4201]]]}},{"type":"Feature","properties":{"name":"Alexandra Hills","code":"301011001","centroid":[153.22916,-27.53249]},"geometry":{"type":"Polygon","coordinates":[[[153.2115,-27.5213],[153.2107,-27.5213],[153.2091,-27.5299],[153.2072,-27.5297],[153.2086,-27.5317],[153.2075,-27.5355],[153.2085,-27.5358],[153.222,-27.5477],[153.2274,-27.5493],[153.231,-27.5521],[153.2332,-27.5576],[153.2347,-27.565],[153.236,-27.5656],[153.2369,-27.5598],[153.2376,-27.5594],[153.2393,-27.5551],[153.238,-27.5546],[153.2383,-27.5528],[153.2376,-27.5524],[153.2396,-27.55],[153.2395,-27.5472],[153.2421,-27.5469],[153.243,-27.5455],[153.2448,-27.5448],[153.2459,-27.5418],[153.2454,-27.5401],[153.2438,-27.5389],[153.2468,-27.5372],[153.248,-27.5337],[153.2506,-27.5325],[153.2507,-27.5318],[153.2494,-27.5311],[153.251,-27.5288],[153.2483,-27.5291],[153.2479,-27.5281],[153.2484,-27.5275],[153.2467,-27.5266],[153.2465,-27.5252],[153.2472,-27.5246],[153.2459,-27.5232],[153.2466,-27.5223],[153.2463,-27.5207],[153.2439,-27.518],[153.2442,-27.5171],[153.2405,-27.5167],[153.2398,-27.5158],[153.2366,-27.517],[153.2361,-27.5152],[153.2356,-27.5154],[153.2344,-27.5141],[153.2342,-27.5124],[153.2308,-27.5138],[153.2281,-27.5135],[153.2278,-27.5154],[153.2129,-27.5127],[153.2115,-27.5213]]]}},{"type":"Feature","properties":{"name":"Algester","code":"303051072","centroid":[153.03245,-27.61279]},"geometry":{"type":"Polygon","coordinates":[[[153.029,-27.6081],[153.0269,-27.6099],[153.0242,-27.615],[153.0225,-27.6216],[153.0225,-27.6263],[153.0325,-27.6282],[153.0333,-27.6213],[153.0353,-27.6165],[153.0407,-27.6121],[153.0425,-27.6099],[153.043,-27.6041],[153.0398,-27.5991],[153.0281,-27.5975],[153.0316,-27.6008],[153.0326,-27.6031],[153.0318,-27.6061],[153.029,-27.6081]]]}},{"type":"Feature","properties":{"name":"Annerley","code":"303021052","centroid":[153.03251,-27.51223]},"geometry":{"type":"Polygon","coordinates":[[[153.0283,-27.5023],[153.0289,-27.5057],[153.0284,-27.5083],[153.0276,-27.5102],[153.0242,-27.5131],[153.0248,-27.5132],[153.0239,-27.518],[153.0288,-27.5187],[153.0249,-27.523],[153.0287,-27.5237],[153.0301,-27.5232],[153.0311,-27.5246],[153.0324,-27.525],[153.0352,-27.5234],[153.0349,-27.52],[153.038,-27.5174],[153.0389,-27.5137],[153.0424,-27.5142],[153.0406,-27.5127],[153.0386,-27.5088],[153.0396,-27.5017],[153.0288,-27.5001],[153.0283,-27.5023]]]}},{"type":"Feature","properties":{"name":"Ascot","code":"305031121","centroid":[153.06607,-27.42988]},"geometry":{"type":"Polygon","coordinates":[[[153.0718,-27.4311],[153.078,-27.4317],[153.0784,-27.4292],[153.079,-27.4293],[153.0797,-27.4273],[153.08,-27.4246],[153.073,-27.4237],[153.0726,-27.4261],[153.0653,-27.425],[153.0632,-27.4265],[153.0633,-27.4236],[153.0592,-27.4231],[153.058,-27.4302],[153.0506,-27.4292],[153.0501,-27.43],[153.0513,-27.4303],[153.0512,-27.4332],[153.055,-27.4341],[153.0552,-27.4334],[153.0581,-27.4338],[153.0579,-27.4348],[153.0698,-27.4368],[153.071,-27.4364],[153.0718,-27.4311]]]}},{"type":"Feature","properties":{"name":"Ashgrove","code":"305041132","centroid":[152.98186,-27.44431]},"geometry":{"type":"Polygon","coordinates":[[[152.9818,-27.4379],[152.9762,-27.4369],[152.9754,-27.4408],[152.9729,-27.4402],[152.9716,-27.4421],[152.9632,-27.441],[152.9623,-27.4464],[152.9652,-27.4473],[152.9656,-27.4483],[152.965,-27.4515],[152.963,-27.4512],[152.959,-27.4546],[152.9583,-27.458],[152.9684,-27.4592],[152.969,-27.4561],[152.9672,-27.4558],[152.9678,-27.4529],[152.9707,-27.4537],[152.9727,-27.4526],[152.975,-27.4533],[152.9761,-27.4547],[152.9779,-27.4549],[152.9789,-27.4517],[152.9838,-27.4495],[152.9857,-27.4473],[152.9873,-27.4487],[152.9888,-27.448],[152.9892,-27.449],[152.9903,-27.4493],[152.9951,-27.4488],[152.9947,-27.4474],[152.9964,-27.4462],[152.9979,-27.4473],[152.9974,-27.4488],[152.9989,-27.4484],[153.0002,-27.4491],[153.0008,-27.448],[153.0004,-27.4464],[153.002,-27.4451],[153.0013,-27.4438],[153.0028,-27.4425],[153.0012,-27.4401],[153.0023,-27.4392],[153.0056,-27.4397],[153.0065,-27.438],[153.0058,-27.4362],[153.0048,-27.4366],[153.004,-27.4357],[153.0005,-27.4356],[153.0003,-27.4364],[152.9993,-27.4362],[152.9987,-27.4368],[152.9992,-27.4372],[152.9983,-27.4376],[152.9941,-27.4366],[152.9949,-27.4315],[152.9927,-27.4321],[152.989,-27.4316],[152.9892,-27.431],[152.9871,-27.4312],[152.9871,-27.4317],[152.9839,-27.4309],[152.9826,-27.438],[152.9818,-27.4379]]]}},{"type":"Feature","properties":{"name":"Aspley","code":"302021027","centroid":[153.0184,-27.36685]},"geometry":{"type":"Polygon","coordinates":[[[153.0152,-27.3583],[153.014,-27.3581],[153.0119,-27.3589],[153.011,-27.3601],[153.0098,-27.3595],[153.0092,-27.3602],[153.0076,-27.3594],[153.0079,-27.3584],[153.0069,-27.3572],[153.0059,-27.3574],[153.0047,-27.3568],[153.0011,-27.3776],[153.0024,-27.3776],[153.0049,-27.3745],[153.0074,-27.3759],[153.0078,-27.3754],[153.0141,-27.3764],[153.0169,-27.375],[153.0235,-27.3759],[153.0243,-27.3742],[153.0275,-27.3765],[153.0295,-27.379],[153.0326,-27.3781],[153.0354,-27.3742],[153.0368,-27.3668],[153.0264,-27.3653],[153.0279,-27.3579],[153.0265,-27.3577],[153.0272,-27.3534],[153.0259,-27.3539],[153.0248,-27.3528],[153.0233,-27.3531],[153.0208,-27.3523],[153.0203,-27.353],[153.0184,-27.353],[153.0165,-27.3544],[153.0163,-27.3559],[153.0149,-27.3566],[153.0147,-27.3577],[153.0152,-27.3583]]]}},{"type":"Feature","properties":{"name":"Auchenflower","code":"305041133","centroid":[152.99521,-27.4739]},"geometry":{"type":"Polygon","coordinates":[[[152.989,-27.4716],[152.9881,-27.4759],[152.9898,-27.4762],[152.991,-27.4774],[152.9918,-27.4767],[152.9922,-27.4772],[152.9917,-27.4775],[152.9931,-27.4787],[152.9925,-27.4791],[152.993,-27.4796],[152.9955,-27.4776],[152.9964,-27.4787],[152.9965,-27.48],[152.998,-27.4807],[153.0033,-27.4755],[153.002,-27.4742],[152.9994,-27.4731],[153.0003,-27.4722],[152.9998,-27.4706],[152.9982,-27.4689],[152.9987,-27.4681],[152.9963,-27.4687],[152.9932,-27.4682],[152.993,-27.4691],[152.9892,-27.4686],[152.9886,-27.4704],[152.9891,-27.4706],[152.989,-27.4716]]]}},{"type":"Feature","properties":{"name":"Augustine Heights - Brookwater","code":"310041565","centroid":[152.88749,-27.66148]},"geometry":{"type":"Polygon","coordinates":[[[152.8736,-27.6538],[152.8733,-27.6532],[152.8704,-27.6538],[152.8672,-27.6725],[152.8706,-27.6731],[152.8696,-27.6748],[152.8703,-27.6759],[152.8808,-27.6719],[152.8847,-27.6712],[152.8882,-27.6715],[152.9008,-27.6751],[152.9052,-27.6746],[152.907,-27.6689],[152.9088,-27.6668],[152.9075,-27.662],[152.906,-27.6611],[152.9037,-27.661],[152.9031,-27.6577],[152.902,-27.6562],[152.8993,-27.6562],[152.9005,-27.6541],[152.8996,-27.6528],[152.8997,-27.6504],[152.8978,-27.6489],[152.8991,-27.6471],[152.8976,-27.6467],[152.8982,-27.6454],[152.8973,-27.6429],[152.8964,-27.6436],[152.8967,-27.647],[152.8953,-27.6455],[152.8943,-27.6454],[152.8937,-27.6435],[152.8931,-27.6452],[152.8923,-27.6453],[152.8924,-27.6459],[152.8904,-27.6473],[152.8895,-27.6473],[152.8885,-27.6455],[152.888,-27.6479],[152.8873,-27.6484],[152.8871,-27.6475],[152.8857,-27.6481],[152.8835,-27.6474],[152.8785,-27.6473],[152.8779,-27.6487],[152.8766,-27.6489],[152.877,-27.6494],[152.8753,-27.6522],[152.8736,-27.6538]]]}},{"type":"Feature","properties":{"name":"Bald Hills","code":"302011022","centroid":[153.01965,-27.30767]},"geometry":{"type":"Polygon","coordinates":[[[152.9972,-27.3063],[152.9968,-27.3078],[152.9956,-27.3086],[152.9968,-27.3091],[152.9959,-27.3106],[152.9976,-27.311],[152.9986,-27.3125],[152.9995,-27.3123],[152.9998,-27.3114],[152.9983,-27.3087],[152.9991,-27.3083],[153.0005,-27.3103],[153.0005,-27.3124],[153.0025,-27.3165],[153.0026,-27.3182],[153.002,-27.3186],[153.0025,-27.3196],[153.0007,-27.3201],[153.0018,-27.3216],[153.0001,-27.3211],[152.9999,-27.323],[152.9974,-27.3239],[152.9966,-27.3263],[152.9947,-27.3286],[152.995,-27.3301],[153.0037,-27.3314],[153.0084,-27.331],[153.0082,-27.3323],[153.0093,-27.3361],[153.0226,-27.3382],[153.019,-27.3332],[153.0134,-27.3223],[153.0183,-27.3226],[153.0197,-27.3152],[153.0181,-27.3149],[153.0202,-27.312],[153.0246,-27.3106],[153.0246,-27.3096],[153.0281,-27.3075],[153.0308,-27.3092],[153.0342,-27.3101],[153.0338,-27.3091],[153.0361,-27.3089],[153.0374,-27.3078],[153.0376,-27.3063],[153.037,-27.3037],[153.0379,-27.302],[153.0389,-27.3018],[153.042,-27.3029],[153.043,-27.3025],[153.0459,-27.2972],[153.0482,-27.2947],[153.0472,-27.2892],[153.0475,-27.2843],[153.0496,-27.2787],[153.0408,-27.2795],[153.0363,-27.2832],[153.0351,-27.2867],[153.0366,-27.293],[153.0363,-27.2948],[153.036,-27.2964],[153.0342,-27.2982],[153.0292,-27.2979],[153.023,-27.2931],[153.0192,-27.2912],[153.0158,-27.2875],[153.0146,-27.2885],[153.0135,-27.2935],[153.0121,-27.2966],[153.0086,-27.2979],[153.0095,-27.2994],[153.0126,-27.3007],[153.014,-27.3022],[153.0073,-27.3024],[153.0074,-27.3013],[153.0054,-27.3017],[153.0048,-27.3012],[153.0061,-27.2996],[153.0044,-27.2993],[153.0021,-27.302],[152.9973,-27.3021],[152.9972,-27.3063]]]}},{"type":"Feature","properties":{"name":"Balmoral","code":"305021113","centroid":[153.0676,-27.45612]},"geometry":{"type":"Polygon","coordinates":[[[153.062,-27.4536],[153.0609,-27.4593],[153.0632,-27.4597],[153.0637,-27.4627],[153.0671,-27.4632],[153.0678,-27.4604],[153.0716,-27.4611],[153.0723,-27.4577],[153.0729,-27.4578],[153.0728,-27.4593],[153.0742,-27.4595],[153.0746,-27.4574],[153.0758,-27.4576],[153.0761,-27.4557],[153.0736,-27.4552],[153.0717,-27.4513],[153.0693,-27.4502],[153.0651,-27.4498],[153.0624,-27.4518],[153.062,-27.4536]]]}},{"type":"Feature","properties":{"name":"Bardon","code":"305041134","centroid":[152.97924,-27.46102]},"geometry":{"type":"Polygon","coordinates":[[[152.9664,-27.4603],[152.9663,-27.461],[152.9643,-27.4602],[152.9633,-27.4613],[152.9653,-27.4628],[152.9659,-27.4627],[152.9654,-27.4656],[152.9671,-27.4655],[152.9694,-27.467],[152.9715,-27.4711],[152.9746,-27.4702],[152.977,-27.4715],[152.9795,-27.4714],[152.9818,-27.4722],[152.9833,-27.4707],[152.986,-27.4711],[152.9885,-27.4704],[152.9892,-27.4686],[152.993,-27.4691],[152.9932,-27.4682],[152.9924,-27.4681],[152.9929,-27.4656],[152.9888,-27.465],[152.9884,-27.4591],[152.9855,-27.4575],[152.9886,-27.4543],[152.9908,-27.4536],[152.9916,-27.449],[152.9899,-27.4493],[152.9888,-27.448],[152.9873,-27.4487],[152.9863,-27.4474],[152.9852,-27.4475],[152.9838,-27.4495],[152.9789,-27.4517],[152.9779,-27.4538],[152.9784,-27.4546],[152.9774,-27.455],[152.9758,-27.4546],[152.9744,-27.453],[152.9727,-27.4526],[152.9707,-27.4537],[152.9678,-27.4529],[152.9672,-27.4558],[152.969,-27.4561],[152.9685,-27.4591],[152.9666,-27.4588],[152.9664,-27.4603]]]}},{"type":"Feature","properties":{"name":"Beachmere - Sandstone Point","code":"313011362","centroid":[153.0634,-27.06303]},"geometry":{"type":"MultiPolygon","coordinates":[[[[153.0282,-27.0725],[153.0266,-27.0726],[153.0254,-27.0806],[153.0285,-27.0811],[153.0283,-27.0829],[153.0355,-27.0837],[153.0358,-27.085],[153.0349,-27.0882],[153.0361,-27.0905],[153.0383,-27.0915],[153.0311,-27.0905],[153.0298,-27.0978],[153.0258,-27.0973],[153.0271,-27.09],[153.0086,-27.0875],[153.006,-27.0895],[153.0059,-27.0903],[153.0055,-27.09],[153.012,-27.0991],[153.0135,-27.1047],[153.0124,-27.1052],[153.0127,-27.1075],[153.0077,-27.1084],[153.0055,-27.1113],[153.0033,-27.1118],[153.0028,-27.113],[153.004,-27.1148],[153.0088,-27.1154],[153.0091,-27.1144],[153.0086,-27.113],[153.0093,-27.112],[153.0112,-27.1135],[153.0127,-27.1134],[153.0126,-27.1099],[153.0133,-27.1089],[153.0158,-27.1082],[153.0177,-27.1093],[153.0199,-27.12],[153.0229,-27.125],[153.033,-27.1277],[153.0346,-27.1287],[153.0356,-27.1315],[153.0361,-27.1372],[153.0332,-27.1465],[153.0337,-27.1494],[153.0358,-27.1516],[153.0382,-27.1517],[153.043,-27.1514],[153.0484,-27.1446],[153.0556,-27.1282],[153.0601,-27.1209],[153.0632,-27.1173],[153.0628,-27.1163],[153.0637,-27.1142],[153.0668,-27.111],[153.0666,-27.112],[153.0682,-27.1116],[153.0692,-27.1091],[153.095,-27.0949],[153.1032,-27.0916],[153.1048,-27.09],[153.1093,-27.0881],[153.1082,-27.0879],[153.1086,-27.0875],[153.1188,-27.085],[153.1209,-27.0852],[153.1216,-27.0862],[153.124,-27.0868],[153.1273,-27.0864],[153.1299,-27.087],[153.1329,-27.0861],[153.1335,-27.0851],[153.1363,-27.0835],[153.1427,-27.0808],[153.142,-27.0785],[153.1442,-27.0756],[153.1421,-27.0734],[153.1382,-27.0719],[153.1364,-27.0699],[153.1374,-27.0691],[153.1369,-27.0687],[153.136,-27.0696],[153.1332,-27.0661],[153.131,-27.0658],[153.1261,-27.0628],[153.1249,-27.0633],[153.119,-27.0629],[153.1076,-27.0663],[153.101,-27.0651],[153.0989,-27.064],[153.1011,-27.0647],[153.1041,-27.0647],[153.1114,-27.0626],[153.1099,-27.0611],[153.1056,-27.0607],[153.0993,-27.0581],[153.0977,-27.0557],[153.096,-27.0548],[153.0967,-27.0533],[153.0988,-27.0557],[153.107,-27.058],[153.1111,-27.0568],[153.1123,-27.0558],[153.1126,-27.0542],[153.1117,-27.0506],[153.1086,-27.0487],[153.109,-27.0482],[153.1078,-27.0456],[153.1051,-27.0433],[153.1034,-27.0397],[153.1026,-27.0351],[153.0937,-27.0275],[153.089,-27.0259],[153.0849,-27.0272],[153.0837,-27.0262],[153.0837,-27.0224],[153.086,-27.02],[153.0858,-27.0183],[153.0846,-27.016],[153.0833,-27.015],[153.0814,-27.0157],[153.0779,-27.0141],[153.0728,-27.01],[153.0725,-27.0047],[153.0713,-27.0032],[153.0712,-27],[153.0693,-26.9986],[153.0668,-26.999],[153.0653,-26.9977],[153.0651,-26.9969],[153.0632,-26.9961],[153.0628,-26.9948],[153.0636,-26.9939],[153.0686,-26.9933],[153.0699,-26.9909],[153.0699,-26.9883],[153.0682,-26.9854],[153.0601,-26.98],[153.0552,-26.9806],[153.0527,-26.9751],[153.0517,-26.9746],[153.0496,-26.9751],[153.0428,-26.9695],[153.0428,-26.9716],[153.0455,-26.9733],[153.046,-26.9743],[153.045,-26.9806],[153.0487,-26.9813],[153.0489,-26.9829],[153.0393,-26.9897],[153.036,-26.989],[153.0358,-26.9877],[153.0349,-26.988],[153.033,-27.0013],[153.0312,-27.0042],[153.0294,-27.0144],[153.0282,-27.0174],[153.0255,-27.0171],[153.0236,-27.0279],[153.0269,-27.0285],[153.0263,-27.0297],[153.025,-27.0298],[153.0236,-27.0377],[153.0363,-27.0396],[153.0356,-27.0443],[153.0398,-27.0448],[153.0366,-27.063],[153.028,-27.0618],[153.0275,-27.0637],[153.0289,-27.0682],[153.0282,-27.0725]]],[[[153.1448,-27.0763],[153.1456,-27.0765],[153.1451,-27.0758],[153.1448,-27.0763]]],[[[153.0855,-27.0074],[153.0849,-27.0051],[153.081,-27.0015],[153.0787,-27.0019],[153.0775,-27.0044],[153.0772,-27.0069],[153.0779,-27.01],[153.0826,-27.0111],[153.0854,-27.0089],[153.0855,-27.0074]]],[[[153.1047,-27.0365],[153.1054,-27.0383],[153.1067,-27.039],[153.1083,-27.0389],[153.107,-27.0365],[153.1049,-27.036],[153.1047,-27.0365]]],[[[153.0743,-27.0009],[153.0751,-27.0017],[153.076,-27.0005],[153.0747,-26.9996],[153.0743,-27.0009]]],[[[153.1053,-27.065],[153.108,-27.0655],[153.1095,-27.0645],[153.1061,-27.0643],[153.1053,-27.065]]]]}},{"type":"Feature","properties":{"name":"Beaudesert","code":"311011305","centroid":[152.91924,-28.13768]},"geometry":{"type":"Polygon","coordinates":[[[152.8022,-28.0343],[152.7841,-28.0458],[152.7805,-28.0414],[152.7673,-28.05],[152.7764,-28.0611],[152.7771,-28.0633],[152.7707,-28.0622],[152.7703,-28.0642],[152.7541,-28.0615],[152.7474,-28.0915],[152.7493,-28.0918],[152.7468,-28.1039],[152.7185,-28.1226],[152.7327,-28.1245],[152.7277,-28.1278],[152.7316,-28.1327],[152.7328,-28.1329],[152.7327,-28.1337],[152.7358,-28.1369],[152.7387,-28.1387],[152.7408,-28.1386],[152.7402,-28.1377],[152.7416,-28.1371],[152.743,-28.1386],[152.7443,-28.1385],[152.7465,-28.1405],[152.7374,-28.1465],[152.736,-28.146],[152.7349,-28.1448],[152.732,-28.144],[152.7267,-28.1462],[152.7429,-28.1658],[152.7422,-28.1677],[152.7459,-28.1698],[152.7445,-28.1772],[152.7504,-28.178],[152.7499,-28.1804],[152.7475,-28.1796],[152.7456,-28.1896],[152.7439,-28.1894],[152.7425,-28.1973],[152.7396,-28.1969],[152.7367,-28.201],[152.7252,-28.1993],[152.72,-28.2174],[152.7172,-28.2318],[152.7222,-28.2325],[152.7214,-28.237],[152.7192,-28.2387],[152.7162,-28.2388],[152.7157,-28.2414],[152.7144,-28.244],[152.7127,-28.2432],[152.7115,-28.24],[152.7099,-28.2395],[152.7086,-28.2429],[152.7008,-28.2467],[152.6975,-28.2522],[152.6968,-28.2549],[152.6945,-28.2557],[152.6921,-28.2609],[152.6902,-28.2625],[152.689,-28.2621],[152.6879,-28.2591],[152.684,-28.2598],[152.6819,-28.2576],[152.6805,-28.2574],[152.6784,-28.2585],[152.6792,-28.2604],[152.6778,-28.2634],[152.6719,-28.2632],[152.6682,-28.2647],[152.6663,-28.2641],[152.664,-28.2645],[152.6626,-28.2629],[152.6607,-28.2651],[152.6606,-28.2664],[152.6594,-28.2667],[152.658,-28.2658],[152.6572,-28.266],[152.6568,-28.2682],[152.6551,-28.2665],[152.6543,-28.2666],[152.6548,-28.2688],[152.6519,-28.2727],[152.6525,-28.2745],[152.6509,-28.2757],[152.6507,-28.2786],[152.6489,-28.2822],[152.6495,-28.283],[152.6483,-28.2843],[152.6487,-28.2862],[152.6478,-28.2879],[152.6479,-28.2907],[152.6496,-28.2914],[152.6498,-28.2929],[152.651,-28.294],[152.6526,-28.2974],[152.6519,-28.2982],[152.6522,-28.2988],[152.6563,-28.2992],[152.6581,-28.3001],[152.6583,-28.3009],[152.6595,-28.3006],[152.6619,-28.3018],[152.6637,-28.3043],[152.6638,-28.3058],[152.6659,-28.307],[152.6671,-28.3099],[152.6666,-28.3116],[152.6675,-28.3117],[152.6682,-28.3138],[152.6718,-28.3153],[152.6736,-28.318],[152.6738,-28.3234],[152.6733,-28.3245],[152.674,-28.3263],[152.6764,-28.3276],[152.6795,-28.3306],[152.6816,-28.3297],[152.6842,-28.3298],[152.6847,-28.3289],[152.6864,-28.3291],[152.6876,-28.3307],[152.6875,-28.3324],[152.6884,-28.3348],[152.6924,-28.3368],[152.6952,-28.3369],[152.6986,-28.3357],[152.7013,-28.338],[152.7041,-28.3384],[152.7046,-28.341],[152.7076,-28.3443],[152.7129,-28.3414],[152.7155,-28.3434],[152.7199,-28.3452],[152.7228,-28.344],[152.727,-28.3491],[152.7309,-28.3523],[152.7316,-28.3543],[152.7332,-28.3545],[152.7341,-28.3534],[152.737,-28.3551],[152.7403,-28.3592],[152.7465,-28.3607],[152.7509,-28.3639],[152.757,-28.3636],[152.761,-28.3602],[152.7619,-28.3583],[152.7601,-28.3562],[152.7582,-28.3551],[152.7598,-28.3525],[152.765,-28.3511],[152.7774,-28.346],[152.7793,-28.3467],[152.7817,-28.3467],[152.785,-28.3489],[152.7867,-28.3492],[152.7879,-28.3512],[152.7917,-28.3521],[152.7934,-28.354],[152.798,-28.3529],[152.7999,-28.3539],[152.8043,-28.3536],[152.8059,-28.3515],[152.8091,-28.3506],[152.8086,-28.3472],[152.8093,-28.3441],[152.8088,-28.3427],[152.8093,-28.3421],[152.8116,-28.3413],[152.8123,-28.3407],[152.8125,-28.3392],[152.816,-28.3374],[152.8186,-28.335],[152.8197,-28.3356],[152.8231,-28.3355],[152.8246,-28.3322],[152.8237,-28.3289],[152.8245,-28.3274],[152.8258,-28.3275],[152.8283,-28.3247],[152.8286,-28.3229],[152.8314,-28.3197],[152.8336,-28.3199],[152.8355,-28.3214],[152.8388,-28.3221],[152.8402,-28.3216],[152.8437,-28.3196],[152.8444,-28.3179],[152.8454,-28.3177],[152.8474,-28.3155],[152.8494,-28.3112],[152.8518,-28.3112],[152.8547,-28.3128],[152.8568,-28.3123],[152.8577,-28.3114],[152.8596,-28.3115],[152.8658,-28.3136],[152.8755,-28.3124],[152.8781,-28.3117],[152.8797,-28.3099],[152.8804,-28.3098],[152.8827,-28.3133],[152.8849,-28.3138],[152.8873,-28.3155],[152.8891,-28.3154],[152.8909,-28.3173],[152.8934,-28.3179],[152.894,-28.3196],[152.8999,-28.3254],[152.9085,-28.3263],[152.911,-28.3283],[152.9154,-28.3304],[152.9234,-28.3316],[152.9283,-28.3349],[152.9315,-28.3358],[152.9343,-28.3377],[152.9392,-28.3348],[152.943,-28.3347],[152.9451,-28.3357],[152.9485,-28.3349],[152.9507,-28.3336],[152.9542,-28.334],[152.959,-28.3335],[152.9627,-28.3321],[152.9656,-28.3326],[152.9732,-28.3318],[152.9782,-28.3337],[152.9836,-28.3381],[152.986,-28.338],[152.9898,-28.3366],[152.9914,-28.3373],[152.9925,-28.3386],[152.9945,-28.3389],[152.9961,-28.34],[153.0002,-28.3403],[153.0032,-28.3397],[153.008,-28.3403],[153.009,-28.3357],[153.0205,-28.3371],[153.0214,-28.3333],[153.0245,-28.3338],[153.0251,-28.3312],[153.0365,-28.3332],[153.0389,-28.3228],[153.0344,-28.3217],[153.0315,-28.3219],[153.0305,-28.3213],[153.03,-28.3205],[153.0318,-28.3126],[153.0258,-28.3105],[153.052,-28.2996],[153.0528,-28.301],[153.063,-28.3024],[153.0631,-28.3013],[153.0691,-28.3021],[153.0699,-28.2969],[153.0789,-28.2986],[153.0783,-28.302],[153.0897,-28.3037],[153.0915,-28.294],[153.093,-28.2934],[153.0935,-28.2922],[153.0952,-28.293],[153.098,-28.2926],[153.099,-28.2932],[153.1006,-28.2926],[153.1013,-28.2878],[153.0981,-28.2874],[153.0958,-28.2817],[153.0971,-28.2745],[153.1003,-28.275],[153.1008,-28.2726],[153.1002,-28.2689],[153.1046,-28.2697],[153.106,-28.2618],[153.1092,-28.2621],[153.1095,-28.2626],[153.1107,-28.2563],[153.098,-28.2524],[153.0988,-28.2484],[153.0931,-28.2475],[153.0937,-28.244],[153.0965,-28.2447],[153.0982,-28.2369],[153.0965,-28.2361],[153.0928,-28.2317],[153.0951,-28.2196],[153.0893,-28.2188],[153.0875,-28.2287],[153.084,-28.2275],[153.0837,-28.226],[153.0826,-28.2251],[153.0878,-28.1983],[153.0699,-28.1954],[153.0706,-28.1918],[153.0659,-28.1911],[153.0671,-28.185],[153.072,-28.1864],[153.0786,-28.1867],[153.0806,-28.1884],[153.0816,-28.1839],[153.0924,-28.1857],[153.0909,-28.1944],[153.0942,-28.1948],[153.0935,-28.1988],[153.1065,-28.2007],[153.1072,-28.1969],[153.1046,-28.1966],[153.106,-28.1891],[153.0985,-28.188],[153.1009,-28.1766],[153.1016,-28.1784],[153.1032,-28.179],[153.1038,-28.1801],[153.1087,-28.1814],[153.1093,-28.1832],[153.1134,-28.1862],[153.1143,-28.1876],[153.1136,-28.1908],[153.1152,-28.1911],[153.1161,-28.1891],[153.1175,-28.1878],[153.1163,-28.1863],[153.116,-28.1842],[153.1183,-28.1847],[153.1195,-28.1861],[153.1228,-28.185],[153.121,-28.1834],[153.1184,-28.1788],[153.1177,-28.1788],[153.1163,-28.1743],[153.1147,-28.1727],[153.1151,-28.1724],[153.1165,-28.1732],[153.1174,-28.172],[153.118,-28.1692],[153.119,-28.1692],[153.1192,-28.1702],[153.1227,-28.1668],[153.1225,-28.1645],[153.1236,-28.1644],[153.1247,-28.1625],[153.1246,-28.1635],[153.1259,-28.1629],[153.1248,-28.1624],[153.1254,-28.16],[153.1224,-28.1573],[153.1224,-28.1559],[153.1237,-28.1557],[153.1208,-28.1538],[153.1179,-28.1533],[153.1169,-28.1516],[153.1156,-28.1508],[153.1154,-28.1496],[153.1136,-28.1489],[153.1139,-28.1471],[153.1129,-28.1463],[153.1146,-28.1434],[153.1124,-28.1422],[153.1136,-28.1407],[153.1108,-28.138],[153.11,-28.1349],[153.1104,-28.1329],[153.1062,-28.1284],[153.1052,-28.123],[153.106,-28.1197],[153.1048,-28.1168],[153.1062,-28.1123],[153.1038,-28.108],[153.1047,-28.1053],[153.1069,-28.1036],[153.1022,-28.1029],[153.1039,-28.095],[153.103,-28.0937],[153.1011,-28.0927],[153.098,-28.0922],[153.1002,-28.0808],[153.098,-28.0805],[153.0978,-28.0781],[153.0962,-28.0753],[153.0956,-28.0706],[153.0959,-28.0693],[153.0975,-28.0682],[153.0993,-28.0652],[153.0969,-28.0649],[153.0976,-28.0609],[153.1007,-28.0613],[153.1017,-28.0572],[153.1047,-28.0529],[153.1027,-28.0526],[153.1101,-28.0492],[153.1137,-28.0455],[153.1153,-28.0428],[153.1196,-28.0399],[153.1218,-28.0373],[153.1235,-28.0332],[153.1261,-28.0304],[153.1349,-28.0267],[153.1391,-28.0207],[153.1398,-28.0137],[153.1385,-28.0103],[153.1397,-28.0041],[153.138,-28.0038],[153.138,-27.9985],[153.1369,-27.994],[153.1385,-27.9937],[153.1398,-27.9866],[153.1414,-27.9853],[153.1422,-27.9832],[153.1412,-27.9825],[153.1425,-27.981],[153.1428,-27.9776],[153.1422,-27.9748],[153.1402,-27.9719],[153.1383,-27.9676],[153.1214,-27.9582],[153.1149,-27.9553],[153.1077,-27.9535],[153.1074,-27.9577],[153.1043,-27.9655],[153.1034,-27.9667],[153.0993,-27.9659],[153.0882,-27.9572],[153.0853,-27.9541],[153.0871,-27.9525],[153.0918,-27.9555],[153.0943,-27.9538],[153.0931,-27.9504],[153.0914,-27.9486],[153.0906,-27.9484],[153.088,-27.9497],[153.0865,-27.9484],[153.0879,-27.9425],[153.091,-27.9415],[153.0894,-27.9394],[153.0946,-27.9392],[153.0907,-27.9358],[153.0912,-27.9342],[153.0929,-27.9329],[153.0922,-27.9321],[153.0897,-27.9323],[153.0882,-27.9356],[153.087,-27.9362],[153.0849,-27.9334],[153.0819,-27.9325],[153.0769,-27.9336],[153.0753,-27.9342],[153.0752,-27.9357],[153.0698,-27.9374],[153.0702,-27.9384],[153.0697,-27.9386],[153.0579,-27.9367],[153.058,-27.936],[153.052,-27.9364],[153.0474,-27.9356],[153.0486,-27.9286],[153.0478,-27.9285],[153.0486,-27.9238],[153.04,-27.9229],[153.0361,-27.9169],[153.034,-27.9179],[153.0322,-27.9173],[153.031,-27.9157],[153.0315,-27.9093],[153.0306,-27.9084],[153.0322,-27.904],[153.0315,-27.9026],[153.0303,-27.902],[153.0263,-27.9022],[153.0233,-27.9009],[153.0209,-27.9013],[153.0175,-27.9001],[153.0153,-27.9008],[153.0136,-27.9064],[153.0133,-27.9097],[153.0142,-27.9118],[153.0127,-27.9206],[153.0043,-27.9195],[153.0012,-27.9182],[152.9996,-27.9164],[152.9906,-27.9152],[152.9881,-27.9143],[152.9846,-27.9119],[152.9826,-27.9241],[152.9603,-27.9209],[152.9597,-27.9214],[152.9591,-27.9202],[152.9602,-27.9171],[152.9594,-27.9131],[152.9582,-27.9119],[152.9549,-27.9116],[152.9556,-27.91],[152.9536,-27.9086],[152.9528,-27.9064],[152.9533,-27.9044],[152.9548,-27.903],[152.9534,-27.9011],[152.9493,-27.9016],[152.9493,-27.9002],[152.9471,-27.8964],[152.9482,-27.8951],[152.9501,-27.895],[152.9503,-27.8936],[152.9515,-27.8921],[152.951,-27.8902],[152.9514,-27.886],[152.9501,-27.882],[152.9479,-27.8807],[152.9461,-27.8774],[152.9439,-27.8683],[152.9319,-27.8665],[152.9307,-27.8661],[152.9285,-27.8636],[152.9235,-27.863],[152.9287,-27.8869],[152.9075,-27.8836],[152.901,-27.8911],[152.9017,-27.8937],[152.9035,-27.896],[152.9037,-27.8973],[152.9017,-27.8972],[152.8986,-27.895],[152.897,-27.8951],[152.8953,-27.9007],[152.8977,-27.903],[152.8982,-27.9043],[152.8968,-27.9061],[152.8974,-27.9081],[152.8948,-27.9086],[152.8928,-27.9062],[152.8913,-27.9058],[152.8896,-27.9082],[152.8879,-27.9094],[152.887,-27.9083],[152.8865,-27.9055],[152.8852,-27.905],[152.8842,-27.9053],[152.8832,-27.9084],[152.8808,-27.909],[152.8799,-27.9101],[152.8764,-27.9099],[152.8768,-27.9124],[152.8821,-27.9167],[152.8817,-27.9178],[152.8795,-27.9197],[152.877,-27.9195],[152.8753,-27.9175],[152.8731,-27.9183],[152.8743,-27.9212],[152.8774,-27.9226],[152.8788,-27.9224],[152.8798,-27.9252],[152.8795,-27.9289],[152.8777,-27.9332],[152.878,-27.9344],[152.877,-27.9347],[152.8766,-27.937],[152.8614,-27.9443],[152.8587,-27.9428],[152.8578,-27.943],[152.8567,-27.9443],[152.8571,-27.9462],[152.8505,-27.9507],[152.8457,-27.9503],[152.8431,-27.9508],[152.8414,-27.9502],[152.8385,-27.9507],[152.8375,-27.9518],[152.8279,-27.9522],[152.8257,-27.9536],[152.8221,-27.9541],[152.818,-27.9561],[152.8134,-27.9612],[152.8081,-27.9627],[152.8075,-27.9636],[152.8059,-27.9636],[152.8047,-27.9646],[152.7985,-27.9654],[152.7972,-27.9666],[152.7965,-27.9688],[152.7967,-27.971],[152.7918,-27.9752],[152.7906,-27.9787],[152.7875,-27.9825],[152.7882,-27.9836],[152.7812,-27.983],[152.7803,-27.9844],[152.7949,-28.0027],[152.7961,-28.002],[152.7977,-28.0023],[152.8163,-28.0253],[152.8022,-28.0343]]]}},{"type":"Feature","properties":{"name":"Beenleigh","code":"311021306","centroid":[153.1936,-27.71516]},"geometry":{"type":"Polygon","coordinates":[[[153.1821,-27.7051],[153.1787,-27.724],[153.1738,-27.7233],[153.1731,-27.7262],[153.1756,-27.7273],[153.1809,-27.7274],[153.184,-27.7296],[153.1853,-27.7298],[153.1863,-27.7288],[153.1889,-27.7297],[153.1904,-27.7293],[153.1907,-27.7286],[153.1923,-27.7286],[153.1951,-27.7215],[153.2094,-27.7243],[153.2199,-27.7254],[153.2106,-27.7175],[153.204,-27.7067],[153.1971,-27.7004],[153.1949,-27.6962],[153.1919,-27.696],[153.1891,-27.6975],[153.1894,-27.6984],[153.1926,-27.7001],[153.1936,-27.7016],[153.1935,-27.7035],[153.1905,-27.7036],[153.1856,-27.7016],[153.1831,-27.6997],[153.1821,-27.7051]]]}},{"type":"Feature","properties":{"name":"Bellbird Park","code":"310041566","centroid":[152.88665,-27.63672]},"geometry":{"type":"Polygon","coordinates":[[[152.8738,-27.6339],[152.8704,-27.6538],[152.8733,-27.6532],[152.8737,-27.6537],[152.8753,-27.6522],[152.877,-27.6494],[152.8766,-27.6489],[152.8779,-27.6487],[152.8785,-27.6473],[152.8835,-27.6474],[152.8857,-27.6481],[152.8871,-27.6475],[152.8873,-27.6484],[152.888,-27.6479],[152.8886,-27.6455],[152.8895,-27.6473],[152.8904,-27.6473],[152.8924,-27.6459],[152.8923,-27.6453],[152.8931,-27.6452],[152.8941,-27.6419],[152.8959,-27.6406],[152.8969,-27.6383],[152.8971,-27.6416],[152.8981,-27.6419],[152.8987,-27.6391],[152.9009,-27.6369],[152.9024,-27.636],[152.9042,-27.6363],[152.9076,-27.6337],[152.9078,-27.6328],[152.9075,-27.6323],[152.9057,-27.6331],[152.9036,-27.6321],[152.9034,-27.6304],[152.9015,-27.6265],[152.9017,-27.6257],[152.9032,-27.625],[152.8927,-27.6234],[152.8908,-27.6271],[152.8861,-27.6279],[152.8751,-27.6264],[152.8738,-27.6339]]]}},{"type":"Feature","properties":{"name":"Bellbowrie - Moggill","code":"304021086","centroid":[152.87922,-27.57303]},"geometry":{"type":"Polygon","coordinates":[[[152.8606,-27.5623],[152.8609,-27.5649],[152.8557,-27.5641],[152.856,-27.5652],[152.8496,-27.5667],[152.8549,-27.5787],[152.8557,-27.5832],[152.8563,-27.5959],[152.8569,-27.5969],[152.8602,-27.598],[152.8622,-27.5973],[152.8641,-27.5944],[152.8699,-27.581],[152.8717,-27.5796],[152.8742,-27.5791],[152.877,-27.5803],[152.8905,-27.5918],[152.896,-27.6013],[152.8998,-27.6025],[152.903,-27.6024],[152.906,-27.6013],[152.9061,-27.5985],[152.9051,-27.596],[152.9017,-27.591],[152.9002,-27.5903],[152.897,-27.5867],[152.8938,-27.5778],[152.895,-27.5747],[152.8993,-27.5704],[152.9019,-27.5668],[152.8958,-27.563],[152.8945,-27.5607],[152.8968,-27.5592],[152.9063,-27.556],[152.9065,-27.5545],[152.906,-27.553],[152.9039,-27.5501],[152.903,-27.5506],[152.9015,-27.5542],[152.8992,-27.5552],[152.8983,-27.5529],[152.8977,-27.5528],[152.8967,-27.5541],[152.896,-27.5528],[152.8949,-27.553],[152.893,-27.5503],[152.892,-27.5512],[152.8909,-27.5513],[152.8911,-27.5501],[152.8899,-27.5493],[152.8889,-27.5496],[152.8876,-27.5487],[152.8791,-27.5474],[152.8777,-27.5544],[152.8756,-27.554],[152.8744,-27.5563],[152.8702,-27.5589],[152.8669,-27.5593],[152.8603,-27.5583],[152.8606,-27.5623]]]}},{"type":"Feature","properties":{"name":"Belmont - Gumdale","code":"301011002","centroid":[153.15863,-27.50706]},"geometry":{"type":"Polygon","coordinates":[[[153.1714,-27.4855],[153.1671,-27.4849],[153.1666,-27.4873],[153.1672,-27.4902],[153.1687,-27.4933],[153.145,-27.4896],[153.1415,-27.4858],[153.1409,-27.489],[153.1367,-27.4885],[153.1338,-27.4893],[153.1366,-27.4863],[153.1265,-27.4848],[153.1274,-27.4826],[153.1247,-27.4822],[153.1226,-27.48],[153.1217,-27.4798],[153.1214,-27.4809],[153.1209,-27.4804],[153.1187,-27.4817],[153.1254,-27.4938],[153.1261,-27.4964],[153.1245,-27.5046],[153.126,-27.5129],[153.1253,-27.5204],[153.123,-27.532],[153.1408,-27.5345],[153.142,-27.5279],[153.164,-27.531],[153.166,-27.5304],[153.1659,-27.5293],[153.1671,-27.5294],[153.169,-27.5302],[153.1692,-27.5317],[153.176,-27.5331],[153.1801,-27.5297],[153.1822,-27.5301],[153.1856,-27.5285],[153.1858,-27.5275],[153.184,-27.5226],[153.1854,-27.5206],[153.1883,-27.5182],[153.1895,-27.5177],[153.1934,-27.5181],[153.1938,-27.5153],[153.1968,-27.5165],[153.201,-27.5144],[153.2012,-27.5122],[153.1989,-27.5121],[153.1975,-27.5101],[153.1945,-27.5113],[153.1941,-27.5108],[153.195,-27.5098],[153.1944,-27.5086],[153.1905,-27.5085],[153.19,-27.5079],[153.1914,-27.5063],[153.188,-27.5038],[153.1862,-27.5043],[153.1878,-27.5027],[153.1874,-27.501],[153.1864,-27.5012],[153.1852,-27.5028],[153.1843,-27.5023],[153.1863,-27.5003],[153.1858,-27.4982],[153.188,-27.4951],[153.1894,-27.4943],[153.1919,-27.4953],[153.1926,-27.4951],[153.1917,-27.4922],[153.1876,-27.4911],[153.1866,-27.4866],[153.1881,-27.484],[153.1971,-27.4811],[153.1976,-27.4799],[153.1971,-27.4741],[153.194,-27.476],[153.1895,-27.4761],[153.1884,-27.4743],[153.1868,-27.4742],[153.1852,-27.4728],[153.1842,-27.4735],[153.184,-27.4749],[153.178,-27.4761],[153.1748,-27.4776],[153.1728,-27.4797],[153.1764,-27.4803],[153.1759,-27.483],[153.1731,-27.4826],[153.1717,-27.4838],[153.1714,-27.4855]]]}},{"type":"Feature","properties":{"name":"Bethania - Waterford","code":"311051323","centroid":[153.14878,-27.69856]},"geometry":{"type":"Polygon","coordinates":[[[153.1531,-27.6769],[153.1481,-27.6795],[153.1407,-27.6763],[153.1397,-27.6777],[153.1405,-27.6817],[153.1483,-27.6862],[153.1496,-27.6881],[153.1388,-27.6919],[153.1411,-27.696],[153.1462,-27.7005],[153.1468,-27.7041],[153.1461,-27.7061],[153.1413,-27.708],[153.1368,-27.7035],[153.13,-27.7006],[153.1284,-27.6986],[153.1278,-27.6953],[153.1263,-27.6949],[153.1254,-27.6972],[153.1248,-27.7044],[153.1226,-27.7092],[153.1224,-27.7151],[153.1592,-27.7207],[153.1579,-27.7169],[153.1599,-27.7123],[153.1598,-27.7102],[153.1608,-27.7092],[153.1597,-27.7037],[153.1578,-27.6993],[153.1614,-27.6998],[153.1633,-27.6969],[153.1635,-27.6953],[153.1646,-27.6954],[153.1646,-27.6942],[153.1689,-27.6947],[153.1701,-27.6915],[153.1699,-27.6899],[153.1694,-27.6875],[153.1669,-27.6835],[153.1663,-27.6791],[153.1629,-27.6712],[153.1607,-27.6713],[153.1531,-27.6769]]]}},{"type":"Feature","properties":{"name":"Birkdale","code":"301011003","centroid":[153.21071,-27.49968]},"geometry":{"type":"Polygon","coordinates":[[[153.2121,-27.4888],[153.2125,-27.4899],[153.2083,-27.491],[153.2089,-27.4926],[153.2015,-27.4915],[153.1964,-27.4889],[153.1867,-27.4875],[153.1876,-27.4911],[153.1915,-27.492],[153.1927,-27.4948],[153.192,-27.4953],[153.1894,-27.4943],[153.188,-27.4951],[153.1858,-27.4982],[153.1863,-27.5003],[153.1846,-27.5017],[153.1844,-27.5027],[153.1852,-27.5028],[153.1864,-27.5012],[153.1874,-27.501],[153.1878,-27.5027],[153.1861,-27.5041],[153.188,-27.5038],[153.1914,-27.5063],[153.19,-27.5079],[153.1905,-27.5085],[153.1944,-27.5086],[153.195,-27.5098],[153.1941,-27.5108],[153.1945,-27.5113],[153.1975,-27.5101],[153.1989,-27.5121],[153.2012,-27.5122],[153.2012,-27.5142],[153.2063,-27.5152],[153.2071,-27.5134],[153.2126,-27.5142],[153.2129,-27.5127],[153.2278,-27.5154],[153.2281,-27.5135],[153.2295,-27.5137],[153.2304,-27.5084],[153.2314,-27.5085],[153.2315,-27.508],[153.2302,-27.5076],[153.2279,-27.505],[153.228,-27.5036],[153.2302,-27.502],[153.2307,-27.4995],[153.2287,-27.4991],[153.2295,-27.4936],[153.2282,-27.4895],[153.2292,-27.4892],[153.2268,-27.4827],[153.2221,-27.4832],[153.2195,-27.4824],[153.2196,-27.4829],[153.2188,-27.4829],[153.218,-27.4813],[153.213,-27.4824],[153.2097,-27.4823],[153.2104,-27.4856],[153.2109,-27.4856],[153.2121,-27.4888]]]}},{"type":"Feature","properties":{"name":"Boonah","code":"310021277","centroid":[152.61246,-27.99438]},"geometry":{"type":"Polygon","coordinates":[[[152.4159,-27.9446],[152.4113,-27.9478],[152.4102,-27.9505],[152.4082,-27.9522],[152.405,-27.9537],[152.4047,-27.9553],[152.4022,-27.9592],[152.4029,-27.9621],[152.4013,-27.9678],[152.4014,-27.9722],[152.3995,-27.974],[152.397,-27.9749],[152.3947,-27.9775],[152.3929,-27.9767],[152.3912,-27.9748],[152.3891,-27.9741],[152.3864,-27.9751],[152.3828,-27.9788],[152.3839,-27.9832],[152.3809,-27.9861],[152.378,-27.9906],[152.378,-27.9993],[152.3763,-28.0059],[152.3768,-28.0078],[152.3759,-28.0114],[152.3749,-28.0125],[152.3815,-28.021],[152.383,-28.0247],[152.3903,-28.0309],[152.3891,-28.0354],[152.3882,-28.036],[152.3934,-28.0417],[152.3943,-28.0441],[152.3938,-28.0466],[152.395,-28.049],[152.39,-28.0595],[152.3976,-28.0617],[152.3994,-28.0627],[152.4009,-28.0646],[152.4067,-28.0666],[152.4106,-28.0688],[152.4163,-28.0698],[152.4164,-28.0737],[152.4147,-28.0787],[152.4165,-28.0813],[152.4184,-28.0864],[152.4185,-28.0885],[152.4171,-28.0907],[152.4124,-28.0924],[152.4108,-28.0936],[152.4094,-28.0958],[152.4083,-28.0995],[152.4117,-28.1057],[152.4117,-28.1139],[152.4139,-28.1163],[152.4196,-28.1191],[152.4215,-28.1244],[152.4238,-28.126],[152.4261,-28.1291],[152.434,-28.131],[152.4334,-28.1324],[152.4336,-28.1362],[152.432,-28.1426],[152.4338,-28.1438],[152.4349,-28.1475],[152.4344,-28.1508],[152.4355,-28.1531],[152.4355,-28.1563],[152.4373,-28.1578],[152.4384,-28.1602],[152.4401,-28.1614],[152.4438,-28.1633],[152.4465,-28.1639],[152.4467,-28.1664],[152.4445,-28.17],[152.4418,-28.1777],[152.4421,-28.179],[152.4443,-28.1809],[152.4454,-28.1843],[152.4473,-28.1866],[152.4476,-28.1893],[152.4506,-28.1904],[152.4558,-28.1956],[152.4582,-28.1944],[152.463,-28.1953],[152.4683,-28.1951],[152.4698,-28.1942],[152.4709,-28.195],[152.4707,-28.2003],[152.4724,-28.202],[152.472,-28.2033],[152.4732,-28.2044],[152.4732,-28.2053],[152.4721,-28.2068],[152.4705,-28.2076],[152.4698,-28.2107],[152.4674,-28.2126],[152.4656,-28.2168],[152.4602,-28.2184],[152.4582,-28.221],[152.4592,-28.2251],[152.4586,-28.2266],[152.4699,-28.2289],[152.4695,-28.2321],[152.4719,-28.2327],[152.4741,-28.234],[152.4754,-28.2338],[152.4763,-28.2282],[152.4824,-28.2295],[152.4845,-28.2333],[152.4859,-28.2333],[152.488,-28.2347],[152.4893,-28.2382],[152.4918,-28.2407],[152.4926,-28.2425],[152.4923,-28.2435],[152.487,-28.248],[152.4876,-28.2535],[152.4928,-28.2541],[152.4961,-28.2531],[152.4972,-28.2534],[152.501,-28.2524],[152.5033,-28.2506],[152.5059,-28.2504],[152.5075,-28.249],[152.5093,-28.2492],[152.5131,-28.2515],[152.5158,-28.2518],[152.5167,-28.2547],[152.5161,-28.2568],[152.5187,-28.257],[152.5217,-28.2607],[152.5289,-28.2617],[152.532,-28.2632],[152.534,-28.2627],[152.5343,-28.2647],[152.5365,-28.2659],[152.5343,-28.2707],[152.5329,-28.2723],[152.5328,-28.2796],[152.5289,-28.2866],[152.5294,-28.2933],[152.5287,-28.2939],[152.5293,-28.2979],[152.5286,-28.2995],[152.5256,-28.3018],[152.5251,-28.3042],[152.5259,-28.306],[152.5317,-28.309],[152.5335,-28.3107],[152.5389,-28.3113],[152.5432,-28.3159],[152.544,-28.3189],[152.547,-28.3205],[152.5491,-28.3213],[152.5549,-28.319],[152.5539,-28.3244],[152.5547,-28.3255],[152.5562,-28.3252],[152.5568,-28.324],[152.5597,-28.3236],[152.5628,-28.3241],[152.564,-28.3235],[152.5723,-28.3268],[152.5732,-28.3278],[152.5746,-28.3341],[152.5757,-28.3346],[152.5795,-28.3392],[152.5807,-28.3379],[152.5806,-28.3367],[152.5829,-28.3344],[152.5829,-28.3319],[152.5849,-28.3299],[152.5852,-28.3284],[152.5892,-28.326],[152.5906,-28.3233],[152.5927,-28.3218],[152.5939,-28.3191],[152.5965,-28.3181],[152.5976,-28.3145],[152.5968,-28.3136],[152.5988,-28.3111],[152.5991,-28.3096],[152.6018,-28.3073],[152.5992,-28.3002],[152.5973,-28.2913],[152.5981,-28.2904],[152.5981,-28.2881],[152.5998,-28.2855],[152.5996,-28.2837],[152.6033,-28.2802],[152.6033,-28.2792],[152.6107,-28.2744],[152.6129,-28.2704],[152.6142,-28.2695],[152.6158,-28.2713],[152.6157,-28.2746],[152.6172,-28.277],[152.6175,-28.2826],[152.6209,-28.284],[152.6235,-28.2889],[152.6232,-28.2916],[152.6221,-28.2932],[152.6239,-28.2957],[152.6241,-28.2983],[152.6269,-28.3001],[152.6284,-28.3036],[152.6299,-28.3042],[152.6304,-28.3051],[152.6326,-28.3051],[152.6354,-28.3072],[152.6366,-28.3092],[152.6397,-28.3122],[152.6413,-28.3128],[152.6427,-28.3124],[152.6443,-28.313],[152.6468,-28.3121],[152.6485,-28.3134],[152.6519,-28.3124],[152.6528,-28.3113],[152.6573,-28.3112],[152.6591,-28.3099],[152.6637,-28.3103],[152.6644,-28.3112],[152.6666,-28.3116],[152.6671,-28.3099],[152.6661,-28.3074],[152.6638,-28.3058],[152.6637,-28.3043],[152.662,-28.3019],[152.6595,-28.3006],[152.6583,-28.3009],[152.6581,-28.3001],[152.6563,-28.2992],[152.6522,-28.2988],[152.6519,-28.2982],[152.6526,-28.2974],[152.651,-28.294],[152.6498,-28.2929],[152.6496,-28.2914],[152.6479,-28.2907],[152.6478,-28.2879],[152.6487,-28.2862],[152.6483,-28.2843],[152.6495,-28.283],[152.6489,-28.2822],[152.6507,-28.2786],[152.6509,-28.2757],[152.6525,-28.2745],[152.6519,-28.2727],[152.6548,-28.2688],[152.6543,-28.2666],[152.6551,-28.2665],[152.6568,-28.2682],[152.6572,-28.266],[152.658,-28.2658],[152.6594,-28.2667],[152.6606,-28.2664],[152.6607,-28.2651],[152.6626,-28.2629],[152.664,-28.2645],[152.6663,-28.2641],[152.6682,-28.2647],[152.6719,-28.2632],[152.6778,-28.2634],[152.6792,-28.2604],[152.6784,-28.2585],[152.6805,-28.2574],[152.6819,-28.2576],[152.684,-28.2598],[152.6879,-28.2591],[152.689,-28.2621],[152.6902,-28.2625],[152.6921,-28.2609],[152.6945,-28.2557],[152.6968,-28.2549],[152.6975,-28.2522],[152.7008,-28.2467],[152.7086,-28.2429],[152.7099,-28.2395],[152.7115,-28.24],[152.7127,-28.2432],[152.7144,-28.244],[152.7157,-28.2414],[152.7162,-28.2388],[152.7192,-28.2387],[152.7214,-28.237],[152.7222,-28.2325],[152.7172,-28.2318],[152.72,-28.2174],[152.7252,-28.1993],[152.7367,-28.201],[152.7396,-28.1969],[152.7425,-28.1973],[152.7439,-28.1894],[152.7456,-28.1896],[152.7475,-28.1796],[152.7499,-28.1804],[152.7504,-28.178],[152.7445,-28.1772],[152.7459,-28.1698],[152.7422,-28.1677],[152.7429,-28.1658],[152.7267,-28.1462],[152.732,-28.144],[152.7349,-28.1448],[152.736,-28.146],[152.7374,-28.1465],[152.7465,-28.1405],[152.7443,-28.1385],[152.743,-28.1386],[152.7416,-28.1371],[152.7402,-28.1377],[152.7408,-28.1386],[152.7387,-28.1387],[152.7358,-28.1369],[152.7327,-28.1337],[152.7328,-28.1329],[152.7316,-28.1327],[152.7277,-28.1278],[152.7327,-28.1245],[152.7185,-28.1226],[152.7468,-28.1039],[152.7493,-28.0918],[152.7474,-28.0915],[152.7541,-28.0615],[152.7703,-28.0642],[152.7707,-28.0622],[152.7771,-28.0633],[152.7764,-28.0611],[152.7673,-28.05],[152.7805,-28.0414],[152.7841,-28.0458],[152.8163,-28.0253],[152.7977,-28.0023],[152.7961,-28.002],[152.7949,-28.0027],[152.7803,-27.9844],[152.7812,-27.983],[152.7882,-27.9836],[152.7875,-27.9825],[152.7906,-27.9787],[152.7918,-27.9752],[152.7967,-27.971],[152.7965,-27.9688],[152.7972,-27.9666],[152.7985,-27.9654],[152.8047,-27.9646],[152.8059,-27.9636],[152.8075,-27.9636],[152.8081,-27.9627],[152.8134,-27.9612],[152.818,-27.9561],[152.8221,-27.9541],[152.8257,-27.9536],[152.8279,-27.9522],[152.8375,-27.9518],[152.8385,-27.9507],[152.8414,-27.9502],[152.8431,-27.9508],[152.8457,-27.9503],[152.8505,-27.9507],[152.8571,-27.9462],[152.8567,-27.9443],[152.8578,-27.943],[152.8587,-27.9428],[152.8614,-27.9443],[152.8766,-27.937],[152.877,-27.9347],[152.878,-27.9344],[152.8777,-27.9332],[152.8795,-27.9289],[152.8798,-27.9252],[152.8788,-27.9224],[152.8774,-27.9226],[152.8743,-27.9212],[152.8731,-27.9183],[152.8753,-27.9175],[152.877,-27.9195],[152.8795,-27.9197],[152.8817,-27.9178],[152.8821,-27.9167],[152.8768,-27.9124],[152.8764,-27.9099],[152.8799,-27.9101],[152.8808,-27.909],[152.8832,-27.9084],[152.8842,-27.9053],[152.8852,-27.905],[152.8865,-27.9055],[152.887,-27.9083],[152.8879,-27.9094],[152.8896,-27.9082],[152.8913,-27.9058],[152.8928,-27.9062],[152.8948,-27.9086],[152.8974,-27.9081],[152.8968,-27.9061],[152.8982,-27.9043],[152.8977,-27.903],[152.8953,-27.9007],[152.897,-27.8951],[152.8986,-27.895],[152.9017,-27.8972],[152.9037,-27.8973],[152.9035,-27.896],[152.9017,-27.8937],[152.901,-27.8911],[152.9075,-27.8836],[152.9287,-27.8869],[152.9235,-27.863],[152.9285,-27.8636],[152.9307,-27.8661],[152.9319,-27.8665],[152.9439,-27.8683],[152.9448,-27.8653],[152.9429,-27.8629],[152.9429,-27.8615],[152.9479,-27.8591],[152.9505,-27.8587],[152.9519,-27.8574],[152.9499,-27.8555],[152.9475,-27.8544],[152.9507,-27.8528],[152.9508,-27.852],[152.9479,-27.8501],[152.9449,-27.8495],[152.9447,-27.8447],[152.9463,-27.8432],[152.943,-27.8427],[152.9383,-27.8407],[152.934,-27.8407],[152.931,-27.8399],[152.9297,-27.8412],[152.9242,-27.8422],[152.9217,-27.8461],[152.9198,-27.8461],[152.9183,-27.8485],[152.9146,-27.8499],[152.9088,-27.8507],[152.9004,-27.853],[152.8974,-27.8576],[152.8955,-27.8567],[152.8946,-27.8538],[152.8916,-27.8542],[152.893,-27.8507],[152.8881,-27.8502],[152.8813,-27.8482],[152.8807,-27.8489],[152.8806,-27.8518],[152.8768,-27.8516],[152.8726,-27.8504],[152.8706,-27.8514],[152.8702,-27.8522],[152.8706,-27.8527],[152.8741,-27.8526],[152.8751,-27.8531],[152.8751,-27.8556],[152.8732,-27.8555],[152.8714,-27.8544],[152.8603,-27.8571],[152.8592,-27.8579],[152.8629,-27.8606],[152.8592,-27.8616],[152.8557,-27.86],[152.8559,-27.8621],[152.853,-27.8658],[152.8513,-27.8664],[152.8487,-27.8659],[152.847,-27.8681],[152.8436,-27.8684],[152.8409,-27.8647],[152.8396,-27.865],[152.8395,-27.8673],[152.835,-27.8698],[152.8305,-27.8649],[152.8278,-27.8661],[152.8246,-27.8638],[152.8252,-27.8665],[152.8239,-27.8664],[152.8225,-27.8642],[152.8211,-27.8656],[152.8202,-27.8657],[152.8193,-27.8652],[152.8186,-27.8638],[152.82,-27.8623],[152.8187,-27.8613],[152.82,-27.8605],[152.8196,-27.859],[152.8149,-27.8582],[152.8161,-27.8561],[152.8136,-27.8553],[152.8153,-27.852],[152.8167,-27.8516],[152.8171,-27.8483],[152.8162,-27.8485],[152.8143,-27.8506],[152.8138,-27.8503],[152.8139,-27.8491],[152.8118,-27.8487],[152.8122,-27.8473],[152.8083,-27.8469],[152.8092,-27.8458],[152.808,-27.8441],[152.8057,-27.8456],[152.8007,-27.8442],[152.8004,-27.8434],[152.8018,-27.8422],[152.8007,-27.8416],[152.8006,-27.8389],[152.7993,-27.8391],[152.8015,-27.8358],[152.8,-27.835],[152.8006,-27.8316],[152.8027,-27.8319],[152.804,-27.8249],[152.8141,-27.8262],[152.8164,-27.8136],[152.8264,-27.8151],[152.8274,-27.8097],[152.825,-27.8093],[152.8265,-27.8075],[152.8252,-27.8066],[152.826,-27.805],[152.8253,-27.8002],[152.8257,-27.7981],[152.8246,-27.7965],[152.8244,-27.7938],[152.8218,-27.7891],[152.8224,-27.7861],[152.8219,-27.785],[152.8197,-27.7856],[152.8183,-27.785],[152.8178,-27.7856],[152.8129,-27.785],[152.8118,-27.7843],[152.8114,-27.7868],[152.8095,-27.7865],[152.8089,-27.7889],[152.8089,-27.79],[152.8109,-27.7905],[152.8106,-27.792],[152.8076,-27.7919],[152.8055,-27.7938],[152.8026,-27.7932],[152.8009,-27.794],[152.7982,-27.7934],[152.7969,-27.7942],[152.7932,-27.7931],[152.7914,-27.7944],[152.7876,-27.7913],[152.7864,-27.7915],[152.7849,-27.7888],[152.7607,-27.7853],[152.7627,-27.7729],[152.7578,-27.7673],[152.7377,-27.7644],[152.7375,-27.7635],[152.7075,-27.7583],[152.7075,-27.7568],[152.7044,-27.7496],[152.6864,-27.7469],[152.6857,-27.748],[152.6862,-27.7506],[152.684,-27.7514],[152.6843,-27.7525],[152.6675,-27.75],[152.6686,-27.7433],[152.6554,-27.7414],[152.656,-27.7383],[152.6391,-27.7366],[152.6382,-27.7416],[152.6076,-27.7371],[152.6087,-27.7316],[152.6046,-27.7313],[152.6058,-27.725],[152.5986,-27.7239],[152.5982,-27.7263],[152.5798,-27.7236],[152.5807,-27.7191],[152.5619,-27.7165],[152.5618,-27.721],[152.5421,-27.7183],[152.5421,-27.7194],[152.5295,-27.7176],[152.5296,-27.7169],[152.525,-27.7211],[152.523,-27.7269],[152.5237,-27.7363],[152.5193,-27.7612],[152.499,-27.7583],[152.4945,-27.7834],[152.4819,-27.7817],[152.4812,-27.7851],[152.4674,-27.7831],[152.4666,-27.7878],[152.4672,-27.7892],[152.4639,-27.7938],[152.4623,-27.8026],[152.4599,-27.8032],[152.4512,-27.802],[152.4434,-27.8448],[152.4359,-27.8437],[152.4363,-27.8416],[152.4285,-27.8405],[152.4255,-27.8572],[152.4209,-27.8566],[152.4193,-27.8655],[152.4024,-27.8637],[152.4017,-27.8666],[152.4034,-27.8694],[152.4053,-27.8712],[152.4061,-27.8771],[152.4087,-27.8809],[152.4116,-27.8834],[152.4112,-27.886],[152.4102,-27.8871],[152.4113,-27.8916],[152.4112,-27.8934],[152.4101,-27.8959],[152.4117,-27.8981],[152.4112,-27.9013],[152.4048,-27.9043],[152.4041,-27.9058],[152.4051,-27.9177],[152.4056,-27.9191],[152.4091,-27.9195],[152.4085,-27.9232],[152.4096,-27.9242],[152.4106,-27.9268],[152.4111,-27.9303],[152.4124,-27.9308],[152.4105,-27.9331],[152.4105,-27.9342],[152.4127,-27.9354],[152.4132,-27.9389],[152.4149,-27.9404],[152.4159,-27.9446]]]}},{"type":"Feature","properties":{"name":"Boondall","code":"302031035","centroid":[153.0697,-27.34885]},"geometry":{"type":"Polygon","coordinates":[[[153.0531,-27.3494],[153.0511,-27.3604],[153.0502,-27.3613],[153.0615,-27.3629],[153.0618,-27.365],[153.0635,-27.3654],[153.0661,-27.3647],[153.0663,-27.3655],[153.0678,-27.3663],[153.0679,-27.3678],[153.0685,-27.3668],[153.0714,-27.3682],[153.0717,-27.3674],[153.071,-27.3665],[153.0715,-27.3653],[153.0736,-27.3668],[153.0754,-27.367],[153.0761,-27.3658],[153.0744,-27.3648],[153.0744,-27.3641],[153.0762,-27.3655],[153.078,-27.3651],[153.0783,-27.3647],[153.0769,-27.3641],[153.0769,-27.3635],[153.0784,-27.364],[153.0804,-27.3631],[153.0819,-27.3608],[153.0822,-27.3594],[153.0796,-27.3601],[153.0779,-27.3593],[153.0777,-27.3583],[153.0789,-27.3558],[153.0821,-27.3567],[153.0835,-27.3583],[153.0862,-27.3584],[153.0865,-27.3535],[153.0811,-27.3541],[153.0824,-27.353],[153.0837,-27.3492],[153.087,-27.3486],[153.0877,-27.3504],[153.0901,-27.3513],[153.0922,-27.3505],[153.093,-27.349],[153.0913,-27.3469],[153.0917,-27.3448],[153.0911,-27.344],[153.0897,-27.344],[153.0878,-27.3454],[153.085,-27.3438],[153.0844,-27.3422],[153.0848,-27.3383],[153.0826,-27.335],[153.0789,-27.3349],[153.0777,-27.3324],[153.0711,-27.3283],[153.0694,-27.3316],[153.0677,-27.3296],[153.0665,-27.3302],[153.067,-27.3321],[153.0655,-27.3351],[153.0624,-27.3357],[153.0583,-27.3351],[153.0552,-27.3355],[153.0554,-27.3372],[153.0531,-27.3494]]]}},{"type":"Feature","properties":{"name":"Boronia Heights - Park Ridge","code":"311031311","centroid":[153.0408,-27.70506]},"geometry":{"type":"Polygon","coordinates":[[[153.0049,-27.6936],[153.0025,-27.7066],[153.0029,-27.7068],[153.0001,-27.7084],[152.9942,-27.7138],[152.9928,-27.7162],[152.9894,-27.7185],[152.9862,-27.7191],[152.9857,-27.7202],[153.0126,-27.7243],[153.0184,-27.7234],[153.0307,-27.7251],[153.0336,-27.7156],[153.0647,-27.7199],[153.0649,-27.7187],[153.0906,-27.7219],[153.0924,-27.7159],[153.0939,-27.7072],[153.0993,-27.7002],[153.0772,-27.6969],[153.0777,-27.6941],[153.0681,-27.6927],[153.0671,-27.6981],[153.0601,-27.697],[153.0602,-27.6961],[153.0557,-27.6954],[153.0567,-27.6903],[153.0317,-27.6866],[153.0313,-27.6805],[153.0213,-27.6787],[153.019,-27.6807],[153.0161,-27.6795],[153.0077,-27.6849],[153.0061,-27.6866],[153.0049,-27.6936]]]}},{"type":"Feature","properties":{"name":"Bracken Ridge","code":"302041041","centroid":[153.0342,-27.32012]},"geometry":{"type":"Polygon","coordinates":[[[153.0189,-27.3193],[153.0183,-27.3226],[153.0134,-27.3224],[153.0171,-27.3298],[153.0375,-27.3329],[153.0512,-27.3296],[153.0513,-27.3249],[153.052,-27.325],[153.0441,-27.3063],[153.0439,-27.3045],[153.0422,-27.3039],[153.0422,-27.3029],[153.0395,-27.3019],[153.0376,-27.3022],[153.037,-27.3037],[153.0376,-27.3063],[153.0374,-27.3078],[153.0361,-27.3089],[153.0338,-27.3091],[153.0342,-27.3101],[153.0308,-27.3092],[153.0281,-27.3075],[153.0246,-27.3096],[153.0246,-27.3106],[153.0202,-27.312],[153.0181,-27.3149],[153.0197,-27.3152],[153.0189,-27.3193]]]}},{"type":"Feature","properties":{"name":"Brassall","code":"310031283","centroid":[152.73636,-27.59009]},"geometry":{"type":"Polygon","coordinates":[[[152.7147,-27.5831],[152.7151,-27.5847],[152.7173,-27.5861],[152.7168,-27.5867],[152.7172,-27.5886],[152.7191,-27.5919],[152.7199,-27.5925],[152.7208,-27.5918],[152.7214,-27.5921],[152.7202,-27.5935],[152.721,-27.5953],[152.7247,-27.5963],[152.7257,-27.5987],[152.7282,-27.6003],[152.7269,-27.6007],[152.7275,-27.6019],[152.7268,-27.6026],[152.7286,-27.6033],[152.7282,-27.6042],[152.7313,-27.6035],[152.7325,-27.6013],[152.7355,-27.6012],[152.7365,-27.6029],[152.7384,-27.6013],[152.7384,-27.6024],[152.7393,-27.6035],[152.748,-27.6023],[152.7494,-27.6014],[152.7517,-27.5964],[152.7543,-27.5948],[152.7565,-27.5947],[152.7534,-27.5906],[152.7548,-27.5898],[152.7526,-27.589],[152.7564,-27.5879],[152.754,-27.5851],[152.7538,-27.582],[152.7531,-27.5808],[152.7473,-27.5793],[152.7399,-27.5792],[152.7305,-27.5807],[152.7144,-27.5791],[152.7152,-27.5829],[152.7147,-27.5831]]]}},{"type":"Feature","properties":{"name":"Bray Park","code":"314031391","centroid":[152.96773,-27.29245]},"geometry":{"type":"Polygon","coordinates":[[[152.9537,-27.2914],[152.9545,-27.293],[152.9579,-27.2958],[152.9619,-27.303],[152.9646,-27.3046],[152.9654,-27.3039],[152.9646,-27.3029],[152.9665,-27.3031],[152.9676,-27.3021],[152.9675,-27.3005],[152.9679,-27.2996],[152.9687,-27.2997],[152.9688,-27.2983],[152.9716,-27.2975],[152.9725,-27.2991],[152.9743,-27.2979],[152.9751,-27.2992],[152.9764,-27.2984],[152.978,-27.2995],[152.9794,-27.2985],[152.9805,-27.2991],[152.9812,-27.2984],[152.9825,-27.2985],[152.9823,-27.2973],[152.9829,-27.2964],[152.9852,-27.2964],[152.9828,-27.2879],[152.9506,-27.2831],[152.9537,-27.2914]]]}},{"type":"Feature","properties":{"name":"Bribie Island","code":"313011363","centroid":[153.13574,-26.98853]},"geometry":{"type":"MultiPolygon","coordinates":[[[[153.1354,-27.0533],[153.1353,-27.0541],[153.1377,-27.057],[153.1389,-27.0598],[153.1435,-27.0619],[153.144,-27.0644],[153.1467,-27.0676],[153.1526,-27.0704],[153.1541,-27.0724],[153.1554,-27.0722],[153.1546,-27.0732],[153.1553,-27.0729],[153.1568,-27.0766],[153.1582,-27.0813],[153.158,-27.0839],[153.1595,-27.0886],[153.1602,-27.0902],[153.1617,-27.0909],[153.1641,-27.0973],[153.1662,-27.0997],[153.1754,-27.1003],[153.1843,-27.0981],[153.1969,-27.0968],[153.1991,-27.0945],[153.2014,-27.0882],[153.2071,-27.084],[153.2076,-27.0817],[153.2066,-27.074],[153.2027,-27.0632],[153.1995,-27.0571],[153.1916,-27.0466],[153.1802,-27.0276],[153.17,-27.0062],[153.1614,-26.9851],[153.1387,-26.9083],[153.1327,-26.8844],[153.1305,-26.8724],[153.1305,-26.8602],[153.1294,-26.8532],[153.1289,-26.8434],[153.1301,-26.8343],[153.1336,-26.8182],[153.133,-26.8123],[153.1322,-26.81],[153.1312,-26.8096],[153.1299,-26.8126],[153.1314,-26.8143],[153.13,-26.814],[153.1297,-26.8149],[153.131,-26.8177],[153.1315,-26.8237],[153.129,-26.8312],[153.128,-26.8359],[153.1283,-26.8377],[153.1269,-26.8395],[153.1281,-26.8418],[153.1249,-26.8464],[153.1255,-26.8471],[153.127,-26.8464],[153.128,-26.8481],[153.127,-26.8498],[153.1281,-26.8525],[153.1289,-26.8582],[153.1287,-26.8591],[153.1271,-26.8594],[153.1268,-26.8601],[153.1273,-26.8612],[153.127,-26.866],[153.1277,-26.8687],[153.1273,-26.8714],[153.1289,-26.8723],[153.1299,-26.8739],[153.1279,-26.8757],[153.1245,-26.8773],[153.1235,-26.8811],[153.1215,-26.8822],[153.1179,-26.8827],[153.1154,-26.8852],[153.1144,-26.8873],[153.1073,-26.8921],[153.0959,-26.8982],[153.0882,-26.9012],[153.0837,-26.9023],[153.0799,-26.9044],[153.0777,-26.907],[153.0752,-26.9203],[153.0786,-26.9253],[153.0829,-26.928],[153.0853,-26.9341],[153.0848,-26.9361],[153.0831,-26.9373],[153.0845,-26.9392],[153.0833,-26.9398],[153.0861,-26.9415],[153.0895,-26.9423],[153.0909,-26.945],[153.0905,-26.9473],[153.0889,-26.9492],[153.0879,-26.9496],[153.0873,-26.9508],[153.0867,-26.9547],[153.0833,-26.9584],[153.0793,-26.9604],[153.0802,-26.9645],[153.0799,-26.9697],[153.0789,-26.9736],[153.0775,-26.9763],[153.0771,-26.9794],[153.0807,-26.9828],[153.0832,-26.9863],[153.0906,-26.9886],[153.0947,-26.9937],[153.0972,-26.9996],[153.0973,-27.0044],[153.0992,-27.0144],[153.1024,-27.0171],[153.1061,-27.0191],[153.1081,-27.0212],[153.1126,-27.0228],[153.117,-27.0263],[153.1192,-27.0271],[153.125,-27.0345],[153.1291,-27.036],[153.1326,-27.0363],[153.1318,-27.0383],[153.1321,-27.0411],[153.1338,-27.0468],[153.1344,-27.0515],[153.1354,-27.0533]]],[[[153.1182,-26.8604],[153.1184,-26.8626],[153.1197,-26.8659],[153.1208,-26.8662],[153.123,-26.865],[153.1234,-26.864],[153.123,-26.8623],[153.1198,-26.8586],[153.1183,-26.8592],[153.1182,-26.8604]]],[[[153.1216,-26.8727],[153.1243,-26.8712],[153.1246,-26.8703],[153.1226,-26.8693],[153.1219,-26.8696],[153.1209,-26.8718],[153.1216,-26.8727]]],[[[153.1194,-26.8769],[153.1212,-26.8757],[153.1202,-26.8735],[153.1194,-26.8769]]],[[[153.121,-26.8438],[153.1217,-26.8442],[153.1229,-26.8431],[153.1224,-26.8419],[153.1212,-26.8429],[153.121,-26.8438]]]]}},{"type":"Feature","properties":{"name":"Bridgeman Downs","code":"302011023","centroid":[152.99433,-27.35214]},"geometry":{"type":"Polygon","coordinates":[[[152.9882,-27.3565],[152.9885,-27.3577],[152.9872,-27.3588],[152.9878,-27.3595],[152.9817,-27.3586],[152.9807,-27.3641],[152.9837,-27.3645],[152.9831,-27.3681],[152.9806,-27.3678],[152.98,-27.3708],[153.0018,-27.3739],[153.0044,-27.3602],[153.0047,-27.3568],[153.0034,-27.3568],[153.0067,-27.3388],[153.0075,-27.3358],[153.0093,-27.3361],[153.0082,-27.3323],[153.0084,-27.331],[153.0037,-27.3314],[152.995,-27.3301],[152.9944,-27.3333],[152.9933,-27.3352],[152.9909,-27.3361],[152.9883,-27.3363],[152.9872,-27.3375],[152.9857,-27.338],[152.9849,-27.3397],[152.9825,-27.3406],[152.9833,-27.3416],[152.9815,-27.3422],[152.9805,-27.344],[152.9811,-27.346],[152.9796,-27.3461],[152.9789,-27.3467],[152.9792,-27.3478],[152.9804,-27.3486],[152.9791,-27.3497],[152.9822,-27.3512],[152.9823,-27.3532],[152.9852,-27.3528],[152.987,-27.354],[152.9874,-27.3548],[152.9869,-27.3561],[152.9882,-27.3565]]]}},{"type":"Feature","properties":{"name":"Brighton (Qld)","code":"302041042","centroid":[153.05534,-27.29656]},"geometry":{"type":"Polygon","coordinates":[[[153.0455,-27.298],[153.043,-27.3025],[153.0422,-27.3029],[153.0422,-27.3039],[153.0439,-27.3045],[153.0465,-27.3119],[153.0492,-27.3116],[153.0586,-27.3139],[153.0583,-27.3119],[153.0604,-27.3105],[153.0606,-27.3096],[153.0618,-27.3098],[153.064,-27.3077],[153.0666,-27.3072],[153.0646,-27.2984],[153.0651,-27.2888],[153.0648,-27.285],[153.0641,-27.2835],[153.0662,-27.2813],[153.0514,-27.2794],[153.0496,-27.2787],[153.0475,-27.2843],[153.0472,-27.2892],[153.0482,-27.2947],[153.0455,-27.298]]]}},{"type":"Feature","properties":{"name":"Brisbane Airport","code":"302031036","centroid":[153.11782,-27.39258]},"geometry":{"type":"Polygon","coordinates":[[[153.124,-27.4184],[153.1197,-27.4233],[153.1219,-27.4235],[153.1218,-27.4263],[153.1233,-27.4261],[153.1237,-27.4268],[153.1359,-27.421],[153.1406,-27.4176],[153.1452,-27.4101],[153.1455,-27.4073],[153.1467,-27.4047],[153.1455,-27.4043],[153.1456,-27.4027],[153.1471,-27.3983],[153.1504,-27.3946],[153.1485,-27.3925],[153.1464,-27.3882],[153.1496,-27.3859],[153.1528,-27.3846],[153.1589,-27.3797],[153.1605,-27.3773],[153.1571,-27.3745],[153.1574,-27.3699],[153.1563,-27.3637],[153.1556,-27.3629],[153.1499,-27.3608],[153.144,-27.3608],[153.1427,-27.3602],[153.1395,-27.3605],[153.1386,-27.3612],[153.1224,-27.3524],[153.1139,-27.3492],[153.1122,-27.3495],[153.1081,-27.3481],[153.1056,-27.3517],[153.1028,-27.3609],[153.1065,-27.3762],[153.1062,-27.3782],[153.0991,-27.3826],[153.0955,-27.3856],[153.0933,-27.3908],[153.0918,-27.3926],[153.0835,-27.3958],[153.0787,-27.3994],[153.0747,-27.4045],[153.0747,-27.407],[153.0772,-27.4104],[153.0767,-27.4168],[153.0803,-27.4221],[153.0797,-27.4273],[153.079,-27.4293],[153.0784,-27.4292],[153.078,-27.4317],[153.086,-27.4293],[153.099,-27.4281],[153.1034,-27.4289],[153.104,-27.4249],[153.1059,-27.4242],[153.1073,-27.4256],[153.1093,-27.4261],[153.1161,-27.4267],[153.1178,-27.4249],[153.1163,-27.4204],[153.1217,-27.4175],[153.1242,-27.4173],[153.124,-27.4184]]]}},{"type":"Feature","properties":{"name":"Brisbane City","code":"305011105","centroid":[153.02311,-27.46824]},"geometry":{"type":"Polygon","coordinates":[[[153.0104,-27.4669],[153.0113,-27.4689],[153.0139,-27.4678],[153.0176,-27.468],[153.0222,-27.4719],[153.0282,-27.4795],[153.0303,-27.4795],[153.0318,-27.478],[153.0318,-27.4766],[153.0327,-27.4765],[153.031,-27.4684],[153.0313,-27.4657],[153.0346,-27.4624],[153.0312,-27.4618],[153.0288,-27.4642],[153.023,-27.4656],[153.0205,-27.4644],[153.0213,-27.4621],[153.018,-27.4605],[153.015,-27.46],[153.0125,-27.4584],[153.0104,-27.4669]]]}},{"type":"Feature","properties":{"name":"Brisbane Port - Lytton","code":"301031014","centroid":[153.19757,-27.38117]},"geometry":{"type":"MultiPolygon","coordinates":[[[[153.1654,-27.3983],[153.1672,-27.3965],[153.1677,-27.3939],[153.1723,-27.3957],[153.1736,-27.3952],[153.1776,-27.3964],[153.1802,-27.395],[153.1808,-27.3938],[153.1823,-27.3941],[153.1835,-27.3934],[153.181,-27.3879],[153.1793,-27.3857],[153.2022,-27.3529],[153.1888,-27.3455],[153.1787,-27.36],[153.1777,-27.3595],[153.1732,-27.364],[153.1719,-27.3658],[153.1739,-27.3669],[153.1678,-27.3762],[153.1608,-27.3832],[153.1565,-27.3924],[153.1566,-27.394],[153.1583,-27.3946],[153.1585,-27.3967],[153.1578,-27.3992],[153.1639,-27.3982],[153.1646,-27.4007],[153.1639,-27.4008],[153.164,-27.4017],[153.1609,-27.4021],[153.1609,-27.4013],[153.1547,-27.4018],[153.1544,-27.4028],[153.1559,-27.4033],[153.1509,-27.4084],[153.1436,-27.4203],[153.14,-27.4235],[153.1358,-27.4258],[153.1362,-27.4265],[153.1355,-27.4268],[153.1356,-27.4276],[153.1368,-27.4294],[153.136,-27.4309],[153.1367,-27.4325],[153.1383,-27.4312],[153.1398,-27.4336],[153.139,-27.4359],[153.1361,-27.4387],[153.1369,-27.4397],[153.1418,-27.4424],[153.1438,-27.4422],[153.1454,-27.4391],[153.1461,-27.4355],[153.1534,-27.4365],[153.1554,-27.4276],[153.1585,-27.4262],[153.1637,-27.4269],[153.1654,-27.4236],[153.1694,-27.4241],[153.1704,-27.4234],[153.171,-27.4196],[153.1699,-27.417],[153.1738,-27.4157],[153.1744,-27.4085],[153.1731,-27.4042],[153.171,-27.403],[153.1702,-27.4015],[153.1658,-27.4012],[153.1654,-27.3983]]],[[[153.2355,-27.3376],[153.2353,-27.3407],[153.236,-27.3426],[153.2405,-27.3471],[153.2477,-27.3503],[153.2529,-27.3506],[153.2557,-27.3501],[153.2582,-27.3484],[153.2611,-27.3458],[153.2625,-27.3425],[153.2654,-27.34],[153.27,-27.3392],[153.271,-27.3381],[153.2692,-27.3362],[153.267,-27.3317],[153.2562,-27.3282],[153.2542,-27.3265],[153.2527,-27.3234],[153.2476,-27.3207],[153.2462,-27.321],[153.2425,-27.3239],[153.2383,-27.3252],[153.2358,-27.3279],[153.2351,-27.3299],[153.2355,-27.3376]]],[[[153.2321,-27.4209],[153.2264,-27.4203],[153.2289,-27.4226],[153.2335,-27.43],[153.2346,-27.4305],[153.2361,-27.4297],[153.2368,-27.4282],[153.2364,-27.4226],[153.235,-27.4211],[153.2321,-27.4209]]],[[[153.2224,-27.3901],[153.2234,-27.394],[153.2301,-27.3978],[153.2363,-27.4031],[153.2385,-27.4024],[153.2425,-27.3966],[153.2441,-27.3915],[153.2433,-27.3876],[153.2411,-27.3838],[153.2404,-27.378],[153.239,-27.3735],[153.2356,-27.3713],[153.2345,-27.3715],[153.2319,-27.3736],[153.2258,-27.3824],[153.2224,-27.3901]]],[[[153.1885,-27.401],[153.1872,-27.3973],[153.1837,-27.3934],[153.1822,-27.3942],[153.181,-27.3938],[153.1805,-27.3949],[153.178,-27.3967],[153.182,-27.3985],[153.1876,-27.4032],[153.1886,-27.4023],[153.1885,-27.401]]]]}},{"type":"Feature","properties":{"name":"Brookfield - Kenmore Hills","code":"304021087","centroid":[152.8754,-27.47698]},"geometry":{"type":"Polygon","coordinates":[[[152.8519,-27.4914],[152.8533,-27.4911],[152.8565,-27.4918],[152.8573,-27.4929],[152.8592,-27.4935],[152.8633,-27.4892],[152.8662,-27.4903],[152.8695,-27.493],[152.8697,-27.494],[152.871,-27.4933],[152.8736,-27.4941],[152.8769,-27.4937],[152.8805,-27.4926],[152.8839,-27.4953],[152.8842,-27.4942],[152.8865,-27.4953],[152.8863,-27.4964],[152.888,-27.4976],[152.8885,-27.4992],[152.8902,-27.4995],[152.89,-27.5008],[152.894,-27.5014],[152.8938,-27.5024],[152.8995,-27.5033],[152.8989,-27.5068],[152.9013,-27.5078],[152.9016,-27.5088],[152.9057,-27.5094],[152.9052,-27.5118],[152.9076,-27.5125],[152.9074,-27.5131],[152.9123,-27.5139],[152.9122,-27.5152],[152.9164,-27.5168],[152.9161,-27.5183],[152.9213,-27.5191],[152.9212,-27.5199],[152.9226,-27.5201],[152.9225,-27.5211],[152.9275,-27.5204],[152.9265,-27.5187],[152.9244,-27.5198],[152.9238,-27.5194],[152.9267,-27.5171],[152.925,-27.5152],[152.9255,-27.5146],[152.9272,-27.5145],[152.9281,-27.5129],[152.9262,-27.5116],[152.9274,-27.5108],[152.9288,-27.5108],[152.9285,-27.5098],[152.9264,-27.5088],[152.9264,-27.5076],[152.9272,-27.5068],[152.9287,-27.5067],[152.9303,-27.5045],[152.9311,-27.5047],[152.9305,-27.5061],[152.9319,-27.5063],[152.9318,-27.5071],[152.9334,-27.5058],[152.9391,-27.5074],[152.9424,-27.5073],[152.939,-27.5029],[152.9381,-27.5003],[152.9384,-27.4981],[152.9372,-27.4971],[152.9358,-27.4932],[152.9325,-27.4912],[152.9327,-27.4901],[152.9367,-27.4876],[152.937,-27.4868],[152.9362,-27.485],[152.9363,-27.4836],[152.9376,-27.4824],[152.9232,-27.48],[152.9225,-27.4838],[152.9161,-27.4828],[152.9175,-27.4807],[152.9185,-27.4808],[152.9198,-27.4715],[152.9154,-27.4708],[152.9202,-27.4615],[152.9202,-27.4599],[152.9194,-27.4586],[152.9173,-27.4571],[152.9147,-27.4574],[152.914,-27.4565],[152.909,-27.4563],[152.9024,-27.4599],[152.8964,-27.457],[152.8923,-27.4579],[152.8917,-27.4588],[152.8853,-27.4517],[152.8803,-27.455],[152.8752,-27.4489],[152.8728,-27.4478],[152.8706,-27.4486],[152.8692,-27.4467],[152.8652,-27.4444],[152.8637,-27.4441],[152.8625,-27.4459],[152.86,-27.4474],[152.8532,-27.4464],[152.8505,-27.448],[152.8465,-27.4472],[152.8442,-27.4476],[152.8406,-27.4467],[152.8387,-27.4469],[152.8362,-27.4447],[152.8335,-27.4437],[152.8298,-27.4431],[152.8276,-27.4436],[152.8274,-27.4458],[152.8262,-27.4463],[152.8252,-27.4474],[152.8247,-27.4494],[152.8225,-27.451],[152.8224,-27.4544],[152.8236,-27.4566],[152.8185,-27.4604],[152.812,-27.461],[152.8103,-27.4628],[152.8113,-27.4704],[152.81,-27.4731],[152.8121,-27.4759],[152.8124,-27.4781],[152.8153,-27.4819],[152.8182,-27.483],[152.8206,-27.4854],[152.8224,-27.4881],[152.8258,-27.4884],[152.8288,-27.4911],[152.8378,-27.4925],[152.8427,-27.4917],[152.8447,-27.4932],[152.8467,-27.4935],[152.8483,-27.4932],[152.8504,-27.4912],[152.8519,-27.4914]]]}},{"type":"Feature","properties":{"name":"Browns Plains","code":"311031312","centroid":[153.06263,-27.66271]},"geometry":{"type":"Polygon","coordinates":[[[153.0739,-27.655],[153.0682,-27.6541],[153.0684,-27.6515],[153.0677,-27.6511],[153.0588,-27.6568],[153.0405,-27.6541],[153.0373,-27.6617],[153.0352,-27.6644],[153.0521,-27.6672],[153.0528,-27.6709],[153.0547,-27.6736],[153.057,-27.6747],[153.0607,-27.6711],[153.0608,-27.6695],[153.0618,-27.6682],[153.0612,-27.6671],[153.0633,-27.6675],[153.0641,-27.6693],[153.0662,-27.6709],[153.0682,-27.6695],[153.0679,-27.6677],[153.0741,-27.6709],[153.0779,-27.6757],[153.0806,-27.6779],[153.0809,-27.6761],[153.0804,-27.6715],[153.0812,-27.6696],[153.0821,-27.6697],[153.084,-27.6592],[153.0851,-27.6593],[153.0865,-27.6576],[153.0781,-27.6559],[153.0755,-27.6542],[153.0739,-27.655]]]}},{"type":"Feature","properties":{"name":"Bulimba","code":"305021114","centroid":[153.05933,-27.4486]},"geometry":{"type":"Polygon","coordinates":[[[153.0516,-27.4471],[153.0529,-27.4521],[153.0521,-27.4529],[153.0531,-27.4531],[153.0534,-27.4564],[153.0574,-27.4569],[153.0575,-27.4563],[153.0614,-27.4565],[153.0623,-27.4521],[153.0649,-27.4499],[153.0693,-27.4502],[153.0701,-27.4452],[153.0615,-27.4425],[153.0539,-27.4422],[153.0508,-27.4439],[153.0516,-27.4471]]]}},{"type":"Feature","properties":{"name":"Bundamba","code":"310031284","centroid":[152.81124,-27.60748]},"geometry":{"type":"Polygon","coordinates":[[[152.8122,-27.5866],[152.8095,-27.5838],[152.8069,-27.5825],[152.8013,-27.583],[152.7975,-27.5826],[152.7943,-27.5832],[152.7897,-27.5853],[152.7888,-27.5873],[152.7892,-27.5882],[152.7928,-27.591],[152.7908,-27.5922],[152.7909,-27.5928],[152.7932,-27.5933],[152.7939,-27.592],[152.7956,-27.5912],[152.7971,-27.5935],[152.7973,-27.5948],[152.7964,-27.5953],[152.7954,-27.5948],[152.795,-27.5954],[152.7953,-27.5964],[152.7967,-27.5965],[152.7962,-27.5979],[152.7947,-27.5994],[152.7951,-27.6012],[152.7963,-27.6],[152.7993,-27.5998],[152.7993,-27.6013],[152.8007,-27.6008],[152.8031,-27.6029],[152.8024,-27.6046],[152.8,-27.605],[152.7973,-27.6072],[152.7979,-27.6099],[152.7992,-27.6102],[152.8002,-27.6096],[152.8011,-27.6122],[152.8014,-27.6164],[152.8006,-27.6222],[152.7986,-27.6219],[152.7975,-27.6227],[152.7976,-27.6241],[152.7958,-27.6266],[152.7911,-27.6287],[152.7891,-27.6283],[152.7884,-27.6293],[152.7892,-27.6315],[152.7919,-27.632],[152.7906,-27.635],[152.7907,-27.6384],[152.7942,-27.6398],[152.7939,-27.6412],[152.7931,-27.6414],[152.7938,-27.6419],[152.7975,-27.6389],[152.8084,-27.6353],[152.8144,-27.6313],[152.818,-27.6271],[152.823,-27.6179],[152.8279,-27.6111],[152.8318,-27.6024],[152.8341,-27.6019],[152.8358,-27.6024],[152.8364,-27.6016],[152.8371,-27.5965],[152.8414,-27.5959],[152.8388,-27.593],[152.8365,-27.5916],[152.8245,-27.5894],[152.8157,-27.5831],[152.8142,-27.5828],[152.8142,-27.5862],[152.8122,-27.5866]]]}},{"type":"Feature","properties":{"name":"Burpengary","code":"313041372","centroid":[152.95834,-27.15841]},"geometry":{"type":"Polygon","coordinates":[[[152.9268,-27.1539],[152.9255,-27.1534],[152.9246,-27.1544],[152.9227,-27.16],[152.9202,-27.164],[152.9176,-27.1699],[152.918,-27.1718],[152.922,-27.1753],[152.923,-27.1748],[152.9239,-27.1753],[152.9265,-27.1743],[152.9267,-27.1749],[152.9275,-27.1748],[152.9285,-27.1721],[152.9316,-27.1703],[152.9319,-27.1684],[152.9353,-27.1647],[152.9372,-27.1644],[152.9392,-27.1649],[152.9395,-27.1643],[152.9405,-27.1647],[152.9424,-27.1639],[152.9508,-27.1675],[152.9495,-27.1685],[152.9519,-27.1688],[152.9552,-27.1671],[152.9566,-27.1673],[152.9542,-27.1722],[152.9525,-27.1809],[152.9528,-27.1831],[152.9549,-27.184],[152.9647,-27.1855],[152.9651,-27.1837],[152.9834,-27.1863],[152.9828,-27.1811],[152.9813,-27.1793],[152.9837,-27.1787],[152.9776,-27.1562],[152.9782,-27.1456],[152.9773,-27.127],[152.9596,-27.1244],[152.9582,-27.1247],[152.9608,-27.1339],[152.9596,-27.1428],[152.9451,-27.1406],[152.9429,-27.1525],[152.9357,-27.151],[152.9317,-27.1533],[152.9285,-27.1532],[152.9268,-27.1539]]]}},{"type":"Feature","properties":{"name":"Burpengary - East","code":"313021364","centroid":[153.00221,-27.12859]},"geometry":{"type":"Polygon","coordinates":[[[152.9776,-27.1334],[152.9782,-27.1456],[152.9777,-27.1521],[152.979,-27.1514],[152.9804,-27.1525],[152.9808,-27.1518],[152.9801,-27.151],[152.9813,-27.152],[152.9839,-27.1512],[152.9851,-27.1514],[152.9854,-27.1523],[152.988,-27.1527],[152.989,-27.1519],[152.9896,-27.1521],[152.9894,-27.151],[152.9912,-27.1512],[152.9915,-27.1502],[152.9944,-27.1509],[152.995,-27.1494],[152.9953,-27.1503],[152.9962,-27.1495],[152.9959,-27.151],[152.9964,-27.1513],[152.9973,-27.151],[152.9977,-27.1501],[152.9994,-27.15],[153.0045,-27.1513],[153.006,-27.1503],[153.0074,-27.1515],[153.0096,-27.1511],[153.0097,-27.1518],[153.0109,-27.1509],[153.0114,-27.1489],[153.0122,-27.1485],[153.0134,-27.1492],[153.0154,-27.1479],[153.0155,-27.1485],[153.0144,-27.1497],[153.0162,-27.1523],[153.0173,-27.151],[153.0192,-27.1504],[153.0217,-27.1518],[153.0212,-27.1494],[153.0236,-27.1494],[153.0252,-27.1524],[153.0267,-27.1514],[153.0287,-27.1519],[153.0288,-27.1529],[153.026,-27.155],[153.0256,-27.153],[153.0241,-27.1533],[153.0242,-27.1544],[153.0259,-27.1559],[153.0288,-27.1556],[153.0295,-27.155],[153.0298,-27.1534],[153.0311,-27.1526],[153.0325,-27.1535],[153.0324,-27.1547],[153.0343,-27.1552],[153.0362,-27.1575],[153.0381,-27.1571],[153.0386,-27.1543],[153.0415,-27.1538],[153.043,-27.1514],[153.0358,-27.1516],[153.0337,-27.1494],[153.0332,-27.1465],[153.0361,-27.1372],[153.0356,-27.1315],[153.0346,-27.1287],[153.033,-27.1277],[153.0229,-27.125],[153.0199,-27.12],[153.0177,-27.1093],[153.0158,-27.1082],[153.0133,-27.1089],[153.0126,-27.1099],[153.0127,-27.1134],[153.0112,-27.1135],[153.0093,-27.112],[153.0086,-27.113],[153.0091,-27.1144],[153.0088,-27.1154],[153.004,-27.1148],[153.0028,-27.113],[153.0033,-27.1118],[153.0055,-27.1113],[153.0071,-27.1089],[153.0084,-27.108],[153.0116,-27.1079],[153.0129,-27.1071],[153.0118,-27.1045],[153.0107,-27.1043],[153.009,-27.1055],[153.0069,-27.1045],[153.0072,-27.1033],[153.0086,-27.102],[153.0084,-27.1013],[153.0067,-27.1008],[153.0062,-27.1031],[153.0046,-27.104],[153.0017,-27.1032],[153,-27.1006],[152.9984,-27.1007],[152.998,-27.1012],[152.9994,-27.1023],[152.9995,-27.1034],[152.9929,-27.1059],[152.9918,-27.1042],[152.9942,-27.104],[152.9951,-27.1032],[152.9946,-27.1006],[152.9913,-27.0982],[152.9879,-27.1001],[152.9865,-27.1001],[152.9841,-27.0962],[152.9805,-27.0957],[152.9794,-27.0948],[152.9782,-27.0927],[152.978,-27.0901],[152.9768,-27.0897],[152.9753,-27.09],[152.9776,-27.1334]]]}},{"type":"Feature","properties":{"name":"Caboolture - East","code":"313021572","centroid":[152.9938,-27.06636]},"geometry":{"type":"Polygon","coordinates":[[[152.9493,-27.0718],[152.9502,-27.0752],[152.9554,-27.0865],[152.9595,-27.0869],[152.9617,-27.0888],[152.9678,-27.0911],[152.9687,-27.0928],[152.9679,-27.0939],[152.9683,-27.0947],[152.971,-27.0949],[152.975,-27.0902],[152.9773,-27.0898],[152.978,-27.0901],[152.9782,-27.0927],[152.9794,-27.0948],[152.9805,-27.0957],[152.9841,-27.0962],[152.9865,-27.1001],[152.9879,-27.1001],[152.9913,-27.0982],[152.9946,-27.1006],[152.9951,-27.1032],[152.9942,-27.104],[152.9918,-27.1042],[152.9929,-27.1059],[152.9959,-27.1044],[152.999,-27.1038],[152.9994,-27.1023],[152.998,-27.1009],[152.9994,-27.1005],[153.0008,-27.1011],[153.0017,-27.1032],[153.0046,-27.104],[153.0062,-27.1031],[153.0065,-27.1011],[153.0073,-27.1008],[153.0086,-27.1016],[153.0069,-27.1037],[153.0074,-27.105],[153.009,-27.1055],[153.0107,-27.1043],[153.0124,-27.1052],[153.0135,-27.1047],[153.012,-27.0991],[153.0055,-27.09],[153.0059,-27.0903],[153.006,-27.0895],[153.0086,-27.0875],[153.0271,-27.09],[153.0258,-27.0973],[153.0298,-27.0978],[153.0311,-27.0905],[153.0383,-27.0915],[153.0361,-27.0905],[153.0349,-27.0882],[153.0358,-27.085],[153.0355,-27.0837],[153.0283,-27.0829],[153.0285,-27.0811],[153.0254,-27.0806],[153.0266,-27.0726],[153.0282,-27.0725],[153.0289,-27.0682],[153.0275,-27.0637],[153.028,-27.0618],[153.0366,-27.063],[153.0398,-27.0448],[153.0356,-27.0443],[153.0363,-27.0396],[153.0236,-27.0377],[153.025,-27.0298],[153.0181,-27.0313],[153.0165,-27.0326],[153.0105,-27.0353],[153.003,-27.0402],[152.9984,-27.0412],[152.9894,-27.0398],[152.9793,-27.0403],[152.9758,-27.0408],[152.9696,-27.0434],[152.9616,-27.0424],[152.9612,-27.0454],[152.9479,-27.0439],[152.9493,-27.0718]]]}},{"type":"Feature","properties":{"name":"Caboolture - South","code":"313021366","centroid":[152.93557,-27.10247]},"geometry":{"type":"Polygon","coordinates":[[[152.9122,-27.1013],[152.9113,-27.1059],[152.9167,-27.1071],[152.9195,-27.1087],[152.9209,-27.1087],[152.9226,-27.1078],[152.9231,-27.1084],[152.9223,-27.1127],[152.9306,-27.1139],[152.9299,-27.1159],[152.9285,-27.1157],[152.9289,-27.1173],[152.9275,-27.1192],[152.9444,-27.1218],[152.9445,-27.1228],[152.9582,-27.1247],[152.9576,-27.1196],[152.954,-27.1133],[152.9521,-27.1074],[152.9525,-27.098],[152.9562,-27.0892],[152.9554,-27.0865],[152.9523,-27.0893],[152.9474,-27.0913],[152.9417,-27.0873],[152.9383,-27.0866],[152.9359,-27.0868],[152.9348,-27.0856],[152.9354,-27.0833],[152.93,-27.0814],[152.9272,-27.0811],[152.926,-27.0831],[152.924,-27.0835],[152.9215,-27.0828],[152.9212,-27.0834],[152.9192,-27.083],[152.9168,-27.0848],[152.9164,-27.0858],[152.9174,-27.088],[152.9158,-27.0888],[152.9167,-27.0897],[152.9165,-27.0917],[152.9158,-27.0916],[152.9145,-27.0941],[152.918,-27.0954],[152.9175,-27.0972],[152.912,-27.0985],[152.9109,-27.0976],[152.9103,-27.1011],[152.9122,-27.1013]]]}},{"type":"Feature","properties":{"name":"Caboolture - West","code":"313021573","centroid":[152.92613,-27.05694]},"geometry":{"type":"Polygon","coordinates":[[[152.8999,-27.055],[152.8995,-27.0572],[152.9017,-27.0584],[152.9013,-27.0615],[152.9022,-27.0641],[152.9038,-27.0641],[152.9066,-27.0662],[152.9115,-27.0682],[152.9113,-27.0699],[152.9123,-27.0719],[152.9139,-27.0712],[152.9136,-27.0698],[152.9156,-27.0707],[152.9162,-27.0703],[152.9177,-27.0724],[152.9185,-27.0725],[152.9184,-27.0734],[152.9179,-27.0733],[152.9183,-27.0743],[152.9176,-27.0761],[152.9184,-27.0764],[152.9194,-27.0788],[152.9224,-27.0817],[152.9226,-27.0829],[152.924,-27.0835],[152.926,-27.0831],[152.9274,-27.081],[152.9348,-27.083],[152.9356,-27.0838],[152.9348,-27.0856],[152.9359,-27.0868],[152.9383,-27.0866],[152.9417,-27.0873],[152.9474,-27.0913],[152.9523,-27.0893],[152.9554,-27.0865],[152.9494,-27.0731],[152.9476,-27.0432],[152.9334,-27.0413],[152.9322,-27.0352],[152.9301,-27.0302],[152.9016,-27.0261],[152.8999,-27.0354],[152.8983,-27.0352],[152.8975,-27.0399],[152.9006,-27.0404],[152.9004,-27.0414],[152.902,-27.0417],[152.9014,-27.0455],[152.9035,-27.0458],[152.9028,-27.0502],[152.9007,-27.0499],[152.8999,-27.055]]]}},{"type":"Feature","properties":{"name":"Calamvale - Stretton","code":"303051073","centroid":[153.06741,-27.62832]},"geometry":{"type":"Polygon","coordinates":[[[153.034,-27.6206],[153.0333,-27.6213],[153.0325,-27.6282],[153.0464,-27.6304],[153.0467,-27.6322],[153.0447,-27.6384],[153.0699,-27.6421],[153.0686,-27.6504],[153.0677,-27.6511],[153.0684,-27.6515],[153.0682,-27.6523],[153.0695,-27.6529],[153.0721,-27.651],[153.0771,-27.6521],[153.0843,-27.6497],[153.0859,-27.6485],[153.0955,-27.6452],[153.0944,-27.6429],[153.0968,-27.642],[153.0959,-27.6399],[153.0965,-27.6396],[153.0946,-27.6393],[153.0962,-27.6303],[153.0949,-27.63],[153.0946,-27.6318],[153.091,-27.6289],[153.0915,-27.6263],[153.0967,-27.6273],[153.0975,-27.6229],[153.0958,-27.6211],[153.0937,-27.6208],[153.0947,-27.6174],[153.0843,-27.6162],[153.0763,-27.6127],[153.0676,-27.6113],[153.0578,-27.6117],[153.0511,-27.6112],[153.0497,-27.6095],[153.0464,-27.6077],[153.043,-27.6041],[153.0425,-27.6099],[153.0407,-27.6121],[153.0353,-27.6165],[153.034,-27.6206]]]}},{"type":"Feature","properties":{"name":"Camira - Gailes","code":"310041297","centroid":[152.91977,-27.6311]},"geometry":{"type":"Polygon","coordinates":[[[152.9069,-27.6264],[152.9058,-27.6258],[152.9065,-27.6235],[152.906,-27.6226],[152.9016,-27.6259],[152.9036,-27.6321],[152.9057,-27.6331],[152.9075,-27.6323],[152.9078,-27.6328],[152.9076,-27.6337],[152.9042,-27.6363],[152.9024,-27.636],[152.9009,-27.6369],[152.917,-27.6392],[152.9189,-27.6433],[152.9199,-27.6484],[152.9239,-27.6547],[152.9247,-27.6577],[152.9369,-27.6441],[152.9385,-27.6405],[152.9394,-27.6363],[152.9306,-27.6348],[152.9325,-27.6253],[152.9184,-27.6231],[152.9179,-27.6218],[152.9145,-27.6212],[152.9162,-27.6158],[152.9178,-27.616],[152.9228,-27.6069],[152.9205,-27.6057],[152.9155,-27.605],[152.9135,-27.606],[152.9089,-27.6064],[152.9085,-27.6077],[152.9066,-27.6087],[152.9053,-27.6105],[152.9058,-27.611],[152.9082,-27.6107],[152.9101,-27.613],[152.9098,-27.6138],[152.9088,-27.6142],[152.909,-27.6151],[152.9075,-27.6146],[152.906,-27.6157],[152.9058,-27.6169],[152.9069,-27.6186],[152.9072,-27.6206],[152.909,-27.623],[152.9077,-27.6246],[152.9077,-27.626],[152.9069,-27.6264]]]}},{"type":"Feature","properties":{"name":"Camp Hill","code":"303011047","centroid":[153.07802,-27.49635]},"geometry":{"type":"Polygon","coordinates":[[[153.0874,-27.4834],[153.0877,-27.4815],[153.0845,-27.481],[153.0844,-27.4822],[153.0815,-27.4826],[153.0815,-27.4854],[153.0794,-27.4869],[153.0785,-27.4868],[153.0783,-27.4874],[153.0718,-27.4862],[153.0714,-27.4881],[153.0635,-27.4867],[153.0647,-27.49],[153.0644,-27.4922],[153.0651,-27.4921],[153.0659,-27.4949],[153.0648,-27.4955],[153.0682,-27.4978],[153.0681,-27.4987],[153.0758,-27.5],[153.0752,-27.5034],[153.0753,-27.5125],[153.0746,-27.5137],[153.079,-27.5132],[153.081,-27.5106],[153.0852,-27.5092],[153.0865,-27.5074],[153.0873,-27.5033],[153.0859,-27.5029],[153.0872,-27.496],[153.0854,-27.4945],[153.0874,-27.4834]]]}},{"type":"Feature","properties":{"name":"Cannon Hill","code":"303011048","centroid":[153.0948,-27.47243]},"geometry":{"type":"Polygon","coordinates":[[[153.0819,-27.4624],[153.08,-27.4655],[153.0786,-27.4666],[153.0808,-27.4671],[153.0799,-27.4674],[153.079,-27.4725],[153.0953,-27.475],[153.0961,-27.4772],[153.0958,-27.4791],[153.1017,-27.4799],[153.0991,-27.4815],[153.1003,-27.4817],[153.0988,-27.4834],[153.1042,-27.4842],[153.1039,-27.486],[153.1127,-27.4872],[153.1123,-27.4832],[153.109,-27.4828],[153.109,-27.4813],[153.1074,-27.4793],[153.1097,-27.4791],[153.1105,-27.4764],[153.1082,-27.4759],[153.1056,-27.477],[153.1059,-27.4753],[153.1035,-27.473],[153.1052,-27.4716],[153.1064,-27.473],[153.1072,-27.4713],[153.0963,-27.4696],[153.0967,-27.4667],[153.091,-27.4653],[153.0908,-27.4643],[153.0897,-27.4636],[153.0908,-27.458],[153.0879,-27.4575],[153.0851,-27.4586],[153.0819,-27.4624]]]}},{"type":"Feature","properties":{"name":"Capalaba","code":"301011004","centroid":[153.20298,-27.54308]},"geometry":{"type":"Polygon","coordinates":[[[153.1756,-27.5334],[153.1724,-27.535],[153.1719,-27.5364],[153.1735,-27.539],[153.1743,-27.5422],[153.1781,-27.5429],[153.1804,-27.5411],[153.1829,-27.5416],[153.1823,-27.5431],[153.1833,-27.5446],[153.1834,-27.546],[153.1822,-27.5497],[153.1891,-27.552],[153.19,-27.5564],[153.1907,-27.558],[153.1916,-27.5585],[153.1918,-27.5597],[153.1953,-27.56],[153.2004,-27.563],[153.2081,-27.5643],[153.2126,-27.5679],[153.214,-27.5683],[153.2232,-27.5675],[153.2291,-27.565],[153.2351,-27.5655],[153.2332,-27.5576],[153.2313,-27.5525],[153.2274,-27.5493],[153.222,-27.5477],[153.2085,-27.5358],[153.2075,-27.5355],[153.2086,-27.5317],[153.2072,-27.5297],[153.2091,-27.5299],[153.2107,-27.5213],[153.2115,-27.5213],[153.2126,-27.5142],[153.2072,-27.5134],[153.2063,-27.5152],[153.2012,-27.5142],[153.1966,-27.5165],[153.1937,-27.5153],[153.1936,-27.518],[153.1891,-27.5177],[153.1844,-27.5216],[153.184,-27.523],[153.1858,-27.5275],[153.1856,-27.5285],[153.1822,-27.5301],[153.1801,-27.5297],[153.1756,-27.5334]]]}},{"type":"Feature","properties":{"name":"Carina","code":"303011049","centroid":[153.09877,-27.48756]},"geometry":{"type":"Polygon","coordinates":[[[153.0865,-27.4891],[153.0854,-27.4945],[153.0863,-27.4957],[153.0958,-27.496],[153.0981,-27.497],[153.1007,-27.499],[153.1019,-27.4915],[153.12,-27.4941],[153.1208,-27.4924],[153.1206,-27.4907],[153.1191,-27.4903],[153.1201,-27.4895],[153.1195,-27.4876],[153.1204,-27.4874],[153.1201,-27.4868],[153.1157,-27.4866],[153.1133,-27.4882],[153.1127,-27.4872],[153.1039,-27.486],[153.1042,-27.4842],[153.0988,-27.4834],[153.1003,-27.4817],[153.0991,-27.4815],[153.1017,-27.4799],[153.0958,-27.4791],[153.0961,-27.4772],[153.0953,-27.475],[153.0892,-27.4738],[153.0877,-27.4738],[153.0876,-27.4747],[153.0889,-27.4749],[153.0876,-27.4768],[153.0884,-27.4777],[153.0867,-27.4851],[153.0865,-27.4891]]]}},{"type":"Feature","properties":{"name":"Carina Heights","code":"303011050","centroid":[153.09128,-27.50725]},"geometry":{"type":"Polygon","coordinates":[[[153.0868,-27.4982],[153.0859,-27.5029],[153.0873,-27.5033],[153.0865,-27.5074],[153.0852,-27.5092],[153.081,-27.5106],[153.079,-27.5132],[153.0758,-27.5137],[153.083,-27.5169],[153.0847,-27.5169],[153.0878,-27.5157],[153.0902,-27.5169],[153.0972,-27.5175],[153.1007,-27.499],[153.0969,-27.4963],[153.0916,-27.4955],[153.0872,-27.496],[153.0868,-27.4982]]]}},{"type":"Feature","properties":{"name":"Carindale","code":"303011051","centroid":[153.11323,-27.51055]},"geometry":{"type":"Polygon","coordinates":[[[153.0995,-27.5052],[153.0972,-27.5175],[153.1043,-27.5187],[153.1035,-27.5224],[153.102,-27.5232],[153.1017,-27.5253],[153.1032,-27.5263],[153.1033,-27.5273],[153.1057,-27.5289],[153.111,-27.5264],[153.1131,-27.5265],[153.1136,-27.5285],[153.1149,-27.5281],[153.1162,-27.5304],[153.1186,-27.5322],[153.1179,-27.5361],[153.1203,-27.5365],[153.1232,-27.5313],[153.1253,-27.5204],[153.126,-27.5121],[153.1245,-27.5046],[153.1261,-27.4981],[153.1261,-27.4958],[153.1215,-27.4864],[153.1195,-27.4875],[153.1201,-27.4895],[153.1191,-27.4903],[153.1205,-27.4906],[153.1208,-27.4914],[153.12,-27.4941],[153.1019,-27.4915],[153.0995,-27.5052]]]}},{"type":"Feature","properties":{"name":"Carole Park","code":"310041298","centroid":[152.92964,-27.62128]},"geometry":{"type":"Polygon","coordinates":[[[152.9154,-27.6192],[152.9145,-27.6212],[152.9179,-27.6218],[152.9184,-27.6231],[152.9325,-27.6253],[152.9306,-27.6348],[152.9394,-27.6363],[152.9417,-27.6265],[152.9404,-27.6253],[152.9407,-27.6234],[152.9384,-27.619],[152.9327,-27.6127],[152.9286,-27.6113],[152.9228,-27.6069],[152.9178,-27.616],[152.9162,-27.6158],[152.9154,-27.6192]]]}},{"type":"Feature","properties":{"name":"Carseldine","code":"302011024","centroid":[153.01548,-27.34741]},"geometry":{"type":"Polygon","coordinates":[[[153.0056,-27.345],[153.0034,-27.3568],[153.0068,-27.3571],[153.0079,-27.3584],[153.0076,-27.3594],[153.0088,-27.3601],[153.0098,-27.3595],[153.0109,-27.3602],[153.0119,-27.3589],[153.014,-27.3581],[153.0152,-27.3583],[153.0147,-27.3577],[153.0149,-27.3566],[153.0163,-27.3559],[153.0165,-27.3544],[153.0184,-27.353],[153.0203,-27.353],[153.0208,-27.3523],[153.0233,-27.3531],[153.0248,-27.3528],[153.026,-27.3539],[153.0286,-27.3532],[153.0307,-27.3536],[153.0309,-27.3526],[153.0321,-27.3528],[153.0303,-27.3512],[153.0278,-27.345],[153.0226,-27.3382],[153.0075,-27.3358],[153.0056,-27.345]]]}},{"type":"Feature","properties":{"name":"Cashmere","code":"314011383","centroid":[152.9214,-27.29844]},"geometry":{"type":"Polygon","coordinates":[[[152.8936,-27.3034],[152.8957,-27.3054],[152.8969,-27.3101],[152.8984,-27.3108],[152.8988,-27.3118],[152.9005,-27.3119],[152.9012,-27.3127],[152.9018,-27.314],[152.9017,-27.3162],[152.9034,-27.317],[152.9039,-27.3183],[152.9066,-27.3196],[152.9073,-27.3217],[152.9104,-27.3232],[152.9123,-27.3233],[152.9126,-27.3259],[152.9148,-27.3282],[152.9154,-27.3305],[152.9167,-27.3315],[152.9172,-27.333],[152.9214,-27.3304],[152.9287,-27.3311],[152.9348,-27.3278],[152.9372,-27.3296],[152.9486,-27.3295],[152.9525,-27.3311],[152.9607,-27.337],[152.9622,-27.3276],[152.9635,-27.3243],[152.9605,-27.3239],[152.9612,-27.3223],[152.9615,-27.3177],[152.9635,-27.3134],[152.9644,-27.3051],[152.9641,-27.3042],[152.9619,-27.303],[152.9579,-27.2958],[152.9543,-27.2927],[152.949,-27.279],[152.9544,-27.2662],[152.9501,-27.2617],[152.9496,-27.2603],[152.9506,-27.2593],[152.9489,-27.257],[152.9458,-27.2569],[152.9423,-27.2621],[152.9375,-27.2635],[152.9372,-27.265],[152.9383,-27.2663],[152.94,-27.2666],[152.9402,-27.2679],[152.9394,-27.2684],[152.9404,-27.2691],[152.9405,-27.2717],[152.9387,-27.2731],[152.9369,-27.2711],[152.9362,-27.2713],[152.9372,-27.2734],[152.9385,-27.2741],[152.9386,-27.2751],[152.9361,-27.2755],[152.9351,-27.2747],[152.9339,-27.277],[152.9313,-27.2775],[152.9321,-27.2762],[152.9311,-27.2756],[152.9317,-27.2745],[152.9325,-27.2743],[152.9326,-27.2734],[152.9308,-27.2728],[152.9294,-27.2738],[152.9285,-27.2735],[152.927,-27.2764],[152.9256,-27.2745],[152.925,-27.2755],[152.9253,-27.2766],[152.9245,-27.2771],[152.9276,-27.279],[152.9276,-27.2797],[152.9285,-27.2798],[152.929,-27.2823],[152.9281,-27.2831],[152.9263,-27.2824],[152.9258,-27.2833],[152.9264,-27.2843],[152.9252,-27.2842],[152.9231,-27.2876],[152.9243,-27.2824],[152.9213,-27.2818],[152.9209,-27.2838],[152.9216,-27.2844],[152.921,-27.2852],[152.9214,-27.2866],[152.9208,-27.2875],[152.9184,-27.2848],[152.9163,-27.2869],[152.9172,-27.2884],[152.9186,-27.2888],[152.9169,-27.2895],[152.917,-27.2908],[152.9185,-27.293],[152.9166,-27.2931],[152.9172,-27.2921],[152.9164,-27.291],[152.9162,-27.2888],[152.9148,-27.2894],[152.914,-27.2909],[152.914,-27.2898],[152.9152,-27.288],[152.9147,-27.2863],[152.9169,-27.2833],[152.9169,-27.2817],[152.9143,-27.2849],[152.9127,-27.2855],[152.9129,-27.2863],[152.9103,-27.2915],[152.9114,-27.288],[152.9105,-27.2872],[152.9115,-27.2862],[152.9108,-27.2856],[152.9126,-27.2837],[152.9101,-27.2839],[152.9081,-27.2867],[152.9076,-27.2894],[152.9062,-27.2902],[152.906,-27.2914],[152.9059,-27.29],[152.9048,-27.2902],[152.907,-27.2894],[152.9071,-27.2872],[152.9055,-27.2875],[152.9061,-27.2864],[152.9073,-27.2863],[152.9087,-27.2843],[152.9073,-27.2838],[152.902,-27.2847],[152.907,-27.283],[152.9073,-27.2824],[152.9086,-27.2831],[152.9099,-27.2821],[152.9119,-27.2823],[152.9146,-27.2805],[152.9095,-27.2787],[152.9136,-27.2793],[152.9144,-27.2787],[152.9127,-27.2759],[152.9107,-27.276],[152.9121,-27.2742],[152.9125,-27.27],[152.9121,-27.2693],[152.9108,-27.2693],[152.909,-27.2707],[152.9078,-27.2696],[152.9052,-27.2705],[152.9054,-27.2724],[152.9076,-27.274],[152.9071,-27.2748],[152.9079,-27.2755],[152.9069,-27.276],[152.9055,-27.2796],[152.9059,-27.2747],[152.9048,-27.2737],[152.9034,-27.2749],[152.9036,-27.2726],[152.9024,-27.2723],[152.9022,-27.2739],[152.9035,-27.2764],[152.9029,-27.2768],[152.9033,-27.2791],[152.9027,-27.2788],[152.9015,-27.2799],[152.9017,-27.281],[152.8999,-27.2811],[152.8996,-27.2827],[152.8992,-27.2821],[152.8981,-27.2829],[152.8992,-27.2811],[152.8975,-27.282],[152.9004,-27.2802],[152.9014,-27.2786],[152.9008,-27.2778],[152.901,-27.2763],[152.9001,-27.2761],[152.9004,-27.2752],[152.899,-27.2744],[152.8992,-27.276],[152.8985,-27.2769],[152.8993,-27.2777],[152.8986,-27.2783],[152.8987,-27.2791],[152.8975,-27.2799],[152.8974,-27.2781],[152.8966,-27.2779],[152.8951,-27.2783],[152.8953,-27.2797],[152.8935,-27.2792],[152.8931,-27.2798],[152.8938,-27.2805],[152.8934,-27.2827],[152.8928,-27.2809],[152.8921,-27.2809],[152.8915,-27.2796],[152.8907,-27.2802],[152.8906,-27.2824],[152.8917,-27.2848],[152.8906,-27.2832],[152.8889,-27.2826],[152.8881,-27.2842],[152.8884,-27.2855],[152.8874,-27.2825],[152.8861,-27.2845],[152.8849,-27.2852],[152.8851,-27.2868],[152.8862,-27.2872],[152.8851,-27.2872],[152.8836,-27.2847],[152.885,-27.2842],[152.8846,-27.2839],[152.8861,-27.2805],[152.8849,-27.2812],[152.8823,-27.2809],[152.8865,-27.2795],[152.887,-27.2802],[152.8867,-27.2816],[152.8892,-27.2817],[152.8895,-27.2814],[152.8887,-27.2797],[152.8866,-27.279],[152.8882,-27.2789],[152.8888,-27.2778],[152.8901,-27.278],[152.8922,-27.2767],[152.8948,-27.2765],[152.896,-27.2751],[152.8958,-27.2745],[152.8934,-27.2749],[152.8931,-27.2756],[152.8922,-27.2754],[152.8917,-27.276],[152.8909,-27.2755],[152.8889,-27.2767],[152.8891,-27.2745],[152.888,-27.2743],[152.8875,-27.2751],[152.8854,-27.2753],[152.8869,-27.2739],[152.8863,-27.273],[152.8923,-27.2734],[152.892,-27.2728],[152.8931,-27.2721],[152.8929,-27.271],[152.8953,-27.2718],[152.8951,-27.2711],[152.8958,-27.2701],[152.8946,-27.2682],[152.8944,-27.2689],[152.8923,-27.2692],[152.8925,-27.27],[152.8918,-27.2701],[152.8915,-27.2713],[152.8908,-27.2706],[152.8883,-27.2716],[152.8911,-27.2685],[152.8895,-27.2683],[152.891,-27.2675],[152.8909,-27.2665],[152.8916,-27.2663],[152.8915,-27.2653],[152.8907,-27.265],[152.8921,-27.2644],[152.8934,-27.2627],[152.893,-27.2624],[152.8915,-27.2636],[152.8914,-27.2598],[152.8891,-27.2581],[152.8873,-27.2586],[152.8869,-27.2592],[152.8879,-27.2607],[152.8881,-27.2631],[152.887,-27.2647],[152.8873,-27.2652],[152.8866,-27.2652],[152.8848,-27.268],[152.8869,-27.263],[152.8868,-27.2617],[152.8859,-27.2607],[152.8837,-27.2643],[152.8834,-27.266],[152.8827,-27.2658],[152.8826,-27.2671],[152.8814,-27.2668],[152.8813,-27.268],[152.8803,-27.2681],[152.8805,-27.2691],[152.8787,-27.2695],[152.8785,-27.2705],[152.8793,-27.2718],[152.8787,-27.2713],[152.8776,-27.2718],[152.8781,-27.2727],[152.877,-27.2736],[152.8771,-27.2749],[152.8781,-27.2756],[152.8793,-27.2753],[152.879,-27.2766],[152.8776,-27.2768],[152.8774,-27.2778],[152.8779,-27.2784],[152.8769,-27.28],[152.8769,-27.2786],[152.8759,-27.2768],[152.8753,-27.2768],[152.874,-27.2785],[152.874,-27.2801],[152.8728,-27.281],[152.8738,-27.2802],[152.8737,-27.2793],[152.8724,-27.2794],[152.8739,-27.2756],[152.8705,-27.2804],[152.8665,-27.2847],[152.8664,-27.2862],[152.8681,-27.291],[152.8679,-27.2941],[152.8691,-27.2963],[152.8764,-27.3015],[152.8771,-27.3026],[152.8794,-27.3025],[152.8821,-27.3046],[152.8861,-27.3055],[152.8864,-27.304],[152.8881,-27.3022],[152.892,-27.3026],[152.8936,-27.3034]]]}},{"type":"Feature","properties":{"name":"Chambers Flat - Logan Reserve","code":"311031313","centroid":[153.08886,-27.73672]},"geometry":{"type":"Polygon","coordinates":[[[153.0946,-27.7061],[153.0906,-27.7219],[153.0649,-27.7187],[153.0638,-27.7252],[153.0646,-27.7253],[153.0633,-27.7325],[153.0624,-27.7324],[153.0602,-27.7449],[153.0512,-27.7436],[153.0489,-27.7567],[153.0454,-27.7599],[153.0332,-27.7582],[153.0328,-27.7605],[153.0333,-27.7619],[153.0355,-27.7618],[153.0388,-27.766],[153.041,-27.7694],[153.0419,-27.7738],[153.0434,-27.7745],[153.0458,-27.7736],[153.0518,-27.7681],[153.0553,-27.761],[153.0561,-27.7563],[153.0578,-27.7529],[153.0687,-27.75],[153.07,-27.7514],[153.0675,-27.7522],[153.0638,-27.7546],[153.0644,-27.7586],[153.0696,-27.7629],[153.0731,-27.7638],[153.0765,-27.7672],[153.0835,-27.7699],[153.0857,-27.7701],[153.0893,-27.7675],[153.0904,-27.766],[153.0923,-27.7656],[153.095,-27.7669],[153.0972,-27.7717],[153.1001,-27.771],[153.1024,-27.7693],[153.1032,-27.767],[153.1016,-27.7567],[153.1083,-27.752],[153.112,-27.7503],[153.1152,-27.7471],[153.1197,-27.7441],[153.1208,-27.7422],[153.1209,-27.7409],[153.1194,-27.7376],[153.1084,-27.7312],[153.1135,-27.7288],[153.1234,-27.7215],[153.1236,-27.7192],[153.1224,-27.7165],[153.1223,-27.7114],[153.1226,-27.7092],[153.1251,-27.7034],[153.1251,-27.6992],[153.1263,-27.6949],[153.1246,-27.6941],[153.1215,-27.6959],[153.1216,-27.6951],[153.1198,-27.6947],[153.1192,-27.6961],[153.1201,-27.6972],[153.1183,-27.6985],[153.1182,-27.6996],[153.1102,-27.6985],[153.111,-27.6937],[153.1025,-27.6924],[153.1024,-27.6954],[153.1014,-27.6971],[153.0946,-27.7061]]]}},{"type":"Feature","properties":{"name":"Chapel Hill","code":"304021088","centroid":[152.94838,-27.49881]},"geometry":{"type":"Polygon","coordinates":[[[152.9384,-27.4981],[152.9381,-27.5003],[152.939,-27.5029],[152.9424,-27.5073],[152.9437,-27.5081],[152.9486,-27.5072],[152.9504,-27.5075],[152.9502,-27.5091],[152.9509,-27.5093],[152.9519,-27.5114],[152.9508,-27.5134],[152.95,-27.5137],[152.9503,-27.5157],[152.9523,-27.5159],[152.955,-27.5171],[152.9586,-27.5105],[152.9578,-27.5075],[152.9624,-27.5036],[152.9621,-27.5021],[152.9628,-27.5],[152.9597,-27.4973],[152.9602,-27.4937],[152.9558,-27.493],[152.9548,-27.4913],[152.955,-27.4901],[152.9485,-27.4893],[152.9475,-27.4944],[152.9436,-27.4938],[152.9448,-27.487],[152.9432,-27.4868],[152.9437,-27.4827],[152.9379,-27.482],[152.9363,-27.4836],[152.9362,-27.485],[152.937,-27.4868],[152.9367,-27.4876],[152.9327,-27.4901],[152.9325,-27.4912],[152.9358,-27.4932],[152.9372,-27.4971],[152.9384,-27.4981]]]}},{"type":"Feature","properties":{"name":"Chelmer - Graceville","code":"304031092","centroid":[152.9789,-27.51786]},"geometry":{"type":"Polygon","coordinates":[[[152.9679,-27.5153],[152.9712,-27.5235],[152.9911,-27.5264],[152.9924,-27.526],[152.9947,-27.5271],[152.9963,-27.5264],[152.9954,-27.5246],[152.9877,-27.5189],[152.9815,-27.5123],[152.973,-27.5061],[152.9714,-27.5064],[152.9691,-27.509],[152.9678,-27.5124],[152.9679,-27.5153]]]}},{"type":"Feature","properties":{"name":"Chermside","code":"302021028","centroid":[153.0321,-27.38546]},"geometry":{"type":"Polygon","coordinates":[[[153.0226,-27.3806],[153.0204,-27.3926],[153.0247,-27.3925],[153.0354,-27.3941],[153.0363,-27.3914],[153.0378,-27.3916],[153.0379,-27.3908],[153.0367,-27.3906],[153.0369,-27.3899],[153.0393,-27.3898],[153.0402,-27.391],[153.0421,-27.3913],[153.0428,-27.3877],[153.0444,-27.3879],[153.0459,-27.3796],[153.0438,-27.38],[153.0421,-27.3796],[153.0406,-27.3804],[153.0368,-27.3791],[153.036,-27.3792],[153.0357,-27.3801],[153.0306,-27.3796],[153.0297,-27.3801],[153.0275,-27.3765],[153.0241,-27.3742],[153.0226,-27.3806]]]}},{"type":"Feature","properties":{"name":"Chermside West","code":"302021029","centroid":[153.01238,-27.38316]},"geometry":{"type":"Polygon","coordinates":[[[153.0018,-27.3777],[153.0011,-27.3776],[153.0003,-27.3813],[153.0035,-27.3818],[153.002,-27.3897],[153.0204,-27.3926],[153.0235,-27.3759],[153.0169,-27.375],[153.0141,-27.3764],[153.0078,-27.3754],[153.0076,-27.3759],[153.0049,-27.3745],[153.0018,-27.3777]]]}},{"type":"Feature","properties":{"name":"Churchill - Yamanto","code":"310031285","centroid":[152.74238,-27.64988]},"geometry":{"type":"Polygon","coordinates":[[[152.7428,-27.6441],[152.7421,-27.645],[152.7406,-27.6448],[152.7382,-27.6425],[152.7387,-27.6388],[152.7365,-27.6352],[152.7336,-27.6344],[152.7321,-27.6309],[152.7284,-27.6322],[152.7289,-27.6348],[152.7315,-27.6357],[152.7295,-27.6371],[152.726,-27.6369],[152.7243,-27.6383],[152.7242,-27.6402],[152.7262,-27.6405],[152.7276,-27.6397],[152.7293,-27.6404],[152.7307,-27.6441],[152.7309,-27.6465],[152.7302,-27.6473],[152.731,-27.6479],[152.731,-27.6503],[152.7293,-27.6506],[152.7279,-27.6522],[152.727,-27.6523],[152.7262,-27.6552],[152.723,-27.6545],[152.7239,-27.6571],[152.7232,-27.6577],[152.7229,-27.6597],[152.7221,-27.6597],[152.7221,-27.6587],[152.7206,-27.6584],[152.7194,-27.6596],[152.7205,-27.6609],[152.7472,-27.665],[152.7523,-27.6647],[152.7594,-27.6628],[152.7611,-27.6602],[152.7587,-27.6567],[152.7587,-27.6539],[152.7578,-27.6507],[152.7571,-27.6505],[152.7552,-27.6521],[152.7543,-27.6508],[152.7549,-27.6496],[152.7545,-27.6467],[152.7564,-27.6464],[152.755,-27.6429],[152.7566,-27.6415],[152.7566,-27.6399],[152.7557,-27.6394],[152.7544,-27.6345],[152.7512,-27.6333],[152.7497,-27.6341],[152.7489,-27.6321],[152.7504,-27.6316],[152.7484,-27.6305],[152.7518,-27.6271],[152.7519,-27.6254],[152.7508,-27.625],[152.75,-27.6237],[152.7492,-27.6243],[152.7475,-27.624],[152.7478,-27.6267],[152.7459,-27.6292],[152.7459,-27.6415],[152.7428,-27.6441]]]}},{"type":"Feature","properties":{"name":"Clayfield","code":"305031122","centroid":[153.05445,-27.41904]},"geometry":{"type":"Polygon","coordinates":[[[153.0508,-27.414],[153.0507,-27.4149],[153.0484,-27.4146],[153.0472,-27.4214],[153.0453,-27.4211],[153.045,-27.4229],[153.0457,-27.423],[153.0452,-27.428],[153.0479,-27.4282],[153.0503,-27.427],[153.0504,-27.428],[153.0511,-27.4283],[153.0506,-27.4292],[153.058,-27.4302],[153.06,-27.4185],[153.064,-27.419],[153.0646,-27.4157],[153.0626,-27.4154],[153.0634,-27.4108],[153.0584,-27.4101],[153.0521,-27.4058],[153.0508,-27.414]]]}},{"type":"Feature","properties":{"name":"Cleveland","code":"301021007","centroid":[153.26747,-27.53302]},"geometry":{"type":"MultiPolygon","coordinates":[[[[153.2501,-27.5295],[153.2494,-27.5311],[153.2507,-27.5318],[153.2506,-27.5325],[153.248,-27.5337],[153.2468,-27.5372],[153.2439,-27.5388],[153.2455,-27.5402],[153.2459,-27.5426],[153.2448,-27.5436],[153.2448,-27.5448],[153.243,-27.5455],[153.2422,-27.5469],[153.2811,-27.5493],[153.2812,-27.5478],[153.2831,-27.5474],[153.2837,-27.5463],[153.2834,-27.5448],[153.2822,-27.5428],[153.2802,-27.5426],[153.2779,-27.5405],[153.282,-27.5358],[153.2843,-27.5355],[153.2848,-27.5349],[153.2844,-27.531],[153.2836,-27.5296],[153.2851,-27.5294],[153.2847,-27.5276],[153.2857,-27.5264],[153.2854,-27.5259],[153.2881,-27.52],[153.2894,-27.5133],[153.2907,-27.511],[153.2895,-27.5094],[153.2888,-27.5095],[153.2893,-27.5117],[153.2887,-27.5133],[153.288,-27.5145],[153.2866,-27.5141],[153.2859,-27.5157],[153.2848,-27.5155],[153.2847,-27.515],[153.2823,-27.5151],[153.2815,-27.5158],[153.2814,-27.5151],[153.2805,-27.5152],[153.2802,-27.5162],[153.278,-27.5157],[153.2717,-27.5165],[153.2703,-27.5161],[153.27,-27.5166],[153.269,-27.5159],[153.2646,-27.516],[153.2636,-27.5185],[153.2651,-27.5218],[153.2643,-27.5227],[153.2641,-27.5246],[153.2466,-27.5236],[153.2472,-27.5246],[153.2465,-27.5252],[153.2467,-27.5266],[153.2484,-27.5275],[153.2479,-27.5281],[153.2483,-27.5291],[153.251,-27.5288],[153.2501,-27.5295]]],[[[153.2906,-27.5302],[153.2913,-27.5311],[153.2928,-27.5307],[153.2953,-27.5315],[153.2933,-27.5288],[153.2918,-27.5291],[153.2908,-27.5269],[153.2904,-27.5277],[153.2912,-27.529],[153.2906,-27.5302]]]]}},{"type":"Feature","properties":{"name":"Clontarf","code":"313051377","centroid":[153.08217,-27.24708]},"geometry":{"type":"Polygon","coordinates":[[[153.0691,-27.247],[153.0684,-27.2471],[153.0717,-27.257],[153.0736,-27.259],[153.0765,-27.2604],[153.0773,-27.2625],[153.0794,-27.2634],[153.0842,-27.2585],[153.0848,-27.2583],[153.0856,-27.2593],[153.087,-27.2596],[153.0896,-27.2573],[153.0917,-27.2566],[153.0924,-27.2526],[153.0934,-27.2527],[153.094,-27.2509],[153.0957,-27.2492],[153.095,-27.2435],[153.0958,-27.2415],[153.0932,-27.2383],[153.0925,-27.2383],[153.093,-27.2354],[153.0764,-27.2329],[153.0728,-27.2395],[153.0704,-27.2413],[153.0697,-27.2452],[153.0702,-27.2462],[153.0694,-27.2461],[153.0691,-27.247]]]}},{"type":"Feature","properties":{"name":"Collingwood Park - Redbank","code":"310041299","centroid":[152.86455,-27.6119]},"geometry":{"type":"Polygon","coordinates":[[[152.8594,-27.5994],[152.8598,-27.6006],[152.8581,-27.6031],[152.8597,-27.6041],[152.8602,-27.6066],[152.8581,-27.6071],[152.8579,-27.6089],[152.8568,-27.6078],[152.8556,-27.6084],[152.8545,-27.6079],[152.8537,-27.6073],[152.8546,-27.6063],[152.8536,-27.6059],[152.8529,-27.6067],[152.8507,-27.6064],[152.8472,-27.6073],[152.8467,-27.6089],[152.8476,-27.6098],[152.8474,-27.6107],[152.8454,-27.6115],[152.8464,-27.6124],[152.8455,-27.6143],[152.8467,-27.6152],[152.8462,-27.6167],[152.8469,-27.618],[152.8448,-27.618],[152.8431,-27.6199],[152.8433,-27.6211],[152.8399,-27.6223],[152.8406,-27.6232],[152.8424,-27.6235],[152.8422,-27.6248],[152.8407,-27.6257],[152.8413,-27.6271],[152.8423,-27.627],[152.843,-27.6296],[152.8408,-27.6292],[152.8412,-27.6322],[152.8425,-27.6329],[152.8455,-27.6394],[152.846,-27.6395],[152.8457,-27.6401],[152.8501,-27.6411],[152.8526,-27.6436],[152.854,-27.6367],[152.8593,-27.6375],[152.8588,-27.6348],[152.8594,-27.6337],[152.861,-27.632],[152.8621,-27.6321],[152.8648,-27.6277],[152.8661,-27.6275],[152.8668,-27.6258],[152.8662,-27.6251],[152.8751,-27.6264],[152.8761,-27.6208],[152.8778,-27.6245],[152.8853,-27.6219],[152.8809,-27.6117],[152.8786,-27.6079],[152.8789,-27.6064],[152.8836,-27.5987],[152.8819,-27.5984],[152.8814,-27.5975],[152.8829,-27.5966],[152.8831,-27.5954],[152.8845,-27.5954],[152.8831,-27.5938],[152.8823,-27.5946],[152.8829,-27.5922],[152.8847,-27.5918],[152.8849,-27.59],[152.8864,-27.591],[152.8884,-27.5897],[152.8765,-27.5799],[152.8742,-27.5791],[152.8722,-27.5794],[152.8696,-27.5816],[152.8635,-27.5956],[152.8594,-27.5994]]]}},{"type":"Feature","properties":{"name":"Coopers Plains","code":"303041067","centroid":[153.0365,-27.5657]},"geometry":{"type":"Polygon","coordinates":[[[153.0217,-27.5607],[153.0232,-27.5646],[153.0247,-27.5723],[153.0374,-27.5742],[153.0377,-27.5733],[153.0466,-27.5755],[153.0478,-27.5741],[153.0507,-27.5588],[153.0406,-27.5573],[153.0403,-27.559],[153.0374,-27.5594],[153.0259,-27.5573],[153.0222,-27.5586],[153.0208,-27.5585],[153.0217,-27.5607]]]}},{"type":"Feature","properties":{"name":"Coorparoo","code":"303021053","centroid":[153.06143,-27.49878]},"geometry":{"type":"Polygon","coordinates":[[[153.0507,-27.4973],[153.0507,-27.4989],[153.0512,-27.4989],[153.0502,-27.5034],[153.053,-27.5039],[153.0551,-27.5056],[153.0584,-27.5056],[153.0603,-27.5072],[153.0587,-27.5082],[153.0623,-27.5112],[153.0633,-27.5106],[153.0688,-27.5128],[153.071,-27.5128],[153.0725,-27.5135],[153.0728,-27.515],[153.0748,-27.5135],[153.0758,-27.5],[153.0681,-27.4987],[153.0682,-27.4978],[153.0648,-27.4955],[153.0659,-27.4949],[153.0651,-27.4921],[153.0644,-27.4922],[153.0647,-27.49],[153.0635,-27.4867],[153.0608,-27.4863],[153.0572,-27.4808],[153.0567,-27.4835],[153.0525,-27.4829],[153.0511,-27.4859],[153.05,-27.4906],[153.0477,-27.4905],[153.0472,-27.4912],[153.0455,-27.4912],[153.0478,-27.4927],[153.0477,-27.4942],[153.0489,-27.4955],[153.0497,-27.4954],[153.0507,-27.4973]]]}},{"type":"Feature","properties":{"name":"Corinda","code":"304031093","centroid":[152.98372,-27.54323]},"geometry":{"type":"Polygon","coordinates":[[[152.9741,-27.538],[152.9752,-27.5404],[152.9751,-27.5429],[152.9741,-27.5446],[152.9711,-27.5454],[152.9706,-27.5488],[152.9737,-27.5482],[152.9931,-27.5512],[152.9966,-27.5496],[152.9949,-27.548],[152.9969,-27.5468],[152.9952,-27.5458],[152.9924,-27.5457],[152.9917,-27.5482],[152.9891,-27.5465],[152.9891,-27.5436],[152.9917,-27.5433],[152.993,-27.5448],[152.9944,-27.5438],[152.9947,-27.542],[152.9942,-27.5412],[152.993,-27.541],[152.9907,-27.5419],[152.9887,-27.5399],[152.9892,-27.5374],[152.9933,-27.5341],[152.9893,-27.5334],[152.9813,-27.5372],[152.9723,-27.5358],[152.9741,-27.538]]]}},{"type":"Feature","properties":{"name":"Cornubia - Carbrook","code":"311051324","centroid":[153.23893,-27.66871]},"geometry":{"type":"Polygon","coordinates":[[[153.1898,-27.6634],[153.189,-27.6675],[153.1939,-27.6707],[153.1989,-27.6705],[153.1993,-27.6712],[153.2009,-27.6713],[153.1998,-27.6743],[153.1985,-27.6748],[153.1985,-27.6754],[153.1972,-27.6754],[153.1974,-27.6764],[153.1998,-27.676],[153.2021,-27.6772],[153.2032,-27.6803],[153.2169,-27.6804],[153.2239,-27.6788],[153.2266,-27.6814],[153.2312,-27.6819],[153.2425,-27.6877],[153.245,-27.6907],[153.2442,-27.6935],[153.241,-27.6959],[153.2411,-27.6978],[153.2419,-27.6981],[153.2524,-27.6975],[153.254,-27.6967],[153.2549,-27.6953],[153.2553,-27.6928],[153.2565,-27.6919],[153.259,-27.6929],[153.2662,-27.6927],[153.2718,-27.6973],[153.2735,-27.698],[153.2749,-27.6977],[153.278,-27.6958],[153.2836,-27.6954],[153.2867,-27.6944],[153.2866,-27.6932],[153.288,-27.6909],[153.2877,-27.6889],[153.2864,-27.6886],[153.2864,-27.6878],[153.2903,-27.6884],[153.2902,-27.6876],[153.2852,-27.6866],[153.2823,-27.6871],[153.283,-27.6835],[153.281,-27.6832],[153.2827,-27.6741],[153.281,-27.6738],[153.2813,-27.6735],[153.2805,-27.6726],[153.2817,-27.6715],[153.2811,-27.6692],[153.2824,-27.6671],[153.2802,-27.6631],[153.2807,-27.658],[153.2799,-27.6584],[153.2628,-27.6561],[153.2625,-27.654],[153.2545,-27.6528],[153.2549,-27.6496],[153.239,-27.6474],[153.2391,-27.6493],[153.2085,-27.6452],[153.2061,-27.6439],[153.207,-27.6412],[153.1939,-27.6395],[153.1898,-27.6634]]]}},{"type":"Feature","properties":{"name":"Crestmead","code":"311031314","centroid":[153.08443,-27.68759]},"geometry":{"type":"Polygon","coordinates":[[[153.0674,-27.6896],[153.0669,-27.6925],[153.0777,-27.6941],[153.0772,-27.6969],[153.0993,-27.7002],[153.1024,-27.6954],[153.1028,-27.6913],[153.1051,-27.6885],[153.1023,-27.6873],[153.1027,-27.6864],[153.1042,-27.687],[153.1046,-27.6863],[153.1029,-27.6856],[153.0972,-27.6857],[153.0979,-27.6817],[153.0897,-27.6811],[153.0798,-27.6776],[153.0741,-27.6709],[153.071,-27.6694],[153.0674,-27.6896]]]}},{"type":"Feature","properties":{"name":"Daisy Hill","code":"311061329","centroid":[153.15784,-27.63027]},"geometry":{"type":"Polygon","coordinates":[[[153.1476,-27.6315],[153.1485,-27.6351],[153.134,-27.6332],[153.1332,-27.6336],[153.141,-27.6407],[153.1482,-27.6458],[153.1572,-27.6494],[153.1582,-27.6478],[153.1634,-27.6464],[153.1641,-27.6425],[153.1622,-27.6419],[153.1632,-27.6398],[153.166,-27.6377],[153.1731,-27.6387],[153.1757,-27.6234],[153.1706,-27.6226],[153.1582,-27.6075],[153.1536,-27.6069],[153.1507,-27.6235],[153.1501,-27.6227],[153.1491,-27.6279],[153.1479,-27.6277],[153.1477,-27.6288],[153.1467,-27.6293],[153.1476,-27.6315]]]}},{"type":"Feature","properties":{"name":"Dakabin","code":"314021576","centroid":[152.98515,-27.22269]},"geometry":{"type":"Polygon","coordinates":[[[152.9914,-27.228],[152.9956,-27.2304],[153.0033,-27.2317],[152.9972,-27.2196],[152.9919,-27.2118],[152.9821,-27.2117],[152.979,-27.2124],[152.9778,-27.2139],[152.9747,-27.2152],[152.9712,-27.2154],[152.9695,-27.2145],[152.9671,-27.2152],[152.9741,-27.2261],[152.9769,-27.2344],[152.9804,-27.2349],[152.9811,-27.232],[152.9931,-27.2336],[152.9914,-27.228]]]}},{"type":"Feature","properties":{"name":"Darra - Sumner","code":"310011271","centroid":[152.94803,-27.56767]},"geometry":{"type":"Polygon","coordinates":[[[152.9632,-27.56],[152.962,-27.5553],[152.9598,-27.554],[152.9594,-27.5531],[152.9587,-27.5562],[152.9545,-27.5568],[152.9526,-27.5583],[152.9481,-27.5581],[152.9426,-27.5592],[152.9381,-27.5594],[152.9354,-27.5599],[152.932,-27.5618],[152.93,-27.5616],[152.9276,-27.5625],[152.9227,-27.5618],[152.9208,-27.5647],[152.9231,-27.5672],[152.9226,-27.5698],[152.9257,-27.5679],[152.929,-27.5684],[152.9317,-27.5705],[152.9408,-27.5703],[152.9422,-27.5728],[152.9415,-27.5732],[152.9413,-27.5748],[152.9405,-27.5755],[152.9409,-27.5759],[152.938,-27.5769],[152.9377,-27.5788],[152.9381,-27.5794],[152.9419,-27.5776],[152.945,-27.5829],[152.9665,-27.5739],[152.9643,-27.5645],[152.9667,-27.564],[152.9656,-27.5596],[152.9632,-27.56]]]}},{"type":"Feature","properties":{"name":"Dayboro","code":"314011384","centroid":[152.81349,-27.2189]},"geometry":{"type":"Polygon","coordinates":[[[152.7002,-27.2302],[152.6954,-27.234],[152.6931,-27.2342],[152.6909,-27.236],[152.6913,-27.2383],[152.6927,-27.2404],[152.6924,-27.2421],[152.6894,-27.2452],[152.6874,-27.249],[152.6816,-27.2542],[152.681,-27.2592],[152.6813,-27.2634],[152.6838,-27.2671],[152.6837,-27.2724],[152.6855,-27.2743],[152.6869,-27.2749],[152.6911,-27.2745],[152.7037,-27.2765],[152.7049,-27.2773],[152.7055,-27.2798],[152.7044,-27.2826],[152.7056,-27.2861],[152.7037,-27.2907],[152.704,-27.2926],[152.7072,-27.2922],[152.7136,-27.2895],[152.7147,-27.2899],[152.7173,-27.2926],[152.7243,-27.2947],[152.7271,-27.2948],[152.732,-27.2972],[152.7357,-27.2967],[152.7387,-27.2938],[152.7457,-27.2933],[152.7488,-27.2951],[152.7512,-27.2954],[152.7557,-27.2946],[152.7577,-27.2956],[152.7667,-27.295],[152.7678,-27.2959],[152.7702,-27.3012],[152.7781,-27.2964],[152.8099,-27.3005],[152.8065,-27.32],[152.8082,-27.3199],[152.8091,-27.3216],[152.8113,-27.3227],[152.8119,-27.3236],[152.8159,-27.3225],[152.8188,-27.3232],[152.8201,-27.3227],[152.8229,-27.3243],[152.8237,-27.326],[152.8293,-27.327],[152.8305,-27.3193],[152.8353,-27.3201],[152.8388,-27.3188],[152.8412,-27.3191],[152.8456,-27.3176],[152.8477,-27.3181],[152.8488,-27.3191],[152.8514,-27.3195],[152.8527,-27.3206],[152.8542,-27.3202],[152.8567,-27.318],[152.8582,-27.3138],[152.8592,-27.3143],[152.8616,-27.3126],[152.8638,-27.3129],[152.8667,-27.2941],[152.8679,-27.2936],[152.8681,-27.291],[152.8667,-27.2878],[152.8665,-27.2847],[152.8705,-27.2804],[152.8739,-27.2756],[152.8724,-27.2794],[152.8737,-27.2793],[152.8738,-27.2802],[152.8728,-27.281],[152.874,-27.2801],[152.874,-27.2785],[152.8753,-27.2768],[152.8759,-27.2768],[152.8769,-27.2786],[152.8769,-27.28],[152.8779,-27.2784],[152.8774,-27.2778],[152.8776,-27.2768],[152.879,-27.2766],[152.8793,-27.2753],[152.8781,-27.2756],[152.8771,-27.2749],[152.877,-27.2736],[152.8781,-27.2727],[152.8776,-27.2718],[152.8787,-27.2713],[152.8793,-27.2718],[152.8785,-27.2705],[152.8787,-27.2695],[152.8805,-27.2691],[152.8803,-27.2681],[152.8813,-27.268],[152.8814,-27.2668],[152.8826,-27.2671],[152.8827,-27.2658],[152.8834,-27.266],[152.8837,-27.2643],[152.8859,-27.2607],[152.8868,-27.2617],[152.8869,-27.263],[152.8848,-27.268],[152.8866,-27.2652],[152.8873,-27.2652],[152.887,-27.2647],[152.8881,-27.2631],[152.8879,-27.2607],[152.8869,-27.2592],[152.8875,-27.2585],[152.8893,-27.2582],[152.8914,-27.2598],[152.8915,-27.2636],[152.893,-27.2624],[152.8934,-27.2627],[152.8921,-27.2644],[152.8907,-27.265],[152.8915,-27.2653],[152.8916,-27.2663],[152.8909,-27.2665],[152.891,-27.2675],[152.8895,-27.2683],[152.8911,-27.2685],[152.8883,-27.2716],[152.8908,-27.2706],[152.8915,-27.2713],[152.8918,-27.2701],[152.8925,-27.27],[152.8923,-27.2692],[152.8944,-27.2689],[152.8946,-27.2682],[152.8958,-27.2701],[152.8951,-27.2711],[152.8953,-27.2718],[152.8929,-27.271],[152.8931,-27.2721],[152.892,-27.2728],[152.8923,-27.2734],[152.8863,-27.273],[152.8869,-27.2739],[152.8854,-27.2753],[152.8875,-27.2751],[152.888,-27.2743],[152.8891,-27.2745],[152.8889,-27.2767],[152.8909,-27.2755],[152.8917,-27.276],[152.8922,-27.2754],[152.8931,-27.2756],[152.8934,-27.2749],[152.8958,-27.2745],[152.896,-27.2751],[152.8948,-27.2765],[152.8922,-27.2767],[152.8901,-27.278],[152.8888,-27.2778],[152.8882,-27.2789],[152.8866,-27.279],[152.8887,-27.2797],[152.8895,-27.2814],[152.8892,-27.2817],[152.8867,-27.2816],[152.887,-27.2802],[152.8865,-27.2795],[152.8823,-27.2809],[152.8849,-27.2812],[152.8861,-27.2805],[152.8846,-27.2839],[152.885,-27.2842],[152.8836,-27.2847],[152.8851,-27.2872],[152.8862,-27.2872],[152.8851,-27.2868],[152.8849,-27.2852],[152.8861,-27.2845],[152.8874,-27.2825],[152.8884,-27.2855],[152.8881,-27.2842],[152.8889,-27.2826],[152.8906,-27.2832],[152.8917,-27.2848],[152.8906,-27.2824],[152.8907,-27.2802],[152.8915,-27.2796],[152.8921,-27.2809],[152.8928,-27.2809],[152.8934,-27.2827],[152.8938,-27.2805],[152.8931,-27.2798],[152.8935,-27.2792],[152.8953,-27.2797],[152.8951,-27.2783],[152.8966,-27.2779],[152.8974,-27.2781],[152.8975,-27.2799],[152.8987,-27.2791],[152.8986,-27.2783],[152.8993,-27.2777],[152.8985,-27.2769],[152.8992,-27.276],[152.899,-27.2744],[152.9004,-27.2752],[152.9001,-27.2761],[152.901,-27.2763],[152.9008,-27.2778],[152.9014,-27.2786],[152.9004,-27.2802],[152.8975,-27.282],[152.8992,-27.2811],[152.8981,-27.2829],[152.8992,-27.2821],[152.8996,-27.2827],[152.8999,-27.2811],[152.9017,-27.281],[152.9015,-27.2799],[152.9027,-27.2788],[152.9033,-27.2791],[152.9029,-27.2768],[152.9035,-27.2764],[152.9022,-27.2739],[152.9024,-27.2723],[152.9036,-27.2726],[152.9034,-27.2749],[152.9048,-27.2737],[152.9059,-27.2747],[152.9055,-27.2796],[152.9069,-27.276],[152.9079,-27.2755],[152.9071,-27.2748],[152.9076,-27.274],[152.9054,-27.2724],[152.9052,-27.2705],[152.9078,-27.2696],[152.909,-27.2707],[152.9108,-27.2693],[152.9121,-27.2693],[152.9125,-27.27],[152.9121,-27.2742],[152.9107,-27.276],[152.9127,-27.2759],[152.9144,-27.2787],[152.9136,-27.2793],[152.9095,-27.2787],[152.9146,-27.2805],[152.9119,-27.2823],[152.9099,-27.2821],[152.9086,-27.2831],[152.9073,-27.2824],[152.907,-27.283],[152.902,-27.2847],[152.9073,-27.2838],[152.9087,-27.2843],[152.9073,-27.2863],[152.9061,-27.2864],[152.9055,-27.2875],[152.9071,-27.2872],[152.907,-27.2894],[152.9048,-27.2902],[152.9059,-27.29],[152.906,-27.2914],[152.9062,-27.2902],[152.9076,-27.2894],[152.9081,-27.2867],[152.9101,-27.2839],[152.9126,-27.2837],[152.9108,-27.2856],[152.9115,-27.2862],[152.9105,-27.2872],[152.9114,-27.288],[152.9103,-27.2915],[152.9129,-27.2863],[152.9127,-27.2855],[152.9143,-27.2849],[152.9169,-27.2817],[152.9169,-27.2833],[152.9147,-27.2863],[152.9152,-27.288],[152.9145,-27.2887],[152.914,-27.2909],[152.9148,-27.2894],[152.9161,-27.2887],[152.9164,-27.291],[152.9172,-27.2921],[152.9166,-27.2931],[152.9185,-27.293],[152.917,-27.2908],[152.9169,-27.2895],[152.9186,-27.2888],[152.9173,-27.2885],[152.9165,-27.2875],[152.9168,-27.2861],[152.9186,-27.2849],[152.9189,-27.286],[152.9208,-27.2875],[152.9214,-27.2866],[152.921,-27.2852],[152.9216,-27.2844],[152.9209,-27.2838],[152.9214,-27.2817],[152.9243,-27.2824],[152.9231,-27.2876],[152.9252,-27.2842],[152.9264,-27.2843],[152.9258,-27.2833],[152.9263,-27.2824],[152.9286,-27.2829],[152.9291,-27.2818],[152.9285,-27.2798],[152.9276,-27.2797],[152.9276,-27.279],[152.9245,-27.2771],[152.9253,-27.2766],[152.925,-27.2755],[152.9256,-27.2745],[152.927,-27.2764],[152.9285,-27.2735],[152.9294,-27.2738],[152.9308,-27.2728],[152.9326,-27.2734],[152.9325,-27.2743],[152.9317,-27.2745],[152.9311,-27.2756],[152.9321,-27.2762],[152.9313,-27.2775],[152.9339,-27.277],[152.9351,-27.2747],[152.9361,-27.2755],[152.9386,-27.2751],[152.9385,-27.2741],[152.9372,-27.2734],[152.9362,-27.2713],[152.9369,-27.2711],[152.9387,-27.2731],[152.9405,-27.2717],[152.9404,-27.2691],[152.9394,-27.2684],[152.9402,-27.2679],[152.94,-27.2666],[152.9383,-27.2663],[152.9372,-27.265],[152.9375,-27.2635],[152.9423,-27.2621],[152.9441,-27.26],[152.9453,-27.2571],[152.9476,-27.2567],[152.9495,-27.2574],[152.9506,-27.2593],[152.9496,-27.2603],[152.9505,-27.2623],[152.9534,-27.2655],[152.9562,-27.2671],[152.9557,-27.2661],[152.9558,-27.2624],[152.9583,-27.2616],[152.9597,-27.2579],[152.9623,-27.2568],[152.9605,-27.2525],[152.9721,-27.2474],[152.9727,-27.2491],[152.9764,-27.2506],[152.9754,-27.2434],[152.9768,-27.2335],[152.9741,-27.2261],[152.9709,-27.2218],[152.969,-27.2175],[152.9662,-27.2141],[152.9653,-27.2085],[152.9626,-27.2047],[152.9608,-27.2062],[152.9602,-27.2093],[152.9589,-27.2091],[152.96,-27.2054],[152.9585,-27.2041],[152.9552,-27.2055],[152.9446,-27.2041],[152.9458,-27.1976],[152.9177,-27.1937],[152.9172,-27.1953],[152.9059,-27.1938],[152.9064,-27.1906],[152.9039,-27.1902],[152.9025,-27.1902],[152.9023,-27.1913],[152.8873,-27.1892],[152.8866,-27.1933],[152.8624,-27.1894],[152.8635,-27.1824],[152.8574,-27.1816],[152.8576,-27.1809],[152.8537,-27.1803],[152.8531,-27.1839],[152.8445,-27.1828],[152.8471,-27.1666],[152.852,-27.1674],[152.8523,-27.169],[152.8551,-27.17],[152.8576,-27.1544],[152.854,-27.1539],[152.8542,-27.1527],[152.851,-27.1546],[152.8483,-27.1545],[152.8511,-27.1397],[152.8473,-27.1387],[152.8426,-27.1358],[152.8396,-27.1366],[152.8377,-27.134],[152.8359,-27.1327],[152.8365,-27.1308],[152.8348,-27.1304],[152.8303,-27.1313],[152.8286,-27.1307],[152.8303,-27.1216],[152.8279,-27.1213],[152.8288,-27.1158],[152.8194,-27.114],[152.8202,-27.1101],[152.8073,-27.1081],[152.8086,-27.0995],[152.8062,-27.0992],[152.8077,-27.0987],[152.8119,-27.099],[152.8123,-27.0966],[152.8169,-27.0972],[152.8178,-27.0922],[152.814,-27.0917],[152.8143,-27.0899],[152.8057,-27.0888],[152.8047,-27.0932],[152.8054,-27.0945],[152.804,-27.0944],[152.8008,-27.0975],[152.7997,-27.0964],[152.7977,-27.0963],[152.797,-27.0952],[152.7959,-27.0955],[152.7954,-27.0939],[152.7935,-27.0934],[152.7927,-27.0946],[152.7919,-27.0945],[152.7926,-27.0925],[152.7922,-27.0921],[152.7912,-27.0925],[152.7907,-27.0912],[152.7911,-27.0903],[152.7887,-27.0912],[152.7884,-27.0893],[152.7856,-27.0883],[152.784,-27.0863],[152.7803,-27.1042],[152.7669,-27.1022],[152.7654,-27.1109],[152.7423,-27.1075],[152.7416,-27.1062],[152.74,-27.1062],[152.7382,-27.1074],[152.7366,-27.1067],[152.7324,-27.1072],[152.7306,-27.1081],[152.7304,-27.1137],[152.7294,-27.1159],[152.7302,-27.1181],[152.7283,-27.1212],[152.7282,-27.1228],[152.7309,-27.1268],[152.7308,-27.1305],[152.7328,-27.1335],[152.7351,-27.1428],[152.7367,-27.144],[152.7374,-27.1455],[152.7381,-27.1477],[152.7379,-27.1505],[152.7393,-27.1509],[152.7369,-27.1538],[152.7369,-27.1553],[152.7298,-27.1615],[152.7291,-27.1638],[152.7336,-27.1715],[152.7318,-27.1721],[152.7306,-27.1716],[152.729,-27.1733],[152.7297,-27.1751],[152.7285,-27.1769],[152.7262,-27.1766],[152.7244,-27.178],[152.723,-27.1805],[152.7186,-27.1827],[152.7181,-27.1845],[152.7163,-27.1866],[152.7123,-27.1887],[152.7112,-27.1922],[152.7089,-27.1922],[152.707,-27.1954],[152.7046,-27.1976],[152.7029,-27.2016],[152.7017,-27.2026],[152.7016,-27.2042],[152.703,-27.2051],[152.7042,-27.2088],[152.7035,-27.213],[152.7012,-27.2167],[152.7005,-27.2198],[152.701,-27.2239],[152.7022,-27.2264],[152.7002,-27.2302]]]}},{"type":"Feature","properties":{"name":"Deagon","code":"302041043","centroid":[153.05959,-27.32783]},"geometry":{"type":"Polygon","coordinates":[[[153.0512,-27.3296],[153.0465,-27.3305],[153.0464,-27.3311],[153.0494,-27.3313],[153.0507,-27.332],[153.0508,-27.3331],[153.0525,-27.3344],[153.0548,-27.3356],[153.0583,-27.3351],[153.0625,-27.3357],[153.0656,-27.335],[153.067,-27.3321],[153.0664,-27.3304],[153.067,-27.3296],[153.0681,-27.3298],[153.0688,-27.3315],[153.0697,-27.3314],[153.0712,-27.3272],[153.0708,-27.3263],[153.0691,-27.3253],[153.069,-27.3233],[153.0662,-27.3227],[153.0651,-27.3241],[153.0659,-27.321],[153.0553,-27.3195],[153.0553,-27.3205],[153.0527,-27.321],[153.0504,-27.3207],[153.052,-27.325],[153.0513,-27.3249],[153.0512,-27.3296]]]}},{"type":"Feature","properties":{"name":"Deception Bay","code":"313041373","centroid":[153.00977,-27.17828]},"geometry":{"type":"Polygon","coordinates":[[[152.987,-27.1909],[152.99,-27.2071],[152.9919,-27.2118],[152.9978,-27.2087],[153.0014,-27.2037],[153.0042,-27.2021],[153.015,-27.2037],[153.0147,-27.2052],[153.0164,-27.2054],[153.0159,-27.2081],[153.0301,-27.2101],[153.0311,-27.205],[153.0332,-27.2053],[153.033,-27.2061],[153.0345,-27.2063],[153.0345,-27.2068],[153.0412,-27.2074],[153.0424,-27.2084],[153.0447,-27.1958],[153.038,-27.1969],[153.0372,-27.1964],[153.0337,-27.192],[153.0316,-27.188],[153.0298,-27.1832],[153.0295,-27.179],[153.0311,-27.1772],[153.0304,-27.1757],[153.0322,-27.1744],[153.0322,-27.1721],[153.0364,-27.166],[153.0363,-27.1644],[153.0352,-27.1636],[153.0354,-27.1626],[153.0405,-27.1587],[153.0434,-27.1591],[153.0439,-27.1562],[153.0415,-27.1538],[153.0386,-27.1543],[153.0381,-27.1571],[153.0362,-27.1575],[153.0343,-27.1552],[153.0324,-27.1547],[153.0325,-27.1535],[153.0311,-27.1526],[153.0298,-27.1534],[153.0295,-27.155],[153.0288,-27.1556],[153.0266,-27.1562],[153.0242,-27.1544],[153.0241,-27.1533],[153.0256,-27.153],[153.0257,-27.1549],[153.0264,-27.1548],[153.0288,-27.1529],[153.0285,-27.1516],[153.0267,-27.1514],[153.0252,-27.1524],[153.0236,-27.1494],[153.0216,-27.1492],[153.0212,-27.1499],[153.0217,-27.1518],[153.0192,-27.1504],[153.0173,-27.151],[153.0162,-27.1523],[153.0144,-27.1497],[153.0155,-27.1485],[153.0154,-27.1479],[153.0134,-27.1492],[153.0122,-27.1485],[153.0114,-27.1489],[153.0109,-27.1509],[153.0097,-27.1518],[153.0096,-27.1511],[153.0074,-27.1515],[153.006,-27.1503],[153.0045,-27.1513],[152.9994,-27.15],[152.9977,-27.1501],[152.9973,-27.151],[152.9964,-27.1513],[152.9959,-27.151],[152.9962,-27.1495],[152.9953,-27.1503],[152.995,-27.1494],[152.9944,-27.1509],[152.9915,-27.1502],[152.9912,-27.1512],[152.9894,-27.151],[152.9896,-27.1521],[152.989,-27.1519],[152.988,-27.1527],[152.9854,-27.1523],[152.9851,-27.1514],[152.9839,-27.1512],[152.9813,-27.152],[152.9801,-27.151],[152.9808,-27.1518],[152.9804,-27.1525],[152.979,-27.1514],[152.9777,-27.1521],[152.978,-27.1591],[152.987,-27.1909]]]}},{"type":"Feature","properties":{"name":"Doolandella","code":"310011563","centroid":[152.98411,-27.61328]},"geometry":{"type":"Polygon","coordinates":[[[152.9811,-27.6054],[152.9718,-27.6072],[152.9714,-27.6101],[152.9735,-27.615],[152.9722,-27.6196],[152.9744,-27.6209],[152.975,-27.623],[152.9772,-27.6233],[152.9776,-27.622],[152.9784,-27.6215],[152.9815,-27.6212],[152.9821,-27.6215],[152.9823,-27.6231],[152.9831,-27.6235],[152.9851,-27.6211],[152.9883,-27.6206],[152.9916,-27.6185],[152.9933,-27.6196],[152.9952,-27.6192],[152.9961,-27.6171],[152.9969,-27.617],[152.9969,-27.6162],[152.9986,-27.6141],[152.9986,-27.6134],[152.9966,-27.6105],[152.9943,-27.6096],[152.9945,-27.6075],[152.9925,-27.6061],[152.9922,-27.6047],[152.9881,-27.6041],[152.9811,-27.6054]]]}},{"type":"Feature","properties":{"name":"Durack","code":"310011272","centroid":[152.9856,-27.58912]},"geometry":{"type":"Polygon","coordinates":[[[152.9853,-27.5759],[152.974,-27.5782],[152.9768,-27.5904],[152.9764,-27.5922],[152.977,-27.5924],[152.9784,-27.5982],[152.9872,-27.5966],[152.9885,-27.6021],[152.988,-27.6042],[152.9922,-27.6047],[152.993,-27.6025],[152.9936,-27.603],[152.9956,-27.601],[152.9949,-27.6002],[152.9952,-27.5991],[152.9944,-27.5987],[152.9948,-27.5978],[152.9942,-27.5977],[152.9959,-27.5969],[152.9959,-27.5958],[152.998,-27.5957],[152.9982,-27.5941],[152.9967,-27.5936],[152.9969,-27.5931],[152.9964,-27.5927],[152.997,-27.5918],[152.9966,-27.5911],[152.9955,-27.5911],[152.9952,-27.5887],[152.9937,-27.5894],[152.992,-27.588],[152.9925,-27.5869],[152.9915,-27.5863],[152.9934,-27.5832],[152.9934,-27.582],[152.9918,-27.5823],[152.9908,-27.5838],[152.9893,-27.5832],[152.9897,-27.5821],[152.989,-27.5819],[152.9898,-27.5811],[152.9888,-27.5771],[152.9877,-27.5773],[152.9872,-27.5755],[152.9853,-27.5759]]]}},{"type":"Feature","properties":{"name":"Eagle Farm - Pinkenba","code":"302031037","centroid":[153.0966,-27.43486]},"geometry":{"type":"Polygon","coordinates":[[[153.1034,-27.4289],[153.099,-27.4281],[153.086,-27.4293],[153.0799,-27.4314],[153.0773,-27.4317],[153.0785,-27.4324],[153.0782,-27.4345],[153.0708,-27.4374],[153.0703,-27.4405],[153.0695,-27.4415],[153.0835,-27.4453],[153.0901,-27.4457],[153.0948,-27.4448],[153.1073,-27.4404],[153.108,-27.4416],[153.1101,-27.4401],[153.1093,-27.4392],[153.1121,-27.4375],[153.1156,-27.4326],[153.116,-27.4329],[153.1186,-27.4297],[153.1237,-27.4268],[153.1233,-27.4261],[153.1218,-27.4263],[153.1219,-27.4235],[153.1197,-27.4233],[153.124,-27.4184],[153.1242,-27.4173],[153.1217,-27.4175],[153.1163,-27.4204],[153.1178,-27.4249],[153.1161,-27.4267],[153.1093,-27.4261],[153.1073,-27.4256],[153.1059,-27.4242],[153.104,-27.4249],[153.1034,-27.4289]]]}},{"type":"Feature","properties":{"name":"Eagleby","code":"311021307","centroid":[153.21928,-27.69851]},"geometry":{"type":"Polygon","coordinates":[[[153.199,-27.693],[153.1968,-27.6957],[153.1949,-27.6962],[153.1961,-27.6988],[153.1977,-27.701],[153.2034,-27.706],[153.2106,-27.7175],[153.2208,-27.7262],[153.2234,-27.724],[153.227,-27.7234],[153.2277,-27.724],[153.2275,-27.7266],[153.2287,-27.7273],[153.2326,-27.7238],[153.2312,-27.7219],[153.2264,-27.7207],[153.2208,-27.7184],[153.2155,-27.7182],[153.2129,-27.7156],[153.2128,-27.7148],[153.2144,-27.7142],[153.2211,-27.7143],[153.2273,-27.7154],[153.2281,-27.715],[153.2296,-27.7121],[153.2333,-27.7112],[153.2336,-27.7098],[153.232,-27.7063],[153.2328,-27.7053],[153.2354,-27.7046],[153.2362,-27.7037],[153.2339,-27.6994],[153.2334,-27.6968],[153.2339,-27.6943],[153.2394,-27.6951],[153.241,-27.6959],[153.2442,-27.6935],[153.245,-27.6907],[153.243,-27.6881],[153.2409,-27.6868],[153.2312,-27.6819],[153.2266,-27.6814],[153.2247,-27.6793],[153.2229,-27.6786],[153.2169,-27.6804],[153.2129,-27.6801],[153.2056,-27.6807],[153.2049,-27.6814],[153.2044,-27.6854],[153.2025,-27.6891],[153.199,-27.693]]]}},{"type":"Feature","properties":{"name":"East Brisbane","code":"305021115","centroid":[153.04678,-27.48393]},"geometry":{"type":"Polygon","coordinates":[[[153.041,-27.481],[153.0392,-27.4901],[153.0398,-27.4905],[153.0414,-27.49],[153.0424,-27.4919],[153.0459,-27.4924],[153.0455,-27.4912],[153.0472,-27.4912],[153.0477,-27.4905],[153.05,-27.4906],[153.0511,-27.4859],[153.0525,-27.4829],[153.0567,-27.4835],[153.0573,-27.4805],[153.0564,-27.4796],[153.0529,-27.4817],[153.053,-27.4799],[153.0544,-27.478],[153.052,-27.4766],[153.051,-27.4788],[153.0494,-27.4792],[153.0501,-27.476],[153.0452,-27.478],[153.0434,-27.4776],[153.0419,-27.4764],[153.041,-27.481]]]}},{"type":"Feature","properties":{"name":"Eatons Hill","code":"314011385","centroid":[152.93695,-27.34004]},"geometry":{"type":"Polygon","coordinates":[[[152.9209,-27.3306],[152.9193,-27.3321],[152.9172,-27.333],[152.9168,-27.335],[152.9153,-27.3365],[152.915,-27.3385],[152.9122,-27.3385],[152.9109,-27.3391],[152.9136,-27.34],[152.9124,-27.3424],[152.9111,-27.3433],[152.9111,-27.3445],[152.9114,-27.3451],[152.9147,-27.3461],[152.9152,-27.3484],[152.9171,-27.3478],[152.9169,-27.3464],[152.9174,-27.3461],[152.9208,-27.3481],[152.9222,-27.3482],[152.9239,-27.3453],[152.9253,-27.3445],[152.9266,-27.3459],[152.9262,-27.3481],[152.9249,-27.35],[152.9257,-27.351],[152.9285,-27.3504],[152.9353,-27.3511],[152.9413,-27.3474],[152.9434,-27.348],[152.9458,-27.3505],[152.9477,-27.3505],[152.948,-27.3538],[152.9486,-27.354],[152.9517,-27.3527],[152.955,-27.3463],[152.9612,-27.3418],[152.9605,-27.3389],[152.9607,-27.337],[152.9525,-27.3311],[152.9486,-27.3295],[152.9372,-27.3296],[152.9348,-27.3278],[152.9278,-27.3312],[152.9209,-27.3306]]]}},{"type":"Feature","properties":{"name":"Edens Landing - Holmview","code":"311021308","centroid":[153.17,-27.71051]},"geometry":{"type":"Polygon","coordinates":[[[153.1604,-27.7071],[153.1608,-27.7092],[153.1598,-27.7102],[153.1599,-27.7123],[153.1579,-27.7169],[153.1598,-27.7216],[153.1598,-27.7231],[153.163,-27.7257],[153.1671,-27.7264],[153.1696,-27.7258],[153.1731,-27.7262],[153.1738,-27.7233],[153.1787,-27.724],[153.1831,-27.6997],[153.1813,-27.6989],[153.1773,-27.6988],[153.1731,-27.6953],[153.1721,-27.6953],[153.17,-27.6968],[153.1688,-27.696],[153.1689,-27.6947],[153.1646,-27.6942],[153.1646,-27.6954],[153.1635,-27.6953],[153.1633,-27.6969],[153.1614,-27.6998],[153.1578,-27.6993],[153.1604,-27.7071]]]}},{"type":"Feature","properties":{"name":"Eight Mile Plains","code":"303031060","centroid":[153.09206,-27.57929]},"geometry":{"type":"Polygon","coordinates":[[[153.0797,-27.5716],[153.0781,-27.5726],[153.076,-27.5726],[153.0757,-27.577],[153.0743,-27.5789],[153.0746,-27.5797],[153.0736,-27.5816],[153.0726,-27.5864],[153.0853,-27.5883],[153.0849,-27.5902],[153.1111,-27.5939],[153.1,-27.5768],[153.1043,-27.5775],[153.1052,-27.5765],[153.1054,-27.5735],[153.107,-27.5697],[153.1061,-27.5668],[153.1043,-27.5642],[153.1013,-27.5676],[153.0991,-27.5664],[153.0978,-27.5634],[153.096,-27.563],[153.0922,-27.5649],[153.0907,-27.5678],[153.0878,-27.5685],[153.0866,-27.5679],[153.0848,-27.5695],[153.0822,-27.5701],[153.0821,-27.5707],[153.0797,-27.5716]]]}},{"type":"Feature","properties":{"name":"Elimbah","code":"313021367","centroid":[152.9614,-27.00036]},"geometry":{"type":"Polygon","coordinates":[[[152.9025,-27.0214],[152.9016,-27.0261],[152.9301,-27.0302],[152.9322,-27.0352],[152.9334,-27.0413],[152.9476,-27.0432],[152.9479,-27.0439],[152.9612,-27.0454],[152.9616,-27.0424],[152.9696,-27.0434],[152.9758,-27.0408],[152.9793,-27.0403],[152.9894,-27.0398],[152.9984,-27.0412],[153.003,-27.0402],[153.0105,-27.0353],[153.0165,-27.0326],[153.0181,-27.0313],[153.0263,-27.0297],[153.0269,-27.0285],[153.0236,-27.0279],[153.0255,-27.0171],[153.0282,-27.0174],[153.0294,-27.0144],[153.0312,-27.0042],[153.033,-27.0013],[153.0349,-26.988],[153.0358,-26.9877],[153.036,-26.989],[153.0393,-26.9897],[153.0482,-26.9837],[153.049,-26.982],[153.0487,-26.9813],[153.045,-26.9806],[153.046,-26.9743],[153.0455,-26.9733],[153.0428,-26.9716],[153.0428,-26.9695],[153.0185,-26.9664],[153.0175,-26.9725],[153.0178,-26.975],[153.0188,-26.9754],[153.0191,-26.9763],[153.0174,-26.9771],[153.0179,-26.9784],[153.0169,-26.9791],[153.0116,-26.979],[153.003,-26.9848],[152.9943,-26.9841],[152.9917,-26.9845],[152.9884,-26.9831],[152.9851,-26.9847],[152.9837,-26.9844],[152.9804,-26.9819],[152.9756,-26.9847],[152.9741,-26.9824],[152.9781,-26.9803],[152.9772,-26.9796],[152.975,-26.9744],[152.9666,-26.9788],[152.9631,-26.9748],[152.9625,-26.973],[152.9558,-26.9696],[152.9558,-26.969],[152.9532,-26.9684],[152.9519,-26.9661],[152.9491,-26.9657],[152.9459,-26.9666],[152.9435,-26.9651],[152.9401,-26.965],[152.9386,-26.9639],[152.9374,-26.9644],[152.935,-26.9631],[152.9328,-26.9634],[152.9295,-26.962],[152.9272,-26.9622],[152.9264,-26.9609],[152.9235,-26.9601],[152.9215,-26.9606],[152.9195,-26.9566],[152.9197,-26.9555],[152.9173,-26.9547],[152.9133,-26.954],[152.9104,-26.9544],[152.9037,-26.9539],[152.8984,-26.958],[152.8931,-26.9595],[152.8912,-26.9608],[152.8895,-26.9597],[152.8878,-26.9573],[152.8855,-26.956],[152.874,-26.9583],[152.8735,-26.9637],[152.8745,-26.9644],[152.8756,-26.968],[152.8808,-26.9697],[152.8821,-26.9727],[152.8867,-26.9733],[152.8893,-26.9761],[152.8902,-26.9783],[152.8947,-26.9827],[152.894,-26.9873],[152.9084,-26.9894],[152.9025,-27.0214]]]}},{"type":"Feature","properties":{"name":"Enoggera","code":"304041098","centroid":[152.97485,-27.42717]},"geometry":{"type":"Polygon","coordinates":[[[152.9809,-27.4129],[152.9802,-27.4164],[152.9793,-27.4179],[152.9744,-27.4211],[152.9728,-27.4233],[152.9673,-27.422],[152.9669,-27.4239],[152.9525,-27.4216],[152.9525,-27.4231],[152.9541,-27.4255],[152.9582,-27.4283],[152.9488,-27.4266],[152.9483,-27.4283],[152.952,-27.4394],[152.9716,-27.4421],[152.9729,-27.4402],[152.9754,-27.4408],[152.9762,-27.4369],[152.9826,-27.438],[152.9839,-27.4309],[152.9871,-27.4317],[152.9871,-27.4312],[152.9892,-27.431],[152.989,-27.4316],[152.9918,-27.4319],[152.9937,-27.4243],[152.9962,-27.4247],[152.9964,-27.4215],[152.9996,-27.4222],[152.9994,-27.4201],[153.0012,-27.4149],[153.0003,-27.4141],[152.9994,-27.4142],[152.9985,-27.4125],[152.9956,-27.411],[152.9934,-27.4114],[152.9906,-27.4145],[152.9878,-27.4107],[152.9845,-27.4098],[152.9837,-27.4102],[152.9833,-27.4095],[152.9804,-27.4106],[152.9811,-27.4115],[152.9809,-27.4129]]]}},{"type":"Feature","properties":{"name":"Enoggera Reservoir","code":"304041099","centroid":[152.87053,-27.43346]},"geometry":{"type":"Polygon","coordinates":[[[152.8626,-27.422],[152.8611,-27.4224],[152.8583,-27.421],[152.853,-27.4206],[152.8517,-27.4219],[152.8493,-27.4219],[152.8472,-27.4196],[152.8452,-27.4192],[152.8441,-27.418],[152.8428,-27.4177],[152.8368,-27.4189],[152.8312,-27.417],[152.8276,-27.4147],[152.8257,-27.4123],[152.8208,-27.4107],[152.8188,-27.409],[152.8182,-27.4076],[152.8154,-27.4053],[152.8142,-27.4021],[152.8086,-27.4008],[152.8061,-27.401],[152.8027,-27.3999],[152.8021,-27.3987],[152.7997,-27.4001],[152.7986,-27.4052],[152.7996,-27.4054],[152.8008,-27.4073],[152.7994,-27.4095],[152.8,-27.4104],[152.8017,-27.411],[152.8055,-27.4167],[152.8083,-27.4147],[152.8106,-27.4172],[152.8121,-27.4173],[152.8135,-27.4196],[152.8152,-27.4201],[152.8171,-27.4196],[152.8241,-27.4241],[152.8241,-27.4262],[152.825,-27.4269],[152.8258,-27.4292],[152.8278,-27.4309],[152.8285,-27.4325],[152.8259,-27.4348],[152.8253,-27.4384],[152.8276,-27.4436],[152.8298,-27.4431],[152.8335,-27.4437],[152.8362,-27.4447],[152.8387,-27.4469],[152.8406,-27.4467],[152.8442,-27.4476],[152.8465,-27.4472],[152.8505,-27.448],[152.8532,-27.4464],[152.86,-27.4474],[152.8625,-27.4459],[152.8637,-27.4441],[152.8652,-27.4444],[152.8692,-27.4467],[152.8706,-27.4486],[152.8728,-27.4478],[152.8752,-27.4489],[152.8803,-27.455],[152.8853,-27.4517],[152.8917,-27.4588],[152.8923,-27.4579],[152.8964,-27.457],[152.9024,-27.4599],[152.909,-27.4563],[152.914,-27.4565],[152.9147,-27.4574],[152.9173,-27.4571],[152.9194,-27.4586],[152.9201,-27.4599],[152.9226,-27.461],[152.9241,-27.461],[152.9263,-27.4586],[152.9255,-27.4575],[152.9258,-27.4529],[152.9267,-27.4525],[152.9265,-27.4516],[152.928,-27.4492],[152.9307,-27.4477],[152.9311,-27.4459],[152.9271,-27.443],[152.9274,-27.4407],[152.9255,-27.4389],[152.9248,-27.4347],[152.9235,-27.4341],[152.9226,-27.4347],[152.9214,-27.4342],[152.9188,-27.4342],[152.9173,-27.4334],[152.9143,-27.4335],[152.9129,-27.4326],[152.9088,-27.4333],[152.9044,-27.4319],[152.9053,-27.4265],[152.9026,-27.4261],[152.9035,-27.4214],[152.9018,-27.4211],[152.9022,-27.4184],[152.8992,-27.418],[152.8996,-27.4153],[152.8976,-27.4151],[152.8972,-27.4173],[152.8727,-27.4138],[152.8721,-27.4131],[152.8648,-27.4179],[152.8631,-27.4177],[152.8626,-27.422]]]}},{"type":"Feature","properties":{"name":"Esk","code":"310021278","centroid":[152.43833,-27.20694]},"geometry":{"type":"Polygon","coordinates":[[[152.2526,-27.0959],[152.2511,-27.1034],[152.2479,-27.1034],[152.2447,-27.1013],[152.2449,-27.0989],[152.2438,-27.0968],[152.2417,-27.095],[152.236,-27.0942],[152.2181,-27.0791],[152.2183,-27.0783],[152.2161,-27.0777],[152.2147,-27.0752],[152.1913,-27.0723],[152.1852,-27.0614],[152.1812,-27.0861],[152.1798,-27.0864],[152.1805,-27.0881],[152.1824,-27.0894],[152.1823,-27.0901],[152.1801,-27.0902],[152.1789,-27.091],[152.1772,-27.0903],[152.1776,-27.093],[152.175,-27.094],[152.1752,-27.0952],[152.1773,-27.096],[152.1771,-27.0973],[152.1748,-27.0973],[152.1728,-27.0994],[152.17,-27.1002],[152.17,-27.1026],[152.168,-27.103],[152.165,-27.1052],[152.1637,-27.1072],[152.1574,-27.1093],[152.1579,-27.1118],[152.1561,-27.1136],[152.1549,-27.1129],[152.1536,-27.1131],[152.1536,-27.1162],[152.152,-27.1172],[152.1538,-27.1181],[152.1539,-27.1188],[152.1511,-27.1183],[152.15,-27.1193],[152.1481,-27.1194],[152.1485,-27.1219],[152.1439,-27.1237],[152.1435,-27.1267],[152.1418,-27.1265],[152.142,-27.129],[152.1402,-27.1317],[152.1411,-27.1318],[152.1408,-27.1333],[152.1358,-27.1402],[152.134,-27.1416],[152.142,-27.1455],[152.1419,-27.1463],[152.1885,-27.1691],[152.1863,-27.1721],[152.1855,-27.1762],[152.1813,-27.1785],[152.1802,-27.1803],[152.1768,-27.1818],[152.1733,-27.182],[152.1695,-27.1872],[152.1616,-27.189],[152.1589,-27.2064],[152.1601,-27.2061],[152.1626,-27.2072],[152.1655,-27.2071],[152.1663,-27.2076],[152.166,-27.209],[152.1668,-27.2101],[152.1732,-27.2113],[152.1747,-27.2102],[152.1735,-27.2084],[152.1774,-27.2081],[152.18,-27.2051],[152.1798,-27.2054],[152.1866,-27.2062],[152.1868,-27.2051],[152.2151,-27.209],[152.2205,-27.2013],[152.2361,-27.2037],[152.2331,-27.2221],[152.2297,-27.224],[152.2283,-27.2262],[152.2255,-27.2287],[152.2221,-27.2288],[152.2206,-27.2295],[152.2184,-27.2326],[152.2156,-27.2329],[152.2142,-27.2342],[152.2087,-27.2356],[152.2057,-27.2374],[152.204,-27.2394],[152.2013,-27.2403],[152.2009,-27.2434],[152.1909,-27.2421],[152.1887,-27.2549],[152.1809,-27.252],[152.1776,-27.2522],[152.1724,-27.2538],[152.1714,-27.2548],[152.1716,-27.2555],[152.1762,-27.2566],[152.1787,-27.2606],[152.1785,-27.262],[152.177,-27.2638],[152.1746,-27.2629],[152.1708,-27.2587],[152.1651,-27.2566],[152.1625,-27.2566],[152.1583,-27.2593],[152.1578,-27.2617],[152.1562,-27.2629],[152.1548,-27.267],[152.1527,-27.2682],[152.152,-27.2694],[152.1542,-27.2748],[152.1571,-27.2767],[152.1585,-27.2763],[152.1591,-27.2768],[152.1601,-27.2799],[152.1623,-27.2823],[152.1614,-27.2859],[152.1622,-27.2882],[152.1644,-27.2889],[152.1662,-27.287],[152.1704,-27.2867],[152.1732,-27.2847],[152.1734,-27.2836],[152.1755,-27.2822],[152.1772,-27.2788],[152.1808,-27.277],[152.1805,-27.2755],[152.1828,-27.2736],[152.1827,-27.2712],[152.1841,-27.2705],[152.1964,-27.2722],[152.1949,-27.2736],[152.1944,-27.2751],[152.1963,-27.2789],[152.1964,-27.2829],[152.1997,-27.2849],[152.1991,-27.288],[152.2,-27.289],[152.2016,-27.2893],[152.2013,-27.2907],[152.2041,-27.291],[152.2062,-27.292],[152.2037,-27.2933],[152.2044,-27.2941],[152.2028,-27.2954],[152.2031,-27.2962],[152.2023,-27.2972],[152.2037,-27.2986],[152.2022,-27.3009],[152.2007,-27.301],[152.1998,-27.3073],[152.1981,-27.3087],[152.1973,-27.3085],[152.1969,-27.3074],[152.1961,-27.3075],[152.1924,-27.3112],[152.1932,-27.3141],[152.193,-27.3157],[152.192,-27.3182],[152.1901,-27.3204],[152.2015,-27.322],[152.1995,-27.3327],[152.2001,-27.3328],[152.2,-27.3362],[152.1993,-27.3412],[152.196,-27.3408],[152.1925,-27.3589],[152.1935,-27.3591],[152.1929,-27.3607],[152.1923,-27.3606],[152.1914,-27.3661],[152.1967,-27.3633],[152.2003,-27.3599],[152.2015,-27.3597],[152.1982,-27.3779],[152.1959,-27.3794],[152.1932,-27.3801],[152.1931,-27.3817],[152.191,-27.3816],[152.1917,-27.3868],[152.1928,-27.3852],[152.2018,-27.3865],[152.2032,-27.3877],[152.2071,-27.3888],[152.2087,-27.3901],[152.2125,-27.3907],[152.2148,-27.3907],[152.2159,-27.3884],[152.2179,-27.3901],[152.2211,-27.3905],[152.2238,-27.3901],[152.2264,-27.3887],[152.2273,-27.3898],[152.2276,-27.3882],[152.261,-27.3926],[152.2582,-27.4091],[152.2599,-27.4108],[152.2591,-27.4125],[152.2605,-27.4145],[152.2629,-27.4161],[152.267,-27.4155],[152.2703,-27.4141],[152.2724,-27.4119],[152.2764,-27.4104],[152.2772,-27.4093],[152.2788,-27.4094],[152.2791,-27.4072],[152.2818,-27.4045],[152.2831,-27.4015],[152.2877,-27.4013],[152.2913,-27.4002],[152.2943,-27.4274],[152.2995,-27.4259],[152.304,-27.4256],[152.3049,-27.4267],[152.31,-27.4293],[152.3154,-27.3988],[152.3426,-27.4023],[152.3439,-27.3993],[152.3647,-27.4022],[152.3679,-27.4013],[152.3734,-27.402],[152.3794,-27.4044],[152.388,-27.4104],[152.3917,-27.3869],[152.388,-27.3889],[152.3819,-27.3906],[152.3863,-27.3656],[152.404,-27.3681],[152.4057,-27.3585],[152.4064,-27.3591],[152.409,-27.3586],[152.4143,-27.3609],[152.4167,-27.3609],[152.4188,-27.362],[152.421,-27.3617],[152.4216,-27.3628],[152.4201,-27.364],[152.4216,-27.3646],[152.4248,-27.3644],[152.4267,-27.3632],[152.4298,-27.365],[152.432,-27.3517],[152.4292,-27.3513],[152.4314,-27.3388],[152.4302,-27.3386],[152.4326,-27.3249],[152.4334,-27.3233],[152.4341,-27.3232],[152.4349,-27.3236],[152.4356,-27.3254],[152.4369,-27.3261],[152.439,-27.3296],[152.4428,-27.3324],[152.4473,-27.3316],[152.4492,-27.3322],[152.4526,-27.3354],[152.4646,-27.336],[152.468,-27.3373],[152.4695,-27.3392],[152.4721,-27.3396],[152.4724,-27.3406],[152.4733,-27.3411],[152.4758,-27.3391],[152.4782,-27.3399],[152.4796,-27.3375],[152.4803,-27.3372],[152.4852,-27.3389],[152.4857,-27.3407],[152.4876,-27.3407],[152.4881,-27.3432],[152.4891,-27.3447],[152.4958,-27.3412],[152.4974,-27.3413],[152.4965,-27.3415],[152.4946,-27.3437],[152.4972,-27.3415],[152.5024,-27.3431],[152.5031,-27.3439],[152.5022,-27.3445],[152.5016,-27.3468],[152.5043,-27.3474],[152.5042,-27.3485],[152.5052,-27.3479],[152.5065,-27.3481],[152.5109,-27.3517],[152.5151,-27.353],[152.5165,-27.3546],[152.5164,-27.3558],[152.514,-27.3597],[152.5118,-27.3603],[152.5089,-27.3595],[152.511,-27.361],[152.5102,-27.363],[152.5122,-27.3613],[152.514,-27.3608],[152.5161,-27.3632],[152.5154,-27.3619],[152.5154,-27.36],[152.518,-27.3578],[152.5201,-27.357],[152.5226,-27.3574],[152.524,-27.3602],[152.5249,-27.3606],[152.5253,-27.3591],[152.5271,-27.359],[152.527,-27.3571],[152.5284,-27.3558],[152.5296,-27.3571],[152.5288,-27.3573],[152.5279,-27.3594],[152.5301,-27.3592],[152.5309,-27.3614],[152.5295,-27.3624],[152.5314,-27.3636],[152.531,-27.3645],[152.5318,-27.3648],[152.5318,-27.3665],[152.5328,-27.366],[152.5327,-27.3635],[152.5344,-27.3632],[152.5327,-27.3623],[152.5335,-27.361],[152.5326,-27.36],[152.5349,-27.3596],[152.5335,-27.3581],[152.5336,-27.357],[152.5345,-27.3568],[152.5376,-27.3583],[152.5364,-27.357],[152.5368,-27.356],[152.5359,-27.3561],[152.5348,-27.3553],[152.5352,-27.3545],[152.5368,-27.3547],[152.5374,-27.354],[152.5363,-27.3522],[152.5365,-27.3511],[152.5377,-27.3507],[152.5392,-27.3546],[152.54,-27.3536],[152.5412,-27.3538],[152.5396,-27.3524],[152.5408,-27.3515],[152.5439,-27.355],[152.5445,-27.3547],[152.5455,-27.3556],[152.5463,-27.3556],[152.5442,-27.3523],[152.5443,-27.3508],[152.5436,-27.3497],[152.5452,-27.349],[152.546,-27.3493],[152.5465,-27.352],[152.5476,-27.3505],[152.5491,-27.3512],[152.5481,-27.3494],[152.5487,-27.3485],[152.5504,-27.3503],[152.5508,-27.3496],[152.5516,-27.35],[152.5525,-27.3484],[152.5508,-27.3479],[152.5506,-27.3473],[152.5513,-27.3467],[152.5495,-27.3455],[152.5504,-27.3452],[152.5526,-27.347],[152.5521,-27.3438],[152.553,-27.3431],[152.5536,-27.3413],[152.5528,-27.3405],[152.5545,-27.3403],[152.554,-27.3433],[152.5555,-27.3423],[152.5563,-27.3426],[152.5568,-27.3437],[152.5561,-27.3449],[152.5575,-27.3458],[152.5569,-27.3474],[152.5584,-27.3473],[152.5592,-27.3462],[152.5592,-27.3437],[152.5598,-27.3432],[152.5584,-27.3414],[152.5582,-27.3405],[152.559,-27.3399],[152.5585,-27.3387],[152.5604,-27.3369],[152.5608,-27.3402],[152.5623,-27.3375],[152.5656,-27.3372],[152.5654,-27.336],[152.5661,-27.3353],[152.5689,-27.3357],[152.5647,-27.3391],[152.5656,-27.3399],[152.5663,-27.339],[152.5683,-27.3386],[152.5695,-27.3395],[152.5686,-27.3407],[152.5687,-27.3425],[152.5656,-27.3437],[152.5683,-27.3445],[152.5666,-27.3465],[152.5677,-27.3474],[152.5656,-27.3526],[152.5669,-27.3522],[152.5681,-27.3531],[152.5719,-27.3493],[152.5729,-27.3493],[152.5732,-27.3479],[152.5753,-27.3466],[152.5748,-27.3451],[152.5765,-27.3424],[152.5759,-27.3417],[152.576,-27.3401],[152.5771,-27.3379],[152.5787,-27.3385],[152.5784,-27.3406],[152.5795,-27.3466],[152.5822,-27.3425],[152.5825,-27.3407],[152.5851,-27.3394],[152.5863,-27.3395],[152.5869,-27.34],[152.5869,-27.3417],[152.5851,-27.3423],[152.5855,-27.343],[152.5846,-27.3433],[152.5852,-27.3441],[152.5848,-27.3446],[152.583,-27.345],[152.584,-27.3476],[152.5824,-27.3481],[152.5827,-27.35],[152.582,-27.3507],[152.5804,-27.3507],[152.5808,-27.3514],[152.5793,-27.3526],[152.5815,-27.3524],[152.582,-27.3531],[152.5803,-27.3548],[152.5795,-27.3548],[152.5799,-27.3557],[152.5778,-27.3559],[152.5787,-27.3566],[152.5784,-27.357],[152.5763,-27.3569],[152.5773,-27.3577],[152.5768,-27.3586],[152.5754,-27.3587],[152.5765,-27.3594],[152.5762,-27.3607],[152.5782,-27.3613],[152.5781,-27.3598],[152.5793,-27.3589],[152.5805,-27.3609],[152.5809,-27.3591],[152.5824,-27.3582],[152.5831,-27.359],[152.5827,-27.3598],[152.5833,-27.3616],[152.5869,-27.3604],[152.587,-27.3618],[152.5886,-27.3614],[152.5894,-27.363],[152.5907,-27.3637],[152.5918,-27.3632],[152.5961,-27.3642],[152.5994,-27.3637],[152.6016,-27.3641],[152.6022,-27.3647],[152.6004,-27.3656],[152.6011,-27.3662],[152.6004,-27.3672],[152.6029,-27.3672],[152.6035,-27.3707],[152.6051,-27.3725],[152.6059,-27.3727],[152.6061,-27.3711],[152.6081,-27.3701],[152.6109,-27.3706],[152.6126,-27.3719],[152.6116,-27.3734],[152.6087,-27.374],[152.6134,-27.3794],[152.6132,-27.3807],[152.6113,-27.3814],[152.609,-27.3803],[152.6019,-27.3791],[152.6056,-27.3815],[152.6065,-27.383],[152.604,-27.3849],[152.6015,-27.3837],[152.5999,-27.3848],[152.599,-27.383],[152.5977,-27.3838],[152.5965,-27.3823],[152.5944,-27.3817],[152.5916,-27.3822],[152.5885,-27.3809],[152.5872,-27.3812],[152.5869,-27.3799],[152.5861,-27.3812],[152.5848,-27.3814],[152.583,-27.3796],[152.5821,-27.382],[152.5803,-27.3827],[152.5788,-27.3828],[152.5776,-27.3818],[152.5765,-27.3821],[152.5749,-27.3811],[152.572,-27.3817],[152.5709,-27.3808],[152.5694,-27.3807],[152.5685,-27.3785],[152.5664,-27.3768],[152.5661,-27.3774],[152.5683,-27.3792],[152.5686,-27.3812],[152.5692,-27.382],[152.5706,-27.3821],[152.5711,-27.3831],[152.5739,-27.3832],[152.5758,-27.3846],[152.5782,-27.3849],[152.5785,-27.3858],[152.5796,-27.385],[152.5855,-27.3861],[152.5863,-27.3854],[152.5887,-27.3859],[152.5898,-27.3864],[152.5903,-27.3878],[152.5917,-27.3873],[152.5934,-27.3877],[152.5943,-27.3886],[152.5956,-27.3884],[152.5957,-27.3906],[152.5991,-27.3906],[152.5999,-27.3929],[152.6054,-27.393],[152.6072,-27.3942],[152.6097,-27.3948],[152.6117,-27.3933],[152.6134,-27.3943],[152.6137,-27.3966],[152.6165,-27.3983],[152.618,-27.3979],[152.6175,-27.3969],[152.6184,-27.3971],[152.6207,-27.3997],[152.6213,-27.3986],[152.6239,-27.4007],[152.6232,-27.4021],[152.624,-27.4026],[152.6266,-27.4023],[152.6316,-27.4048],[152.6329,-27.4064],[152.6338,-27.406],[152.6346,-27.4071],[152.6354,-27.4065],[152.6351,-27.4061],[152.6357,-27.4061],[152.6347,-27.4048],[152.6361,-27.405],[152.6355,-27.4035],[152.637,-27.404],[152.6364,-27.4028],[152.6374,-27.4027],[152.6362,-27.4001],[152.6376,-27.3992],[152.6354,-27.3977],[152.6381,-27.3965],[152.6351,-27.3961],[152.6354,-27.3945],[152.6372,-27.3937],[152.6344,-27.3929],[152.6373,-27.3907],[152.634,-27.3909],[152.6336,-27.3897],[152.6352,-27.3897],[152.635,-27.3886],[152.6358,-27.3881],[152.6351,-27.3873],[152.6359,-27.3868],[152.6356,-27.3859],[152.6365,-27.386],[152.637,-27.3853],[152.6383,-27.3861],[152.6383,-27.3855],[152.6379,-27.3844],[152.6363,-27.3843],[152.6368,-27.3828],[152.6351,-27.3836],[152.6347,-27.3833],[152.6344,-27.3849],[152.6333,-27.3855],[152.6324,-27.3822],[152.6346,-27.38],[152.6343,-27.3793],[152.6324,-27.3805],[152.6316,-27.3802],[152.629,-27.3745],[152.6319,-27.3722],[152.6315,-27.3719],[152.6294,-27.3728],[152.628,-27.3724],[152.6265,-27.37],[152.6276,-27.369],[152.6254,-27.3684],[152.6261,-27.3669],[152.6278,-27.3665],[152.6274,-27.366],[152.6279,-27.3656],[152.6241,-27.3665],[152.6239,-27.365],[152.625,-27.362],[152.6243,-27.3609],[152.6232,-27.3607],[152.623,-27.3593],[152.6281,-27.3598],[152.6285,-27.3578],[152.627,-27.3565],[152.6272,-27.355],[152.6251,-27.3534],[152.6256,-27.3529],[152.6282,-27.354],[152.6307,-27.3488],[152.6328,-27.3481],[152.637,-27.3491],[152.6377,-27.3502],[152.64,-27.3506],[152.6398,-27.3515],[152.673,-27.3561],[152.6742,-27.3504],[152.6725,-27.3502],[152.6732,-27.3471],[152.686,-27.3491],[152.6862,-27.3482],[152.6874,-27.3481],[152.692,-27.3428],[152.6957,-27.3429],[152.7023,-27.3381],[152.7031,-27.3382],[152.7071,-27.3344],[152.7102,-27.3326],[152.7173,-27.3306],[152.7191,-27.3278],[152.7196,-27.3235],[152.7233,-27.3221],[152.7301,-27.3241],[152.7312,-27.3232],[152.7392,-27.3233],[152.7424,-27.3215],[152.7449,-27.319],[152.7485,-27.3188],[152.7472,-27.3171],[152.7486,-27.3169],[152.7491,-27.3132],[152.7511,-27.3125],[152.7521,-27.3115],[152.7539,-27.3113],[152.7542,-27.3104],[152.756,-27.3098],[152.7563,-27.3087],[152.7556,-27.3079],[152.7565,-27.3072],[152.7568,-27.3007],[152.7532,-27.297],[152.7536,-27.295],[152.7488,-27.2951],[152.7457,-27.2933],[152.7389,-27.2937],[152.7357,-27.2967],[152.732,-27.2972],[152.7271,-27.2948],[152.7243,-27.2947],[152.7173,-27.2926],[152.7147,-27.2899],[152.7136,-27.2895],[152.7072,-27.2922],[152.7043,-27.2928],[152.7037,-27.2922],[152.7037,-27.2907],[152.7056,-27.2861],[152.7044,-27.2826],[152.7056,-27.2796],[152.7046,-27.277],[152.6908,-27.2745],[152.6866,-27.2749],[152.6837,-27.2724],[152.6837,-27.2667],[152.6812,-27.2627],[152.6812,-27.2551],[152.6874,-27.249],[152.6894,-27.2452],[152.6924,-27.2421],[152.6927,-27.2404],[152.6913,-27.2383],[152.6909,-27.236],[152.6931,-27.2342],[152.6954,-27.234],[152.7002,-27.2302],[152.7022,-27.2264],[152.701,-27.2239],[152.7005,-27.2198],[152.7012,-27.2167],[152.7035,-27.213],[152.7042,-27.2088],[152.703,-27.2051],[152.7016,-27.2042],[152.7016,-27.2028],[152.7029,-27.2016],[152.7046,-27.1976],[152.707,-27.1954],[152.7089,-27.1922],[152.7112,-27.1922],[152.7123,-27.1887],[152.7163,-27.1866],[152.7181,-27.1845],[152.7186,-27.1827],[152.723,-27.1805],[152.7244,-27.178],[152.7262,-27.1766],[152.7285,-27.1769],[152.7297,-27.1751],[152.729,-27.1733],[152.7306,-27.1716],[152.7318,-27.1721],[152.7336,-27.1715],[152.7291,-27.1638],[152.7298,-27.1615],[152.7369,-27.1553],[152.7369,-27.1538],[152.7393,-27.1509],[152.7379,-27.1505],[152.7381,-27.1477],[152.7374,-27.1455],[152.7367,-27.144],[152.7351,-27.1428],[152.7328,-27.1335],[152.7308,-27.1305],[152.7311,-27.1275],[152.7301,-27.1252],[152.7287,-27.124],[152.7281,-27.1219],[152.7302,-27.1181],[152.7294,-27.1159],[152.7304,-27.1137],[152.7303,-27.1088],[152.731,-27.1076],[152.7335,-27.1074],[152.7345,-27.1023],[152.7265,-27.1014],[152.7262,-27.1032],[152.7181,-27.1022],[152.7183,-27.1004],[152.7151,-27.1],[152.7126,-27.0985],[152.712,-27.0989],[152.7118,-27.0978],[152.708,-27.0963],[152.7021,-27.0948],[152.6958,-27.0949],[152.6898,-27.0928],[152.687,-27.0933],[152.6833,-27.0952],[152.6793,-27.0948],[152.6765,-27.09],[152.6765,-27.0881],[152.6847,-27.0848],[152.6869,-27.0833],[152.6871,-27.0817],[152.6857,-27.0766],[152.684,-27.0747],[152.6856,-27.072],[152.6842,-27.0673],[152.6809,-27.0621],[152.681,-27.0611],[152.6786,-27.0594],[152.6771,-27.0564],[152.6718,-27.0561],[152.6668,-27.054],[152.6665,-27.0557],[152.6647,-27.0563],[152.6619,-27.0549],[152.6605,-27.0554],[152.6596,-27.0533],[152.6582,-27.0589],[152.651,-27.0579],[152.6491,-27.0687],[152.639,-27.0665],[152.6219,-27.064],[152.6222,-27.0618],[152.6179,-27.0612],[152.6181,-27.0598],[152.6103,-27.0588],[152.6101,-27.0603],[152.6003,-27.059],[152.5993,-27.0657],[152.5983,-27.0656],[152.5976,-27.0663],[152.5999,-27.0684],[152.599,-27.0723],[152.5977,-27.0746],[152.5884,-27.0834],[152.5866,-27.0842],[152.5808,-27.0765],[152.5779,-27.0763],[152.5772,-27.0812],[152.5755,-27.0836],[152.5743,-27.089],[152.5723,-27.092],[152.5701,-27.0941],[152.5498,-27.0913],[152.5509,-27.0846],[152.5359,-27.0946],[152.5251,-27.0931],[152.5254,-27.0913],[152.5241,-27.0885],[152.5229,-27.0861],[152.5189,-27.0814],[152.5175,-27.0786],[152.5169,-27.0765],[152.5179,-27.0754],[152.5155,-27.0741],[152.5142,-27.0706],[152.5165,-27.0684],[152.516,-27.0673],[152.5126,-27.0621],[152.5081,-27.0576],[152.5077,-27.0532],[152.5066,-27.0508],[152.507,-27.0471],[152.5092,-27.0445],[152.5091,-27.0415],[152.5097,-27.0401],[152.5113,-27.0391],[152.5092,-27.0337],[152.5101,-27.0328],[152.5102,-27.0295],[152.5085,-27.0271],[152.5062,-27.0211],[152.5049,-27.02],[152.503,-27.0163],[152.507,-27.0137],[152.5066,-27.01],[152.5101,-27.008],[152.5113,-27.008],[152.513,-27.0063],[152.5141,-27.006],[152.5159,-27.0038],[152.5154,-26.9996],[152.5133,-26.9964],[152.5124,-26.9957],[152.5089,-26.9957],[152.5041,-26.9929],[152.492,-26.993],[152.4834,-26.9902],[152.4796,-26.9919],[152.4775,-26.9987],[152.4741,-26.9977],[152.4725,-26.9956],[152.4693,-26.995],[152.4687,-26.9937],[152.466,-26.9928],[152.4641,-26.9912],[152.4593,-26.9916],[152.4515,-26.9968],[152.448,-26.9966],[152.4462,-26.9956],[152.444,-26.9959],[152.443,-26.9976],[152.4393,-26.9932],[152.424,-26.9913],[152.4216,-27.0043],[152.4235,-27.0067],[152.4056,-27.0043],[152.4024,-27.0061],[152.4027,-27.007],[152.4067,-27.0075],[152.4056,-27.0141],[152.388,-27.0155],[152.3859,-27.0166],[152.3805,-27.0108],[152.3777,-27.0166],[152.376,-27.0171],[152.3698,-27.0155],[152.3694,-27.0162],[152.3685,-27.0162],[152.3682,-27.0123],[152.3689,-27.0113],[152.3671,-27.012],[152.3604,-27.0111],[152.3599,-27.0148],[152.3543,-27.014],[152.3532,-27.0207],[152.3565,-27.0211],[152.3562,-27.0231],[152.3446,-27.0214],[152.345,-27.0189],[152.3438,-27.0187],[152.3446,-27.0136],[152.3439,-27.0136],[152.3442,-27.0116],[152.3323,-27.0101],[152.3178,-27.0099],[152.3143,-27.012],[152.311,-27.0116],[152.3089,-27.0143],[152.307,-27.0157],[152.3065,-27.0172],[152.3039,-27.0183],[152.3037,-27.0203],[152.3022,-27.0215],[152.3014,-27.0238],[152.3013,-27.0261],[152.2992,-27.0319],[152.2954,-27.0353],[152.2993,-27.0359],[152.2989,-27.0378],[152.3005,-27.0434],[152.3035,-27.0457],[152.3021,-27.0469],[152.3023,-27.0488],[152.3008,-27.0514],[152.2999,-27.0553],[152.3008,-27.0581],[152.3006,-27.0603],[152.2986,-27.0624],[152.299,-27.0634],[152.2975,-27.0651],[152.2944,-27.0659],[152.2924,-27.0657],[152.2913,-27.0685],[152.2894,-27.0705],[152.2872,-27.0708],[152.2835,-27.0696],[152.2793,-27.0734],[152.2761,-27.0731],[152.2722,-27.0716],[152.2676,-27.0729],[152.2629,-27.0711],[152.2586,-27.0717],[152.2571,-27.0726],[152.2568,-27.0743],[152.2584,-27.0777],[152.2573,-27.0811],[152.2536,-27.0818],[152.2534,-27.087],[152.2526,-27.089],[152.2538,-27.0892],[152.2526,-27.0959]]]}},{"type":"Feature","properties":{"name":"Everton Park","code":"302011025","centroid":[152.98738,-27.40078]},"geometry":{"type":"Polygon","coordinates":[[[152.9769,-27.4007],[152.9787,-27.4016],[152.9777,-27.4046],[152.98,-27.4051],[152.9801,-27.4076],[152.9826,-27.4089],[152.9837,-27.4102],[152.9845,-27.4098],[152.9877,-27.4107],[152.9906,-27.4145],[152.9939,-27.4111],[152.9957,-27.411],[152.9976,-27.4119],[152.9984,-27.4073],[152.9983,-27.4044],[152.9973,-27.4028],[152.9986,-27.3956],[152.9853,-27.3936],[152.9848,-27.3925],[152.9848,-27.3861],[152.9839,-27.3847],[152.9806,-27.3882],[152.9767,-27.3898],[152.9753,-27.392],[152.9781,-27.3946],[152.9769,-27.4007]]]}},{"type":"Feature","properties":{"name":"Fairfield - Dutton Park","code":"303021054","centroid":[153.02461,-27.50205]},"geometry":{"type":"Polygon","coordinates":[[[153.0226,-27.493],[153.0224,-27.4938],[153.0204,-27.4929],[153.0196,-27.4937],[153.0214,-27.4954],[153.0226,-27.4979],[153.0226,-27.502],[153.0206,-27.5041],[153.0179,-27.5051],[153.0167,-27.5117],[153.0245,-27.5129],[153.0282,-27.5092],[153.0289,-27.5057],[153.0284,-27.5009],[153.0326,-27.4966],[153.0318,-27.4964],[153.0325,-27.4954],[153.0313,-27.4939],[153.0273,-27.4918],[153.0243,-27.4885],[153.0239,-27.4884],[153.0244,-27.4891],[153.0239,-27.4914],[153.0229,-27.4913],[153.0226,-27.493]]]}},{"type":"Feature","properties":{"name":"Fig Tree Pocket","code":"304021089","centroid":[152.96186,-27.52773]},"geometry":{"type":"Polygon","coordinates":[[[152.9552,-27.517],[152.9486,-27.5207],[152.9471,-27.5268],[152.95,-27.5273],[152.9532,-27.5287],[152.9593,-27.5327],[152.9623,-27.5361],[152.9636,-27.5402],[152.9658,-27.5431],[152.9691,-27.5437],[152.9735,-27.5426],[152.9733,-27.5402],[152.9698,-27.5349],[152.9698,-27.5323],[152.9711,-27.528],[152.9709,-27.5259],[152.9668,-27.5191],[152.9658,-27.5143],[152.9636,-27.514],[152.9632,-27.5159],[152.9624,-27.5157],[152.9622,-27.5169],[152.9613,-27.5165],[152.9592,-27.517],[152.9588,-27.5164],[152.9567,-27.5172],[152.9563,-27.5167],[152.9552,-27.517]]]}},{"type":"Feature","properties":{"name":"Flagstone (East) - Riverbend","code":"311041567","centroid":[152.96993,-27.8205]},"geometry":{"type":"Polygon","coordinates":[[[152.9491,-27.8034],[152.9475,-27.811],[152.9443,-27.8189],[152.9408,-27.8241],[152.936,-27.8271],[152.9258,-27.8381],[152.9252,-27.8391],[152.9249,-27.8421],[152.9297,-27.8412],[152.931,-27.8399],[152.934,-27.8407],[152.9383,-27.8407],[152.943,-27.8427],[152.9458,-27.8428],[152.9473,-27.844],[152.9499,-27.8439],[152.9521,-27.8447],[152.9553,-27.8444],[152.9563,-27.846],[152.9591,-27.8465],[152.96,-27.8462],[152.9604,-27.8439],[152.9578,-27.8426],[152.9562,-27.8397],[152.959,-27.838],[152.9628,-27.8388],[152.9679,-27.8409],[152.9712,-27.8434],[152.9732,-27.8457],[152.9774,-27.8479],[152.9814,-27.8514],[152.9826,-27.8516],[152.9849,-27.8517],[152.986,-27.851],[152.9833,-27.8449],[152.9849,-27.8413],[152.9847,-27.8386],[152.9861,-27.8359],[152.9873,-27.8278],[152.9884,-27.8256],[152.9959,-27.823],[152.9975,-27.8233],[153.0033,-27.8215],[153.0045,-27.8202],[153.005,-27.8115],[153.0071,-27.8096],[153.0104,-27.8098],[153.017,-27.8115],[153.0222,-27.8121],[153.0254,-27.8088],[153.0235,-27.8066],[153.0169,-27.8045],[153.0109,-27.8056],[153.0075,-27.8048],[153.0055,-27.8033],[152.9947,-27.8016],[152.9944,-27.8034],[152.9841,-27.8019],[152.9841,-27.8014],[152.9813,-27.8007],[152.9814,-27.7988],[152.9789,-27.7965],[152.9772,-27.7969],[152.976,-27.7954],[152.9782,-27.7948],[152.9741,-27.7942],[152.9734,-27.798],[152.9613,-27.7963],[152.9621,-27.7918],[152.9565,-27.7909],[152.9491,-27.8034]]]}},{"type":"Feature","properties":{"name":"Flagstone (West) - New Beith","code":"311041568","centroid":[152.88612,-27.79021]},"geometry":{"type":"Polygon","coordinates":[[[152.8733,-27.7534],[152.8579,-27.7511],[152.8568,-27.7573],[152.8434,-27.7553],[152.8432,-27.7568],[152.836,-27.7557],[152.8339,-27.7527],[152.8346,-27.7476],[152.8293,-27.7468],[152.8282,-27.7527],[152.823,-27.752],[152.8223,-27.7564],[152.8114,-27.7549],[152.811,-27.759],[152.808,-27.7587],[152.8065,-27.7683],[152.8056,-27.7681],[152.8041,-27.7763],[152.8048,-27.7764],[152.8033,-27.7856],[152.8114,-27.7868],[152.8118,-27.7843],[152.8129,-27.785],[152.8178,-27.7856],[152.8183,-27.785],[152.8197,-27.7856],[152.8219,-27.785],[152.8224,-27.7861],[152.8218,-27.7891],[152.8244,-27.7938],[152.8246,-27.7965],[152.8257,-27.7981],[152.8253,-27.8002],[152.826,-27.805],[152.8252,-27.8066],[152.8265,-27.8075],[152.825,-27.8093],[152.8274,-27.8097],[152.8264,-27.8151],[152.8164,-27.8136],[152.8141,-27.8262],[152.804,-27.8249],[152.8027,-27.8319],[152.8006,-27.8316],[152.8,-27.835],[152.8015,-27.8358],[152.7993,-27.8391],[152.8006,-27.8389],[152.8007,-27.8416],[152.8018,-27.8422],[152.8004,-27.8434],[152.8007,-27.8442],[152.8057,-27.8456],[152.808,-27.8441],[152.8092,-27.8458],[152.8083,-27.8469],[152.8122,-27.8473],[152.8118,-27.8487],[152.8139,-27.8491],[152.8138,-27.8503],[152.8143,-27.8506],[152.8162,-27.8485],[152.8171,-27.8483],[152.8167,-27.8516],[152.8153,-27.852],[152.8136,-27.8553],[152.8161,-27.8561],[152.8149,-27.8582],[152.8196,-27.859],[152.82,-27.8605],[152.8187,-27.8613],[152.82,-27.8623],[152.8186,-27.8638],[152.8195,-27.8654],[152.8211,-27.8656],[152.8225,-27.8642],[152.8239,-27.8664],[152.8252,-27.8665],[152.8246,-27.8638],[152.8278,-27.8661],[152.8305,-27.8649],[152.835,-27.8698],[152.8395,-27.8673],[152.8396,-27.865],[152.8409,-27.8647],[152.8436,-27.8684],[152.8457,-27.8684],[152.847,-27.8681],[152.8487,-27.8659],[152.8526,-27.8661],[152.8557,-27.8625],[152.8557,-27.86],[152.8592,-27.8616],[152.8629,-27.8606],[152.8592,-27.8579],[152.8603,-27.8571],[152.8714,-27.8544],[152.8732,-27.8555],[152.8751,-27.8556],[152.8754,-27.8537],[152.8747,-27.8528],[152.8718,-27.853],[152.8702,-27.8524],[152.8706,-27.8514],[152.8724,-27.8504],[152.8768,-27.8516],[152.8806,-27.8518],[152.8807,-27.8489],[152.8817,-27.8482],[152.8881,-27.8502],[152.8926,-27.8505],[152.8931,-27.8516],[152.8916,-27.8535],[152.8916,-27.8542],[152.8946,-27.8538],[152.8955,-27.8567],[152.8974,-27.8576],[152.9004,-27.853],[152.9088,-27.8507],[152.9146,-27.8499],[152.9183,-27.8485],[152.9201,-27.8459],[152.9217,-27.8461],[152.9231,-27.8435],[152.9249,-27.8421],[152.9252,-27.8391],[152.9258,-27.8381],[152.936,-27.8271],[152.9408,-27.8241],[152.9443,-27.8189],[152.9475,-27.811],[152.949,-27.8036],[152.9624,-27.7805],[152.9642,-27.7696],[152.9646,-27.7682],[152.9654,-27.7683],[152.9661,-27.7642],[152.9692,-27.7558],[152.9701,-27.7418],[152.9716,-27.7403],[152.9767,-27.7384],[152.9783,-27.7365],[152.9766,-27.7361],[152.9724,-27.7371],[152.9514,-27.7339],[152.9481,-27.7309],[152.947,-27.732],[152.9469,-27.7332],[152.9443,-27.7316],[152.9393,-27.7317],[152.9307,-27.7305],[152.9347,-27.7096],[152.9245,-27.7078],[152.9214,-27.7079],[152.9188,-27.7068],[152.9172,-27.7073],[152.8907,-27.7036],[152.8828,-27.7474],[152.8746,-27.7463],[152.8733,-27.7534]]]}},{"type":"Feature","properties":{"name":"Forest Lake - Ellen Grove","code":"310011564","centroid":[152.95901,-27.6198]},"geometry":{"type":"Polygon","coordinates":[[[152.9409,-27.6226],[152.9404,-27.6253],[152.9482,-27.6325],[152.9556,-27.6346],[152.9658,-27.6353],[152.9713,-27.6376],[152.9749,-27.6365],[152.9753,-27.6352],[152.9787,-27.6316],[152.9789,-27.6308],[152.9771,-27.6289],[152.9793,-27.6292],[152.9794,-27.6247],[152.9836,-27.6238],[152.9849,-27.6215],[152.9831,-27.6235],[152.9823,-27.6231],[152.9821,-27.6215],[152.9815,-27.6212],[152.9784,-27.6215],[152.9776,-27.622],[152.9772,-27.6233],[152.975,-27.623],[152.9744,-27.6209],[152.9722,-27.6196],[152.9735,-27.615],[152.9714,-27.6101],[152.9718,-27.6072],[152.9614,-27.6092],[152.9594,-27.6006],[152.9598,-27.5991],[152.9442,-27.6021],[152.9409,-27.6226]]]}},{"type":"Feature","properties":{"name":"Fortitude Valley","code":"305011106","centroid":[153.03534,-27.45634]},"geometry":{"type":"Polygon","coordinates":[[[153.0287,-27.4555],[153.0306,-27.457],[153.0291,-27.4586],[153.0308,-27.46],[153.0312,-27.4618],[153.0374,-27.4631],[153.038,-27.4624],[153.0371,-27.4618],[153.0429,-27.4559],[153.0399,-27.4535],[153.0416,-27.4498],[153.0404,-27.4493],[153.0388,-27.4498],[153.0381,-27.4494],[153.0367,-27.4525],[153.0358,-27.4518],[153.0337,-27.4539],[153.0311,-27.4516],[153.0291,-27.4526],[153.0269,-27.4541],[153.0287,-27.4555]]]}},{"type":"Feature","properties":{"name":"Geebung","code":"302021030","centroid":[153.04719,-27.37254]},"geometry":{"type":"Polygon","coordinates":[[[153.0358,-27.3724],[153.0354,-27.3742],[153.0326,-27.3781],[153.0295,-27.379],[153.0297,-27.3801],[153.0306,-27.3796],[153.0357,-27.3801],[153.036,-27.3792],[153.0368,-27.3791],[153.0406,-27.3804],[153.0421,-27.3796],[153.0438,-27.38],[153.0459,-27.3796],[153.0541,-27.381],[153.0577,-27.3834],[153.0602,-27.3811],[153.0617,-27.3812],[153.0553,-27.3749],[153.0576,-27.3623],[153.0472,-27.3608],[153.0465,-27.3645],[153.0433,-27.364],[153.0429,-27.366],[153.0436,-27.3665],[153.0434,-27.3678],[153.0368,-27.3668],[153.0358,-27.3724]]]}},{"type":"Feature","properties":{"name":"Goodna","code":"310041300","centroid":[152.89246,-27.6117]},"geometry":{"type":"Polygon","coordinates":[[[152.8836,-27.5987],[152.8789,-27.6064],[152.8786,-27.6079],[152.8809,-27.6117],[152.8853,-27.6219],[152.8778,-27.6245],[152.8761,-27.6208],[152.8751,-27.6264],[152.8857,-27.6279],[152.8908,-27.6271],[152.8927,-27.6234],[152.9032,-27.625],[152.9035,-27.6242],[152.906,-27.6226],[152.9065,-27.6235],[152.9058,-27.6258],[152.9074,-27.6263],[152.9077,-27.6246],[152.909,-27.6229],[152.9072,-27.6206],[152.9069,-27.6186],[152.9058,-27.6169],[152.906,-27.6157],[152.9075,-27.6146],[152.909,-27.6151],[152.9088,-27.6142],[152.9098,-27.6138],[152.9101,-27.613],[152.9082,-27.6107],[152.9058,-27.611],[152.9053,-27.6105],[152.9069,-27.6084],[152.9086,-27.6075],[152.9087,-27.6057],[152.9071,-27.6044],[152.9062,-27.6053],[152.9033,-27.6056],[152.901,-27.6031],[152.8979,-27.6029],[152.8957,-27.6017],[152.8935,-27.5993],[152.8912,-27.5938],[152.8885,-27.5908],[152.8889,-27.5903],[152.8884,-27.5897],[152.8864,-27.591],[152.8849,-27.59],[152.8847,-27.5918],[152.8829,-27.5922],[152.8823,-27.5946],[152.8831,-27.5938],[152.8845,-27.5954],[152.8831,-27.5954],[152.8829,-27.5966],[152.8814,-27.5975],[152.8819,-27.5984],[152.8836,-27.5987]]]}},{"type":"Feature","properties":{"name":"Grange","code":"305031123","centroid":[153.01529,-27.42254]},"geometry":{"type":"Polygon","coordinates":[[[153.0076,-27.4233],[153.0076,-27.4248],[153.0115,-27.4255],[153.0108,-27.4294],[153.0184,-27.4301],[153.019,-27.4266],[153.0222,-27.427],[153.0226,-27.4243],[153.0239,-27.4244],[153.0243,-27.4224],[153.0221,-27.4199],[153.0217,-27.4185],[153.0223,-27.4172],[153.0218,-27.4168],[153.019,-27.4167],[153.0161,-27.4189],[153.0132,-27.4193],[153.012,-27.4179],[153.0129,-27.4172],[153.0128,-27.4162],[153.0104,-27.4156],[153.0097,-27.4143],[153.0106,-27.4132],[153.0101,-27.4127],[153.0088,-27.4131],[153.0078,-27.4184],[153.0086,-27.42],[153.0076,-27.4233]]]}},{"type":"Feature","properties":{"name":"Greenbank - North Maclean","code":"311041569","centroid":[152.9783,-27.7447]},"geometry":{"type":"Polygon","coordinates":[[[152.9783,-27.7365],[152.9767,-27.7384],[152.9716,-27.7403],[152.9701,-27.7418],[152.9692,-27.7558],[152.9661,-27.7642],[152.9654,-27.7683],[152.9646,-27.7682],[152.9642,-27.7696],[152.9624,-27.7805],[152.9565,-27.7909],[152.9621,-27.7918],[152.9613,-27.7963],[152.9734,-27.798],[152.9741,-27.7942],[152.9782,-27.7948],[152.976,-27.7954],[152.9772,-27.7969],[152.9789,-27.7965],[152.9814,-27.7988],[152.9813,-27.8007],[152.9841,-27.8014],[152.9841,-27.8019],[152.9944,-27.8034],[152.9947,-27.8016],[153.0055,-27.8033],[153.0075,-27.8048],[153.0109,-27.8056],[153.0169,-27.8045],[153.0235,-27.8066],[153.0254,-27.8088],[153.028,-27.8093],[153.0247,-27.8035],[153.028,-27.7861],[153.0235,-27.7854],[153.0234,-27.7806],[153.0247,-27.7794],[153.0278,-27.7794],[153.0296,-27.7782],[153.0325,-27.7725],[153.0317,-27.7681],[153.0327,-27.7635],[153.0311,-27.7619],[153.0251,-27.761],[153.0244,-27.7617],[153.0224,-27.7593],[153.0229,-27.7575],[153.0117,-27.756],[153.0123,-27.7526],[153.0074,-27.7519],[153.0109,-27.7333],[153.0043,-27.7324],[153.006,-27.7233],[152.9857,-27.7202],[152.9862,-27.7191],[152.9809,-27.7183],[152.9774,-27.7127],[152.9779,-27.71],[152.9755,-27.7061],[152.9722,-27.7051],[152.9741,-27.7023],[152.9705,-27.6948],[152.9669,-27.6919],[152.9615,-27.6908],[152.9606,-27.69],[152.9586,-27.686],[152.9596,-27.6818],[152.9351,-27.6692],[152.9316,-27.6661],[152.9234,-27.7077],[152.9347,-27.7096],[152.9307,-27.7305],[152.9393,-27.7317],[152.9443,-27.7316],[152.9469,-27.7332],[152.947,-27.732],[152.9481,-27.7309],[152.9514,-27.7339],[152.9724,-27.7371],[152.9766,-27.7361],[152.9783,-27.7365]]]}},{"type":"Feature","properties":{"name":"Greenbank Military Camp","code":"311031315","centroid":[152.97064,-27.67146]},"geometry":{"type":"Polygon","coordinates":[[[153.0074,-27.6851],[153.0143,-27.6811],[153.0166,-27.6789],[153.0077,-27.6776],[153.009,-27.6706],[152.9915,-27.668],[152.9921,-27.667],[152.9902,-27.6617],[152.9916,-27.6605],[152.9822,-27.6591],[152.9841,-27.6486],[152.9787,-27.6463],[152.9759,-27.6438],[152.9734,-27.639],[152.9702,-27.6368],[152.9658,-27.6353],[152.9556,-27.6346],[152.9482,-27.6325],[152.9417,-27.6265],[152.9386,-27.6402],[152.9374,-27.6432],[152.9247,-27.6577],[152.9251,-27.6593],[152.9276,-27.6628],[152.9351,-27.6692],[152.9596,-27.6818],[152.9586,-27.686],[152.9606,-27.69],[152.9615,-27.6908],[152.9669,-27.6919],[152.9705,-27.6948],[152.9741,-27.7023],[152.9722,-27.7051],[152.9755,-27.7061],[152.9779,-27.71],[152.9774,-27.7127],[152.9809,-27.7183],[152.9862,-27.7191],[152.9894,-27.7185],[152.9928,-27.7162],[152.9942,-27.7138],[153.0001,-27.7084],[153.0029,-27.7068],[153.0025,-27.7066],[153.0061,-27.6866],[153.0074,-27.6851]]]}},{"type":"Feature","properties":{"name":"Greenslopes","code":"303021055","centroid":[153.04781,-27.507]},"geometry":{"type":"Polygon","coordinates":[[[153.0413,-27.5009],[153.0411,-27.502],[153.0396,-27.5017],[153.0387,-27.509],[153.0414,-27.5135],[153.0466,-27.5163],[153.0469,-27.5158],[153.0507,-27.5166],[153.0528,-27.5164],[153.0546,-27.5144],[153.0535,-27.5129],[153.0595,-27.5091],[153.0587,-27.5082],[153.0603,-27.5072],[153.0584,-27.5056],[153.0551,-27.5056],[153.053,-27.5039],[153.0502,-27.5034],[153.0512,-27.4989],[153.0507,-27.4989],[153.0508,-27.4971],[153.0497,-27.4954],[153.0484,-27.4948],[153.0472,-27.4966],[153.0418,-27.4979],[153.0413,-27.5009]]]}},{"type":"Feature","properties":{"name":"Hamilton (Qld)","code":"305031124","centroid":[153.06173,-27.43656]},"geometry":{"type":"Polygon","coordinates":[[[153.0483,-27.4348],[153.0481,-27.4362],[153.0492,-27.4373],[153.0489,-27.4395],[153.0479,-27.4397],[153.0482,-27.4412],[153.05,-27.4401],[153.0562,-27.4392],[153.0626,-27.4399],[153.0695,-27.4415],[153.0703,-27.4405],[153.0708,-27.4374],[153.0782,-27.4345],[153.0785,-27.4324],[153.0773,-27.4317],[153.0718,-27.4311],[153.071,-27.4364],[153.0698,-27.4368],[153.0579,-27.4348],[153.0581,-27.4338],[153.0552,-27.4334],[153.055,-27.4341],[153.0518,-27.433],[153.0487,-27.4328],[153.0483,-27.4348]]]}},{"type":"Feature","properties":{"name":"Hawthorne","code":"305021116","centroid":[153.05931,-27.46399]},"geometry":{"type":"Polygon","coordinates":[[[153.0537,-27.4614],[153.0572,-27.4677],[153.0574,-27.4698],[153.0583,-27.4707],[153.0576,-27.4733],[153.0635,-27.4719],[153.0644,-27.466],[153.0632,-27.4597],[153.0609,-27.4593],[153.0614,-27.4565],[153.0575,-27.4563],[153.0574,-27.4569],[153.0534,-27.4564],[153.0537,-27.4614]]]}},{"type":"Feature","properties":{"name":"Hendra","code":"305031125","centroid":[153.07023,-27.41779]},"geometry":{"type":"Polygon","coordinates":[[[153.0633,-27.4117],[153.0626,-27.4154],[153.0646,-27.4157],[153.064,-27.419],[153.06,-27.4185],[153.0592,-27.4231],[153.0633,-27.4236],[153.0628,-27.4264],[153.0653,-27.425],[153.0726,-27.4261],[153.073,-27.4237],[153.08,-27.4246],[153.0801,-27.4213],[153.0767,-27.4168],[153.0772,-27.4104],[153.0747,-27.407],[153.0665,-27.4112],[153.0634,-27.4108],[153.0633,-27.4117]]]}},{"type":"Feature","properties":{"name":"Highgate Hill","code":"305011107","centroid":[153.0175,-27.48757]},"geometry":{"type":"Polygon","coordinates":[[[153.0136,-27.4835],[153.0116,-27.4832],[153.0104,-27.49],[153.0132,-27.49],[153.0196,-27.4937],[153.0204,-27.4929],[153.0224,-27.4938],[153.0229,-27.4913],[153.0239,-27.4914],[153.0244,-27.4891],[153.0233,-27.4854],[153.0197,-27.4849],[153.0196,-27.483],[153.0188,-27.482],[153.014,-27.4813],[153.0136,-27.4835]]]}},{"type":"Feature","properties":{"name":"Hillcrest","code":"311031316","centroid":[153.01156,-27.66516]},"geometry":{"type":"Polygon","coordinates":[[[152.9924,-27.6681],[153.009,-27.6706],[153.0077,-27.6776],[153.0166,-27.6789],[153.0161,-27.6795],[153.019,-27.6807],[153.0213,-27.6787],[153.0313,-27.6805],[153.0313,-27.6729],[153.0338,-27.6664],[153.0377,-27.6604],[153.0162,-27.6569],[153.012,-27.6571],[153.0007,-27.6552],[152.9893,-27.6515],[152.9841,-27.6486],[152.9822,-27.6591],[152.9916,-27.6605],[152.9902,-27.6617],[152.9921,-27.667],[152.9915,-27.668],[152.9924,-27.6681]]]}},{"type":"Feature","properties":{"name":"Holland Park","code":"303021056","centroid":[153.07008,-27.51852]},"geometry":{"type":"Polygon","coordinates":[[[153.059,-27.5174],[153.0651,-27.5222],[153.0717,-27.5294],[153.0837,-27.5217],[153.0847,-27.5169],[153.083,-27.5169],[153.0758,-27.5137],[153.0746,-27.5137],[153.0728,-27.515],[153.0725,-27.5135],[153.0688,-27.5128],[153.0633,-27.5106],[153.0623,-27.5112],[153.0605,-27.5092],[153.0599,-27.5096],[153.0595,-27.5091],[153.0535,-27.5129],[153.059,-27.5174]]]}},{"type":"Feature","properties":{"name":"Holland Park West","code":"303021057","centroid":[153.06032,-27.52616]},"geometry":{"type":"Polygon","coordinates":[[[153.05,-27.5182],[153.056,-27.526],[153.0589,-27.5382],[153.0661,-27.5393],[153.0626,-27.5349],[153.0717,-27.5294],[153.0651,-27.5222],[153.0546,-27.5139],[153.0528,-27.5164],[153.0507,-27.5166],[153.0469,-27.5158],[153.0466,-27.5163],[153.05,-27.5182]]]}},{"type":"Feature","properties":{"name":"Inala - Richlands","code":"310011274","centroid":[152.96286,-27.59168]},"geometry":{"type":"Polygon","coordinates":[[[152.945,-27.5975],[152.9442,-27.6021],[152.9598,-27.5991],[152.9594,-27.6006],[152.9614,-27.6092],[152.9747,-27.6062],[152.9881,-27.6041],[152.9885,-27.6023],[152.9872,-27.5966],[152.9784,-27.5982],[152.977,-27.5924],[152.9764,-27.5922],[152.9768,-27.5904],[152.9728,-27.5726],[152.9667,-27.5738],[152.9489,-27.5809],[152.9369,-27.5871],[152.9358,-27.5891],[152.9451,-27.5932],[152.9431,-27.5967],[152.945,-27.5975]]]}},{"type":"Feature","properties":{"name":"Indooroopilly","code":"304031094","centroid":[152.97988,-27.50635]},"geometry":{"type":"Polygon","coordinates":[[[152.9628,-27.5],[152.9621,-27.5021],[152.9624,-27.5036],[152.9578,-27.5075],[152.9586,-27.5105],[152.955,-27.5171],[152.9588,-27.5164],[152.9592,-27.517],[152.9613,-27.5165],[152.9622,-27.5169],[152.9624,-27.5157],[152.9632,-27.5159],[152.9636,-27.514],[152.9658,-27.5143],[152.9665,-27.5106],[152.9694,-27.5055],[152.9706,-27.5046],[152.9727,-27.5045],[152.977,-27.506],[152.9859,-27.5122],[152.9865,-27.5126],[152.9864,-27.5139],[152.9896,-27.5174],[152.9973,-27.5218],[153.0012,-27.5224],[153.0053,-27.5219],[153.008,-27.5212],[153.0096,-27.5197],[153.0095,-27.5184],[153.0086,-27.5174],[153.0011,-27.5169],[152.9979,-27.5149],[152.9981,-27.5111],[153.0012,-27.5062],[152.9989,-27.5052],[152.9971,-27.5033],[152.9953,-27.5033],[152.9936,-27.5024],[152.9909,-27.502],[152.9901,-27.5037],[152.9867,-27.5028],[152.9877,-27.4999],[152.9847,-27.4994],[152.9851,-27.4972],[152.9806,-27.4964],[152.979,-27.4952],[152.9776,-27.4932],[152.9764,-27.4948],[152.9676,-27.4934],[152.9681,-27.4909],[152.9667,-27.4903],[152.9653,-27.4902],[152.9651,-27.4907],[152.9608,-27.49],[152.9597,-27.4973],[152.9628,-27.5]]]}},{"type":"Feature","properties":{"name":"Ipswich - Central","code":"310031286","centroid":[152.75472,-27.61718]},"geometry":{"type":"Polygon","coordinates":[[[152.7484,-27.6022],[152.74,-27.6033],[152.7372,-27.605],[152.7391,-27.6076],[152.7399,-27.6116],[152.7395,-27.6176],[152.7436,-27.6178],[152.7448,-27.6189],[152.7447,-27.62],[152.7429,-27.6217],[152.7434,-27.6227],[152.7481,-27.6242],[152.75,-27.6237],[152.7508,-27.625],[152.7519,-27.6254],[152.7517,-27.6273],[152.7484,-27.6304],[152.7504,-27.6316],[152.7489,-27.6321],[152.7497,-27.6341],[152.751,-27.6333],[152.7544,-27.6345],[152.7553,-27.6338],[152.7558,-27.6345],[152.7598,-27.6359],[152.7631,-27.6365],[152.7646,-27.6278],[152.7689,-27.6283],[152.7716,-27.6128],[152.7698,-27.6126],[152.7699,-27.6119],[152.7679,-27.6128],[152.7658,-27.6129],[152.7659,-27.6124],[152.7592,-27.6105],[152.7556,-27.6079],[152.7574,-27.6042],[152.7549,-27.5995],[152.7542,-27.5953],[152.7515,-27.5967],[152.7494,-27.6014],[152.7484,-27.6022]]]}},{"type":"Feature","properties":{"name":"Ipswich - East","code":"310031287","centroid":[152.78402,-27.61178]},"geometry":{"type":"Polygon","coordinates":[[[152.7716,-27.6128],[152.7689,-27.6283],[152.7646,-27.6278],[152.7639,-27.6317],[152.775,-27.6332],[152.7759,-27.6281],[152.7884,-27.6297],[152.789,-27.6283],[152.7911,-27.6287],[152.7965,-27.6262],[152.7976,-27.6241],[152.7973,-27.6229],[152.7983,-27.622],[152.8006,-27.6222],[152.8014,-27.6164],[152.8011,-27.6122],[152.8002,-27.6096],[152.7992,-27.6102],[152.7979,-27.6099],[152.7973,-27.6072],[152.8,-27.605],[152.8024,-27.6046],[152.803,-27.6027],[152.8007,-27.6008],[152.7993,-27.6013],[152.7993,-27.5998],[152.7963,-27.6],[152.7951,-27.6012],[152.7947,-27.5994],[152.7962,-27.5979],[152.7967,-27.5965],[152.7953,-27.5964],[152.795,-27.5954],[152.7954,-27.5948],[152.7964,-27.5953],[152.7973,-27.5948],[152.7971,-27.5935],[152.7956,-27.5912],[152.7939,-27.592],[152.7932,-27.5933],[152.7909,-27.5928],[152.7908,-27.5922],[152.7924,-27.5916],[152.7927,-27.5908],[152.7889,-27.588],[152.7897,-27.5853],[152.7872,-27.5858],[152.7851,-27.587],[152.7835,-27.5897],[152.7809,-27.5919],[152.7798,-27.5935],[152.7793,-27.5963],[152.7798,-27.5973],[152.7815,-27.5981],[152.787,-27.5975],[152.7898,-27.5983],[152.7905,-27.5994],[152.7903,-27.6008],[152.7882,-27.6031],[152.7858,-27.604],[152.7818,-27.6035],[152.7775,-27.6009],[152.7728,-27.5966],[152.7698,-27.5967],[152.7668,-27.598],[152.7662,-27.6019],[152.7684,-27.6036],[152.7691,-27.6066],[152.7677,-27.6119],[152.7658,-27.6129],[152.7679,-27.6128],[152.7699,-27.6119],[152.7698,-27.6126],[152.7716,-27.6128]]]}},{"type":"Feature","properties":{"name":"Ipswich - North","code":"310031288","centroid":[152.7355,-27.54645]},"geometry":{"type":"Polygon","coordinates":[[[152.6926,-27.5672],[152.6976,-27.5726],[152.6986,-27.5759],[152.7019,-27.5754],[152.7153,-27.5793],[152.7224,-27.5802],[152.7305,-27.5807],[152.7399,-27.5792],[152.7473,-27.5793],[152.7531,-27.5808],[152.7609,-27.5815],[152.7685,-27.5802],[152.7898,-27.5745],[152.7903,-27.5732],[152.7929,-27.5708],[152.7992,-27.5718],[152.8013,-27.5586],[152.8046,-27.5586],[152.8048,-27.5573],[152.8032,-27.5559],[152.7995,-27.5551],[152.796,-27.5549],[152.7946,-27.5559],[152.7932,-27.5559],[152.7888,-27.5543],[152.787,-27.5525],[152.7865,-27.5501],[152.7874,-27.5487],[152.7893,-27.5474],[152.7959,-27.5451],[152.798,-27.5423],[152.798,-27.5381],[152.7966,-27.5355],[152.7938,-27.5349],[152.7857,-27.5366],[152.7809,-27.5363],[152.7768,-27.5351],[152.7692,-27.5311],[152.7652,-27.5309],[152.7614,-27.5323],[152.7601,-27.5348],[152.7612,-27.5391],[152.7649,-27.5427],[152.7658,-27.5463],[152.7653,-27.5477],[152.7606,-27.552],[152.7537,-27.5561],[152.7506,-27.5589],[152.7499,-27.5615],[152.7465,-27.5664],[152.7442,-27.5667],[152.742,-27.5658],[152.7406,-27.5638],[152.7403,-27.5589],[152.7456,-27.5336],[152.748,-27.5272],[152.7498,-27.5249],[152.7529,-27.5235],[152.7562,-27.5235],[152.7601,-27.5251],[152.7613,-27.5251],[152.7627,-27.5233],[152.763,-27.5212],[152.7622,-27.5189],[152.7608,-27.5176],[152.7561,-27.5172],[152.7511,-27.5176],[152.7444,-27.5143],[152.7408,-27.509],[152.7391,-27.5045],[152.7346,-27.4999],[152.7305,-27.4972],[152.7293,-27.4923],[152.7277,-27.4905],[152.7265,-27.4903],[152.721,-27.4924],[152.7202,-27.4932],[152.7198,-27.4956],[152.7212,-27.4979],[152.727,-27.5014],[152.727,-27.5063],[152.7212,-27.508],[152.7178,-27.508],[152.7165,-27.5073],[152.7149,-27.5076],[152.7143,-27.5098],[152.7122,-27.5101],[152.7077,-27.5083],[152.7063,-27.5067],[152.7057,-27.5078],[152.7061,-27.5106],[152.7043,-27.5118],[152.7039,-27.5134],[152.7063,-27.5137],[152.7061,-27.5157],[152.702,-27.5182],[152.7008,-27.5175],[152.7011,-27.5162],[152.6998,-27.5153],[152.6996,-27.5164],[152.6974,-27.5161],[152.692,-27.5198],[152.6917,-27.5178],[152.6911,-27.5177],[152.6904,-27.5184],[152.69,-27.5224],[152.6888,-27.5229],[152.6895,-27.5259],[152.6871,-27.5264],[152.6849,-27.5287],[152.6821,-27.5292],[152.6823,-27.5315],[152.6793,-27.5313],[152.6788,-27.5322],[152.6794,-27.5334],[152.6781,-27.5333],[152.6767,-27.5349],[152.6878,-27.5533],[152.6902,-27.5586],[152.6915,-27.566],[152.6926,-27.5672]]]}},{"type":"Feature","properties":{"name":"Jimboomba - Glenlogan","code":"311041570","centroid":[153.0352,-27.86691]},"geometry":{"type":"Polygon","coordinates":[[[152.9852,-27.8493],[152.986,-27.8506],[152.9856,-27.8515],[152.9814,-27.8514],[152.9774,-27.8479],[152.9732,-27.8457],[152.9712,-27.8434],[152.9679,-27.8409],[152.9628,-27.8388],[152.959,-27.838],[152.9562,-27.8397],[152.9578,-27.8426],[152.9604,-27.8439],[152.9605,-27.8451],[152.9597,-27.8465],[152.9569,-27.8463],[152.9553,-27.8444],[152.9521,-27.8447],[152.9464,-27.8435],[152.945,-27.8441],[152.9449,-27.8495],[152.9479,-27.8501],[152.9508,-27.852],[152.9507,-27.8528],[152.9475,-27.8544],[152.9499,-27.8555],[152.9517,-27.8568],[152.952,-27.8577],[152.9433,-27.8612],[152.9426,-27.8621],[152.9448,-27.8653],[152.9439,-27.8683],[152.9461,-27.8774],[152.9479,-27.8807],[152.9501,-27.882],[152.9514,-27.886],[152.951,-27.8902],[152.9515,-27.8921],[152.9503,-27.8936],[152.9501,-27.895],[152.9482,-27.8951],[152.9471,-27.8964],[152.9493,-27.9002],[152.9493,-27.9016],[152.9534,-27.9011],[152.9548,-27.903],[152.9533,-27.9044],[152.9528,-27.9064],[152.9536,-27.9086],[152.9556,-27.91],[152.9549,-27.9116],[152.9582,-27.9119],[152.9594,-27.9131],[152.9602,-27.9171],[152.9592,-27.9211],[152.9826,-27.9241],[152.9846,-27.9119],[152.9881,-27.9143],[152.9906,-27.9152],[152.9996,-27.9164],[153.0012,-27.9182],[153.0043,-27.9195],[153.0127,-27.9206],[153.0142,-27.9118],[153.0133,-27.9097],[153.0136,-27.9064],[153.0153,-27.9008],[153.0175,-27.9001],[153.0209,-27.9013],[153.0233,-27.9009],[153.0263,-27.9022],[153.0303,-27.902],[153.0315,-27.9026],[153.0322,-27.904],[153.0306,-27.9084],[153.0315,-27.9093],[153.031,-27.9157],[153.0322,-27.9173],[153.034,-27.9179],[153.0361,-27.9169],[153.04,-27.9229],[153.0486,-27.9238],[153.0478,-27.9285],[153.0486,-27.9286],[153.0474,-27.9356],[153.052,-27.9364],[153.058,-27.936],[153.0579,-27.9367],[153.0697,-27.9386],[153.0702,-27.9384],[153.0697,-27.9375],[153.0705,-27.9371],[153.0715,-27.9372],[153.0715,-27.9366],[153.0752,-27.9357],[153.0755,-27.934],[153.0809,-27.9326],[153.0849,-27.9334],[153.0853,-27.9319],[153.0884,-27.9309],[153.0896,-27.9289],[153.0905,-27.9257],[153.0955,-27.9239],[153.094,-27.92],[153.094,-27.9182],[153.096,-27.9177],[153.1005,-27.9181],[153.1017,-27.9144],[153.1063,-27.9114],[153.1061,-27.9099],[153.1012,-27.9072],[153.1012,-27.9065],[153.103,-27.9043],[153.1029,-27.9027],[153.1007,-27.9024],[153.0979,-27.9006],[153.0978,-27.8954],[153.0994,-27.8915],[153.1008,-27.8912],[153.1025,-27.8921],[153.1036,-27.8914],[153.1034,-27.8903],[153.1011,-27.8879],[153.1031,-27.8855],[153.1054,-27.8858],[153.1116,-27.883],[153.1045,-27.8815],[153.1035,-27.8808],[153.1021,-27.8793],[153.1019,-27.8777],[153.1032,-27.8749],[153.1008,-27.873],[153.1009,-27.8722],[153.1018,-27.8718],[153.1058,-27.8733],[153.1067,-27.873],[153.1073,-27.869],[153.1057,-27.8692],[153.1042,-27.868],[153.1098,-27.8635],[153.1118,-27.8631],[153.1144,-27.8606],[153.116,-27.861],[153.1209,-27.865],[153.1204,-27.8601],[153.1215,-27.8512],[153.1191,-27.845],[153.1194,-27.8414],[153.1189,-27.8396],[153.1182,-27.8389],[153.1094,-27.8376],[153.1086,-27.8369],[153.1043,-27.826],[153.099,-27.8191],[153.0897,-27.8178],[153.0878,-27.8287],[153.0865,-27.8285],[153.0864,-27.8219],[153.0732,-27.82],[153.0762,-27.804],[153.0714,-27.8044],[153.0702,-27.7929],[153.0588,-27.794],[153.0508,-27.7918],[153.0436,-27.7888],[153.0416,-27.7907],[153.0378,-27.7914],[153.0275,-27.7898],[153.0247,-27.8035],[153.028,-27.8093],[153.0254,-27.8088],[153.0222,-27.8121],[153.017,-27.8115],[153.0104,-27.8098],[153.0071,-27.8096],[153.005,-27.8115],[153.0045,-27.8202],[153.0033,-27.8215],[152.9975,-27.8233],[152.9959,-27.823],[152.9884,-27.8256],[152.9873,-27.8278],[152.9861,-27.8359],[152.9847,-27.8386],[152.9849,-27.8413],[152.9833,-27.8449],[152.9852,-27.8493]]]}},{"type":"Feature","properties":{"name":"Jindalee - Mount Ommaney","code":"304011081","centroid":[152.93501,-27.5402]},"geometry":{"type":"Polygon","coordinates":[[[152.9279,-27.5322],[152.927,-27.5402],[152.9242,-27.5443],[152.921,-27.5464],[152.9209,-27.55],[152.9241,-27.551],[152.9243,-27.5506],[152.931,-27.5517],[152.9344,-27.553],[152.9355,-27.5513],[152.9367,-27.5515],[152.9378,-27.5503],[152.9384,-27.5517],[152.941,-27.5521],[152.9426,-27.544],[152.9465,-27.5378],[152.9468,-27.5284],[152.9296,-27.5286],[152.9284,-27.5297],[152.9279,-27.5322]]]}},{"type":"Feature","properties":{"name":"Kallangur","code":"314021577","centroid":[152.99234,-27.24794]},"geometry":{"type":"Polygon","coordinates":[[[152.9754,-27.2434],[152.9765,-27.2491],[152.9753,-27.2582],[152.9766,-27.2613],[152.977,-27.2618],[152.9799,-27.2609],[152.9798,-27.2621],[152.9823,-27.2638],[152.9884,-27.266],[152.9935,-27.2659],[152.9944,-27.2671],[152.9935,-27.2677],[152.9941,-27.269],[152.9956,-27.2704],[152.9978,-27.2708],[152.9997,-27.2611],[152.9988,-27.2606],[153.002,-27.256],[153.0013,-27.2556],[153.0016,-27.254],[153.0041,-27.2548],[153.0058,-27.2542],[153.0061,-27.2524],[153.0068,-27.2518],[153.0095,-27.2504],[153.012,-27.2501],[153.0131,-27.2495],[153.0134,-27.2485],[153.0154,-27.2482],[153.0169,-27.247],[153.0069,-27.2382],[153.0033,-27.2317],[152.9956,-27.2304],[152.9914,-27.228],[152.9931,-27.2336],[152.9811,-27.232],[152.9804,-27.2349],[152.9769,-27.2344],[152.9754,-27.2434]]]}},{"type":"Feature","properties":{"name":"Kangaroo Point","code":"305011108","centroid":[153.03671,-27.47676]},"geometry":{"type":"Polygon","coordinates":[[[153.0343,-27.4751],[153.0331,-27.4804],[153.0319,-27.4817],[153.0302,-27.4821],[153.0312,-27.4839],[153.0402,-27.4852],[153.0419,-27.4764],[153.04,-27.475],[153.0402,-27.4742],[153.0396,-27.4744],[153.0385,-27.469],[153.038,-27.4692],[153.0368,-27.4656],[153.0356,-27.4648],[153.0343,-27.4651],[153.0338,-27.4662],[153.0343,-27.4751]]]}},{"type":"Feature","properties":{"name":"Karalee - Barellan Point","code":"310031289","centroid":[152.82883,-27.56302]},"geometry":{"type":"Polygon","coordinates":[[[152.8002,-27.5658],[152.7992,-27.5718],[152.7929,-27.5708],[152.7903,-27.5732],[152.7898,-27.5745],[152.7942,-27.5737],[152.7988,-27.5748],[152.7975,-27.5826],[152.8013,-27.583],[152.8069,-27.5825],[152.8095,-27.5838],[152.8118,-27.5864],[152.8136,-27.5866],[152.8145,-27.5855],[152.8143,-27.5823],[152.8157,-27.5794],[152.8174,-27.5792],[152.8216,-27.5802],[152.8228,-27.5799],[152.8236,-27.5789],[152.8242,-27.5756],[152.8254,-27.5746],[152.8266,-27.5753],[152.8284,-27.5793],[152.8296,-27.5799],[152.831,-27.5801],[152.8332,-27.5791],[152.8364,-27.5793],[152.8429,-27.5802],[152.8494,-27.5827],[152.8535,-27.5822],[152.8557,-27.5832],[152.8533,-27.5744],[152.8511,-27.5706],[152.849,-27.5647],[152.8491,-27.5566],[152.8524,-27.5479],[152.8529,-27.5454],[152.8525,-27.5419],[152.8477,-27.5334],[152.8445,-27.5316],[152.8403,-27.5307],[152.8359,-27.5312],[152.8317,-27.5329],[152.8304,-27.5347],[152.8304,-27.5365],[152.8313,-27.5375],[152.8384,-27.5393],[152.8407,-27.5405],[152.8417,-27.5432],[152.8408,-27.5452],[152.8325,-27.5469],[152.8263,-27.5499],[152.8242,-27.5498],[152.8232,-27.551],[152.8226,-27.5538],[152.8201,-27.5559],[152.8107,-27.5574],[152.8048,-27.5573],[152.8046,-27.5586],[152.8013,-27.5586],[152.8002,-27.5658]]]}},{"type":"Feature","properties":{"name":"Karana Downs","code":"310031290","centroid":[152.79328,-27.51961]},"geometry":{"type":"Polygon","coordinates":[[[152.7619,-27.5185],[152.763,-27.522],[152.7615,-27.5249],[152.7601,-27.5251],[152.7562,-27.5235],[152.7529,-27.5235],[152.7498,-27.5249],[152.748,-27.5272],[152.7456,-27.5336],[152.7402,-27.5601],[152.7407,-27.5641],[152.7429,-27.5664],[152.7453,-27.5668],[152.7468,-27.5662],[152.7499,-27.5615],[152.7506,-27.5589],[152.7537,-27.5561],[152.7606,-27.552],[152.7655,-27.5475],[152.7657,-27.5461],[152.7647,-27.5424],[152.7612,-27.5391],[152.7601,-27.5362],[152.7605,-27.5333],[152.763,-27.5315],[152.7659,-27.5309],[152.7692,-27.5311],[152.7768,-27.5351],[152.7818,-27.5364],[152.7864,-27.5365],[152.7938,-27.5349],[152.7966,-27.5355],[152.798,-27.5381],[152.798,-27.5423],[152.7959,-27.5451],[152.7893,-27.5474],[152.7871,-27.5489],[152.7865,-27.5504],[152.7872,-27.553],[152.7893,-27.5545],[152.7935,-27.556],[152.7976,-27.5549],[152.8032,-27.5559],[152.8052,-27.5575],[152.81,-27.5575],[152.8204,-27.5558],[152.8226,-27.5538],[152.8232,-27.551],[152.8242,-27.5498],[152.8263,-27.5499],[152.8325,-27.5469],[152.8408,-27.5452],[152.8417,-27.5432],[152.8407,-27.5405],[152.8384,-27.5393],[152.8313,-27.5375],[152.8303,-27.5362],[152.8305,-27.5343],[152.8324,-27.5325],[152.8388,-27.5307],[152.8417,-27.5309],[152.8472,-27.5328],[152.848,-27.5316],[152.846,-27.5297],[152.846,-27.5281],[152.8474,-27.5274],[152.849,-27.5276],[152.8493,-27.5259],[152.8412,-27.5157],[152.8424,-27.5094],[152.8435,-27.5096],[152.8448,-27.5067],[152.8445,-27.502],[152.8419,-27.5016],[152.843,-27.499],[152.8428,-27.4965],[152.8421,-27.4959],[152.8401,-27.4959],[152.8378,-27.4925],[152.8288,-27.4911],[152.8258,-27.4884],[152.8224,-27.4881],[152.8206,-27.4854],[152.8182,-27.483],[152.8153,-27.4819],[152.8124,-27.4781],[152.8094,-27.4785],[152.8068,-27.4929],[152.8017,-27.4922],[152.8005,-27.4941],[152.8004,-27.4961],[152.7992,-27.4974],[152.7941,-27.4965],[152.7944,-27.495],[152.7911,-27.4914],[152.7885,-27.4909],[152.7835,-27.4916],[152.7819,-27.4913],[152.7803,-27.4922],[152.7793,-27.4913],[152.7783,-27.4914],[152.7774,-27.4891],[152.77,-27.4881],[152.7686,-27.4893],[152.7674,-27.4883],[152.7659,-27.4892],[152.7639,-27.4894],[152.7568,-27.4943],[152.7546,-27.4945],[152.7545,-27.4951],[152.7532,-27.4941],[152.752,-27.4939],[152.7488,-27.4953],[152.7461,-27.4926],[152.7443,-27.492],[152.7426,-27.4882],[152.7393,-27.4876],[152.738,-27.4946],[152.7341,-27.4945],[152.7335,-27.4954],[152.7317,-27.495],[152.7302,-27.4956],[152.7308,-27.4975],[152.7346,-27.4999],[152.7391,-27.5045],[152.7414,-27.5099],[152.7448,-27.5146],[152.7511,-27.5176],[152.7591,-27.5172],[152.7619,-27.5185]]]}},{"type":"Feature","properties":{"name":"Kedron - Gordon Park","code":"302021031","centroid":[153.03048,-27.40606]},"geometry":{"type":"Polygon","coordinates":[[[153.022,-27.4026],[153.021,-27.4082],[153.0234,-27.4083],[153.0218,-27.4167],[153.0222,-27.4175],[153.0217,-27.4185],[153.0238,-27.422],[153.0248,-27.4224],[153.0259,-27.4219],[153.0279,-27.4222],[153.0311,-27.4211],[153.0319,-27.4176],[153.0353,-27.4141],[153.0405,-27.4103],[153.0418,-27.4083],[153.0472,-27.407],[153.0478,-27.4032],[153.0457,-27.4029],[153.0457,-27.4024],[153.0447,-27.4036],[153.0436,-27.4022],[153.0437,-27.401],[153.0425,-27.4019],[153.042,-27.4015],[153.0423,-27.3999],[153.0356,-27.4023],[153.0365,-27.3982],[153.035,-27.398],[153.0357,-27.3941],[153.0247,-27.3925],[153.0203,-27.3926],[153.0188,-27.4004],[153.0223,-27.401],[153.022,-27.4026]]]}},{"type":"Feature","properties":{"name":"Kelvin Grove - Herston","code":"305031126","centroid":[153.01689,-27.44882]},"geometry":{"type":"Polygon","coordinates":[[[153.0055,-27.4478],[153.0072,-27.4524],[153.007,-27.4538],[153.012,-27.4545],[153.015,-27.46],[153.0166,-27.458],[153.0225,-27.4568],[153.0255,-27.4524],[153.0287,-27.4512],[153.03,-27.4439],[153.0292,-27.4435],[153.0281,-27.4446],[153.0269,-27.444],[153.0251,-27.4441],[153.0233,-27.4425],[153.0177,-27.4407],[153.0132,-27.4425],[153.0112,-27.4406],[153.0101,-27.4404],[153.007,-27.4429],[153.0053,-27.4434],[153.0042,-27.445],[153.0055,-27.4478]]]}},{"type":"Feature","properties":{"name":"Kenmore","code":"304021090","centroid":[152.93774,-27.5168]},"geometry":{"type":"Polygon","coordinates":[[[152.9279,-27.5134],[152.9272,-27.5145],[152.9255,-27.5146],[152.925,-27.5152],[152.9267,-27.5171],[152.9238,-27.5194],[152.9244,-27.5198],[152.9265,-27.5187],[152.9275,-27.5204],[152.9238,-27.521],[152.922,-27.5243],[152.9227,-27.5247],[152.9248,-27.5238],[152.9257,-27.5242],[152.9259,-27.527],[152.9274,-27.5295],[152.9297,-27.5276],[152.9386,-27.5254],[152.9471,-27.5268],[152.9486,-27.5207],[152.955,-27.5171],[152.9523,-27.5159],[152.9503,-27.5157],[152.95,-27.5137],[152.9508,-27.5134],[152.9519,-27.5114],[152.9509,-27.5093],[152.9502,-27.5091],[152.9504,-27.5075],[152.9486,-27.5072],[152.9437,-27.5081],[152.9424,-27.5073],[152.9391,-27.5074],[152.9334,-27.5058],[152.9318,-27.5071],[152.9319,-27.5063],[152.9305,-27.5061],[152.9311,-27.5047],[152.9303,-27.5045],[152.9287,-27.5067],[152.9268,-27.507],[152.9262,-27.508],[152.9264,-27.5088],[152.929,-27.5102],[152.9287,-27.5112],[152.9279,-27.5107],[152.9262,-27.5116],[152.928,-27.5127],[152.9279,-27.5134]]]}},{"type":"Feature","properties":{"name":"Keperra","code":"304041100","centroid":[152.95223,-27.41375]},"geometry":{"type":"Polygon","coordinates":[[[152.9407,-27.4073],[152.943,-27.4131],[152.9393,-27.416],[152.9369,-27.4201],[152.9415,-27.4208],[152.9404,-27.4273],[152.9429,-27.4281],[152.9433,-27.4275],[152.9452,-27.4273],[152.9483,-27.4283],[152.9488,-27.4266],[152.9582,-27.4283],[152.9541,-27.4255],[152.9525,-27.4231],[152.9525,-27.4216],[152.9573,-27.4223],[152.9586,-27.4146],[152.9601,-27.4143],[152.962,-27.4124],[152.9663,-27.4101],[152.9678,-27.4102],[152.9681,-27.4043],[152.9652,-27.4038],[152.9653,-27.4017],[152.9658,-27.4018],[152.9666,-27.3996],[152.9649,-27.3996],[152.9651,-27.3982],[152.9637,-27.3976],[152.9605,-27.3988],[152.9592,-27.4001],[152.959,-27.4027],[152.958,-27.403],[152.9575,-27.4039],[152.9527,-27.4058],[152.9521,-27.4077],[152.9504,-27.4078],[152.9501,-27.4085],[152.9487,-27.4087],[152.9474,-27.4079],[152.9478,-27.4065],[152.9444,-27.406],[152.9423,-27.4043],[152.9397,-27.4046],[152.9407,-27.4073]]]}},{"type":"Feature","properties":{"name":"Kilcoy","code":"313031370","centroid":[152.38358,-26.78345]},"geometry":{"type":"Polygon","coordinates":[[[152.1346,-26.9369],[152.1281,-26.9444],[152.1286,-26.9464],[152.128,-26.9506],[152.1254,-26.9542],[152.1258,-26.9548],[152.1278,-26.9548],[152.1295,-26.9562],[152.1314,-26.9616],[152.1387,-26.9648],[152.1455,-26.9648],[152.1504,-26.9661],[152.1507,-26.9685],[152.1499,-26.9706],[152.1516,-26.9712],[152.156,-26.9693],[152.1645,-26.9728],[152.1653,-26.9722],[152.1662,-26.9687],[152.1679,-26.9688],[152.1691,-26.9702],[152.1696,-26.9721],[152.1696,-26.9747],[152.1687,-26.9778],[152.1694,-26.9793],[152.1717,-26.979],[152.1752,-26.9761],[152.1793,-26.9756],[152.1827,-26.9772],[152.1837,-26.979],[152.1817,-26.9807],[152.1774,-26.9802],[152.1751,-26.9813],[152.1747,-26.9822],[152.1795,-26.9841],[152.184,-26.9824],[152.1849,-26.9852],[152.1832,-26.9847],[152.1774,-26.988],[152.1736,-26.9883],[152.1733,-26.9893],[152.1749,-26.992],[152.1888,-26.9939],[152.1866,-27.0067],[152.1981,-27.0082],[152.1988,-27.0097],[152.1986,-27.0136],[152.2053,-27.0144],[152.2145,-27.0187],[152.2177,-27.0183],[152.221,-27.0222],[152.2201,-27.0255],[152.219,-27.0261],[152.193,-27.0229],[152.1924,-27.027],[152.1992,-27.0278],[152.1947,-27.0565],[152.2274,-27.061],[152.227,-27.0628],[152.2243,-27.0638],[152.2219,-27.0636],[152.2208,-27.0617],[152.2195,-27.0615],[152.2195,-27.0629],[152.2225,-27.0662],[152.2188,-27.0687],[152.2159,-27.0683],[152.215,-27.0689],[152.2143,-27.0699],[152.2145,-27.0722],[152.219,-27.0757],[152.2191,-27.0774],[152.2181,-27.0791],[152.236,-27.0942],[152.2417,-27.095],[152.2438,-27.0968],[152.2449,-27.0989],[152.2447,-27.1013],[152.2479,-27.1034],[152.2511,-27.1034],[152.2538,-27.0892],[152.2526,-27.089],[152.2534,-27.087],[152.2536,-27.0818],[152.2573,-27.0811],[152.2584,-27.0777],[152.2568,-27.0743],[152.2571,-27.0726],[152.2586,-27.0717],[152.2629,-27.0711],[152.2676,-27.0729],[152.2722,-27.0716],[152.2761,-27.0731],[152.2793,-27.0734],[152.2835,-27.0696],[152.2872,-27.0708],[152.2894,-27.0705],[152.2913,-27.0685],[152.2924,-27.0657],[152.2944,-27.0659],[152.2975,-27.0651],[152.299,-27.0634],[152.2986,-27.0624],[152.3006,-27.0603],[152.3008,-27.0581],[152.2999,-27.0553],[152.3008,-27.0514],[152.3023,-27.0488],[152.3021,-27.0469],[152.3035,-27.0457],[152.3005,-27.0434],[152.2989,-27.0378],[152.2993,-27.0359],[152.2954,-27.0353],[152.2992,-27.0319],[152.3013,-27.0261],[152.3014,-27.0238],[152.3022,-27.0215],[152.3037,-27.0203],[152.3039,-27.0183],[152.3065,-27.0172],[152.307,-27.0157],[152.3089,-27.0143],[152.311,-27.0116],[152.3143,-27.012],[152.3178,-27.0099],[152.3323,-27.0101],[152.3442,-27.0116],[152.3439,-27.0136],[152.3446,-27.0136],[152.3438,-27.0187],[152.345,-27.0189],[152.3446,-27.0214],[152.3562,-27.0231],[152.3565,-27.0211],[152.3532,-27.0207],[152.3543,-27.014],[152.3599,-27.0148],[152.3604,-27.0111],[152.3671,-27.012],[152.3689,-27.0113],[152.3682,-27.0123],[152.3685,-27.0162],[152.3694,-27.0162],[152.3698,-27.0155],[152.376,-27.0171],[152.3777,-27.0166],[152.3805,-27.0108],[152.3859,-27.0166],[152.388,-27.0155],[152.4056,-27.0141],[152.4067,-27.0075],[152.4027,-27.007],[152.4024,-27.0061],[152.4056,-27.0043],[152.4235,-27.0067],[152.4216,-27.0043],[152.424,-26.9913],[152.4393,-26.9932],[152.443,-26.9976],[152.444,-26.9959],[152.4462,-26.9956],[152.448,-26.9966],[152.4515,-26.9968],[152.4593,-26.9916],[152.4641,-26.9912],[152.466,-26.9928],[152.4687,-26.9937],[152.4693,-26.995],[152.4725,-26.9956],[152.4741,-26.9977],[152.4775,-26.9987],[152.4796,-26.9919],[152.4834,-26.9902],[152.492,-26.993],[152.5041,-26.9929],[152.5089,-26.9957],[152.5124,-26.9957],[152.5133,-26.9964],[152.5154,-26.9996],[152.5159,-27.0038],[152.5141,-27.006],[152.513,-27.0063],[152.5113,-27.008],[152.5101,-27.008],[152.5066,-27.01],[152.507,-27.0137],[152.503,-27.0163],[152.5049,-27.02],[152.5062,-27.0211],[152.5085,-27.0271],[152.5102,-27.0295],[152.5101,-27.0328],[152.5092,-27.0337],[152.5113,-27.0391],[152.5097,-27.0401],[152.5091,-27.0415],[152.5092,-27.0445],[152.5068,-27.0475],[152.5066,-27.0508],[152.5077,-27.0532],[152.5081,-27.0576],[152.5126,-27.0621],[152.516,-27.0673],[152.5165,-27.0684],[152.5142,-27.0706],[152.5155,-27.0741],[152.5179,-27.0754],[152.5169,-27.0765],[152.5175,-27.0786],[152.5189,-27.0814],[152.5229,-27.0861],[152.5241,-27.0885],[152.5254,-27.0913],[152.5251,-27.0931],[152.5359,-27.0946],[152.5509,-27.0846],[152.5498,-27.0913],[152.5701,-27.0941],[152.5723,-27.092],[152.5743,-27.089],[152.5755,-27.0836],[152.5772,-27.0812],[152.5779,-27.0763],[152.5808,-27.0765],[152.5866,-27.0842],[152.5884,-27.0834],[152.5977,-27.0746],[152.599,-27.0723],[152.5999,-27.0684],[152.5976,-27.0663],[152.5983,-27.0656],[152.5993,-27.0657],[152.6003,-27.059],[152.6101,-27.0603],[152.6103,-27.0588],[152.6181,-27.0598],[152.6179,-27.0612],[152.6222,-27.0618],[152.6219,-27.064],[152.639,-27.0665],[152.6491,-27.0687],[152.651,-27.0579],[152.6582,-27.0589],[152.6596,-27.0533],[152.6605,-27.0554],[152.6619,-27.0549],[152.6648,-27.0563],[152.6665,-27.0557],[152.6668,-27.054],[152.6718,-27.0561],[152.6952,-27.059],[152.6958,-27.0573],[152.6949,-27.0556],[152.6928,-27.0576],[152.6925,-27.0561],[152.6892,-27.0551],[152.6909,-27.0531],[152.6893,-27.051],[152.6891,-27.0483],[152.6927,-27.0463],[152.6931,-27.045],[152.6944,-27.0447],[152.6958,-27.0424],[152.6982,-27.0423],[152.6967,-27.041],[152.698,-27.0395],[152.6974,-27.0374],[152.6975,-27.0335],[152.6985,-27.0317],[152.7023,-27.031],[152.7032,-27.0288],[152.7015,-27.0265],[152.7035,-27.0248],[152.7001,-27.0223],[152.7008,-27.0183],[152.6973,-27.0161],[152.697,-27.0147],[152.6977,-27.0145],[152.6976,-27.0135],[152.6955,-27.0124],[152.6957,-27.0106],[152.6967,-27.0101],[152.697,-27.0092],[152.6946,-27.0068],[152.6915,-27.0051],[152.6889,-27.0012],[152.6886,-26.9991],[152.6871,-26.9969],[152.6852,-26.9958],[152.6834,-26.9928],[152.6838,-26.9905],[152.685,-26.99],[152.6848,-26.987],[152.6857,-26.9866],[152.688,-26.9875],[152.6893,-26.9845],[152.6862,-26.9845],[152.687,-26.9814],[152.6865,-26.9788],[152.6852,-26.98],[152.6831,-26.9806],[152.6811,-26.9798],[152.6799,-26.9784],[152.6797,-26.9773],[152.6814,-26.9749],[152.6812,-26.9731],[152.6803,-26.972],[152.6822,-26.9696],[152.6844,-26.9685],[152.6847,-26.9677],[152.6841,-26.9668],[152.6852,-26.9657],[152.6834,-26.9647],[152.6802,-26.9641],[152.6767,-26.9661],[152.6738,-26.9662],[152.6714,-26.9653],[152.6659,-26.969],[152.6648,-26.9691],[152.6645,-26.9668],[152.6628,-26.9666],[152.6626,-26.9657],[152.6637,-26.9648],[152.665,-26.965],[152.6663,-26.9637],[152.667,-26.9615],[152.6681,-26.961],[152.6677,-26.9591],[152.6659,-26.9578],[152.6633,-26.9587],[152.6577,-26.9564],[152.6576,-26.9539],[152.6546,-26.954],[152.6513,-26.9553],[152.6512,-26.9547],[152.6522,-26.9508],[152.6536,-26.9488],[152.6561,-26.9478],[152.6568,-26.949],[152.6591,-26.9499],[152.6596,-26.948],[152.6602,-26.9479],[152.6619,-26.9493],[152.6631,-26.948],[152.6622,-26.946],[152.6631,-26.9461],[152.6637,-26.9474],[152.6641,-26.9473],[152.6639,-26.9458],[152.6647,-26.9448],[152.6642,-26.9432],[152.6654,-26.9428],[152.6669,-26.944],[152.6676,-26.9436],[152.6668,-26.9429],[152.6676,-26.9401],[152.671,-26.9382],[152.67,-26.9371],[152.6703,-26.9337],[152.6707,-26.9331],[152.6718,-26.9333],[152.67,-26.9309],[152.6695,-26.9285],[152.6699,-26.9272],[152.6719,-26.9258],[152.673,-26.9238],[152.673,-26.9226],[152.6743,-26.9222],[152.6764,-26.9233],[152.6764,-26.9224],[152.6782,-26.9204],[152.6778,-26.9186],[152.6823,-26.9174],[152.6822,-26.9152],[152.6856,-26.9148],[152.6874,-26.9137],[152.6608,-26.9099],[152.6627,-26.9087],[152.6652,-26.908],[152.6667,-26.9063],[152.6678,-26.9002],[152.6674,-26.8962],[152.6786,-26.8978],[152.679,-26.8956],[152.6886,-26.8969],[152.689,-26.8953],[152.6885,-26.8926],[152.6899,-26.8915],[152.6893,-26.8889],[152.688,-26.8879],[152.6873,-26.8864],[152.6877,-26.881],[152.6869,-26.8802],[152.6853,-26.8805],[152.684,-26.8795],[152.6845,-26.8789],[152.6857,-26.8791],[152.6866,-26.8776],[152.6864,-26.8758],[152.6852,-26.8761],[152.6844,-26.8756],[152.6802,-26.8694],[152.6763,-26.8668],[152.6759,-26.866],[152.6777,-26.8634],[152.6768,-26.8615],[152.6753,-26.8604],[152.6758,-26.8589],[152.6752,-26.8573],[152.6743,-26.8564],[152.6716,-26.8577],[152.67,-26.8548],[152.6699,-26.8529],[152.6684,-26.8519],[152.6701,-26.8504],[152.6697,-26.8475],[152.6709,-26.8449],[152.6684,-26.843],[152.6665,-26.8395],[152.6673,-26.8359],[152.6727,-26.8343],[152.6753,-26.8327],[152.6761,-26.8314],[152.6768,-26.8316],[152.6785,-26.8304],[152.6785,-26.8287],[152.6764,-26.826],[152.6792,-26.8231],[152.6791,-26.8222],[152.6778,-26.8209],[152.6731,-26.822],[152.6718,-26.8198],[152.672,-26.8189],[152.6731,-26.8181],[152.6751,-26.8183],[152.679,-26.8164],[152.6813,-26.8099],[152.681,-26.8091],[152.6788,-26.8088],[152.6779,-26.807],[152.6781,-26.8044],[152.68,-26.8016],[152.679,-26.7996],[152.6791,-26.7969],[152.6779,-26.7958],[152.676,-26.7961],[152.6724,-26.7943],[152.6717,-26.7936],[152.6722,-26.7924],[152.6718,-26.7912],[152.669,-26.7898],[152.6687,-26.7861],[152.6678,-26.7847],[152.6685,-26.782],[152.6673,-26.773],[152.6615,-26.7692],[152.6573,-26.7693],[152.6566,-26.7684],[152.6543,-26.7682],[152.6532,-26.7687],[152.652,-26.7699],[152.652,-26.7708],[152.6511,-26.7714],[152.6443,-26.7737],[152.6437,-26.7731],[152.6435,-26.7704],[152.6412,-26.7675],[152.6423,-26.7645],[152.6403,-26.7634],[152.6391,-26.7618],[152.6353,-26.7622],[152.6325,-26.7644],[152.6269,-26.7624],[152.6252,-26.7623],[152.6237,-26.7633],[152.6214,-26.7629],[152.6195,-26.7621],[152.6187,-26.7598],[152.6172,-26.7595],[152.611,-26.7586],[152.6096,-26.7594],[152.6087,-26.759],[152.6089,-26.7581],[152.6025,-26.7579],[152.6016,-26.7567],[152.6017,-26.7557],[152.6007,-26.755],[152.6001,-26.7518],[152.5979,-26.7492],[152.5961,-26.7481],[152.5908,-26.7472],[152.5833,-26.7404],[152.5824,-26.7386],[152.5823,-26.7358],[152.5868,-26.7335],[152.5855,-26.7333],[152.5833,-26.7308],[152.5836,-26.73],[152.5826,-26.7288],[152.583,-26.7271],[152.5812,-26.7258],[152.5812,-26.7238],[152.5804,-26.723],[152.5818,-26.7217],[152.582,-26.7202],[152.5794,-26.7162],[152.5773,-26.716],[152.5774,-26.7148],[152.5762,-26.7131],[152.575,-26.7131],[152.5748,-26.7124],[152.5729,-26.7114],[152.5702,-26.7107],[152.5685,-26.7087],[152.5651,-26.7072],[152.5612,-26.7078],[152.5579,-26.7069],[152.5576,-26.7051],[152.5571,-26.705],[152.5556,-26.706],[152.5548,-26.7075],[152.5537,-26.7059],[152.5513,-26.707],[152.5515,-26.7048],[152.5509,-26.7036],[152.5519,-26.7012],[152.5515,-26.6975],[152.5543,-26.6959],[152.5574,-26.6919],[152.558,-26.6898],[152.5579,-26.6888],[152.5556,-26.6874],[152.5556,-26.6824],[152.5563,-26.6807],[152.5551,-26.6807],[152.5537,-26.6818],[152.5522,-26.6809],[152.5723,-26.6593],[152.5715,-26.658],[152.5832,-26.6454],[152.5878,-26.614],[152.5839,-26.6136],[152.5854,-26.612],[152.582,-26.6043],[152.5814,-26.6005],[152.5815,-26.5997],[152.5838,-26.5979],[152.5841,-26.5967],[152.574,-26.5955],[152.575,-26.593],[152.5765,-26.5922],[152.5752,-26.584],[152.5719,-26.5838],[152.5695,-26.5825],[152.565,-26.5837],[152.5625,-26.5832],[152.5604,-26.5818],[152.5568,-26.5755],[152.5544,-26.5736],[152.554,-26.5726],[152.5115,-26.5674],[152.5127,-26.5715],[152.5146,-26.5741],[152.5151,-26.5775],[152.5184,-26.5813],[152.5192,-26.5814],[152.5202,-26.5841],[152.5223,-26.5863],[152.5198,-26.5883],[152.5191,-26.5882],[152.457,-26.5809],[152.4585,-26.571],[152.4491,-26.5698],[152.4509,-26.5584],[152.4402,-26.5569],[152.4411,-26.556],[152.4412,-26.5528],[152.4428,-26.5462],[152.4408,-26.5459],[152.4431,-26.5444],[152.4452,-26.5442],[152.447,-26.5382],[152.4485,-26.5379],[152.4496,-26.5309],[152.4463,-26.5286],[152.4434,-26.528],[152.4427,-26.5295],[152.4431,-26.5329],[152.4391,-26.5349],[152.438,-26.538],[152.437,-26.5381],[152.4361,-26.5376],[152.4364,-26.5321],[152.4353,-26.5285],[152.4357,-26.5238],[152.4373,-26.5204],[152.4393,-26.5199],[152.44,-26.5176],[152.439,-26.5132],[152.4394,-26.5116],[152.4421,-26.5073],[152.4441,-26.5059],[152.4476,-26.4842],[152.4462,-26.4839],[152.4447,-26.4852],[152.4451,-26.4864],[152.4447,-26.4871],[152.4386,-26.4862],[152.4428,-26.4602],[152.4362,-26.4602],[152.4347,-26.4632],[152.4311,-26.4649],[152.4297,-26.4641],[152.4246,-26.4645],[152.4207,-26.4675],[152.4121,-26.4645],[152.4099,-26.4657],[152.4076,-26.4688],[152.4072,-26.4713],[152.4027,-26.474],[152.4012,-26.4722],[152.3989,-26.4709],[152.3924,-26.4737],[152.3901,-26.4761],[152.3862,-26.4722],[152.3766,-26.4724],[152.3761,-26.4703],[152.3727,-26.4685],[152.3726,-26.4651],[152.3719,-26.4633],[152.3708,-26.4624],[152.3644,-26.4631],[152.3624,-26.4642],[152.3606,-26.4663],[152.3581,-26.4652],[152.3561,-26.4652],[152.3512,-26.4677],[152.3501,-26.4693],[152.3449,-26.4692],[152.3438,-26.4684],[152.3405,-26.4698],[152.3391,-26.4722],[152.3331,-26.4732],[152.3297,-26.4753],[152.3247,-26.4754],[152.3228,-26.4771],[152.3205,-26.4767],[152.3189,-26.4772],[152.3187,-26.4787],[152.3173,-26.4806],[152.316,-26.4809],[152.3147,-26.4799],[152.3125,-26.4763],[152.3115,-26.4741],[152.3115,-26.4728],[152.307,-26.4696],[152.3059,-26.4698],[152.3045,-26.4688],[152.3053,-26.4668],[152.3046,-26.4661],[152.3026,-26.4652],[152.3019,-26.4656],[152.3006,-26.4644],[152.2975,-26.465],[152.2975,-26.4627],[152.2963,-26.4621],[152.2961,-26.4608],[152.2942,-26.4587],[152.2917,-26.4573],[152.2891,-26.4567],[152.2854,-26.4529],[152.2834,-26.4523],[152.2781,-26.4528],[152.2767,-26.4541],[152.2739,-26.4537],[152.2733,-26.4591],[152.2713,-26.4649],[152.2671,-26.4692],[152.2654,-26.47],[152.2656,-26.469],[152.2634,-26.4684],[152.2588,-26.4702],[152.2592,-26.4746],[152.2598,-26.4752],[152.2593,-26.4765],[152.2552,-26.4792],[152.2538,-26.4817],[152.2531,-26.4846],[152.2517,-26.4855],[152.2495,-26.4845],[152.2458,-26.4857],[152.2436,-26.4879],[152.241,-26.4878],[152.2333,-26.4919],[152.2324,-26.4907],[152.2292,-26.4927],[152.2319,-26.4951],[152.234,-26.4955],[152.2336,-26.4979],[152.233,-26.4979],[152.2318,-26.5005],[152.2327,-26.5042],[152.2312,-26.5074],[152.229,-26.508],[152.2279,-26.5068],[152.2232,-26.5057],[152.2213,-26.5039],[152.2182,-26.5063],[152.2154,-26.5121],[152.2136,-26.5131],[152.2105,-26.5119],[152.2073,-26.5118],[152.2063,-26.5086],[152.2007,-26.5027],[152.2,-26.5008],[152.198,-26.5005],[152.1972,-26.4982],[152.1952,-26.4964],[152.1952,-26.4952],[152.1926,-26.494],[152.1917,-26.4927],[152.1878,-26.4901],[152.1869,-26.4878],[152.186,-26.4876],[152.1843,-26.4853],[152.1833,-26.4852],[152.1824,-26.4841],[152.1799,-26.4846],[152.1791,-26.4843],[152.1743,-26.4812],[152.1726,-26.4783],[152.1688,-26.4774],[152.1667,-26.4745],[152.1629,-26.4746],[152.1606,-26.4776],[152.1577,-26.475],[152.1558,-26.4748],[152.155,-26.4755],[152.155,-26.4781],[152.1542,-26.4801],[152.1518,-26.4803],[152.1499,-26.4827],[152.1447,-26.4796],[152.1414,-26.4787],[152.1383,-26.4787],[152.1359,-26.4801],[152.1352,-26.4826],[152.133,-26.4858],[152.1328,-26.4877],[152.1343,-26.4904],[152.136,-26.491],[152.1357,-26.4925],[152.1367,-26.4937],[152.1365,-26.495],[152.1341,-26.4984],[152.1339,-26.5004],[152.1319,-26.5018],[152.1297,-26.5048],[152.1257,-26.5066],[152.1256,-26.5093],[152.1277,-26.5109],[152.1279,-26.517],[152.1274,-26.5186],[152.1318,-26.5218],[152.1304,-26.5242],[152.1303,-26.5271],[152.1296,-26.5279],[152.1271,-26.5282],[152.1264,-26.5316],[152.1286,-26.5346],[152.1304,-26.5355],[152.1305,-26.537],[152.1284,-26.5385],[152.1281,-26.5405],[152.13,-26.545],[152.13,-26.5484],[152.1321,-26.5501],[152.1327,-26.5569],[152.1351,-26.5607],[152.1359,-26.5608],[152.1354,-26.5639],[152.136,-26.5664],[152.1327,-26.5703],[152.1309,-26.5749],[152.1316,-26.5785],[152.1372,-26.5827],[152.138,-26.5867],[152.1377,-26.5882],[152.1386,-26.5895],[152.1426,-26.5917],[152.1432,-26.5927],[152.1419,-26.5951],[152.1399,-26.5942],[152.1386,-26.5947],[152.1378,-26.5966],[152.1303,-26.6004],[152.13,-26.6024],[152.1325,-26.6049],[152.1359,-26.6142],[152.1342,-26.616],[152.1283,-26.6271],[152.13,-26.6317],[152.1298,-26.6363],[152.1308,-26.6388],[152.1296,-26.6402],[152.1267,-26.638],[152.1231,-26.6382],[152.1196,-26.6374],[152.119,-26.6427],[152.1182,-26.6435],[152.1162,-26.6433],[152.1153,-26.6449],[152.1111,-26.6471],[152.1096,-26.6468],[152.1073,-26.6478],[152.1058,-26.6506],[152.0984,-26.6538],[152.0897,-26.654],[152.0815,-26.6577],[152.0787,-26.6618],[152.075,-26.6634],[152.074,-26.6649],[152.0734,-26.6684],[152.0758,-26.6785],[152.0756,-26.6854],[152.0828,-26.6889],[152.0831,-26.694],[152.0844,-26.6969],[152.0911,-26.7006],[152.101,-26.7033],[152.1013,-26.705],[152.0998,-26.7043],[152.0991,-26.7056],[152.1015,-26.7079],[152.1038,-26.7089],[152.1023,-26.7096],[152.1043,-26.7095],[152.1122,-26.7062],[152.1134,-26.707],[152.1163,-26.71],[152.1171,-26.712],[152.1188,-26.7131],[152.1198,-26.7148],[152.1237,-26.7174],[152.126,-26.7211],[152.1282,-26.7231],[152.1298,-26.7278],[152.1343,-26.7306],[152.1343,-26.732],[152.1314,-26.733],[152.13,-26.7344],[152.1331,-26.7413],[152.1384,-26.7389],[152.144,-26.7383],[152.1461,-26.736],[152.1459,-26.7341],[152.1409,-26.7307],[152.1404,-26.7282],[152.1411,-26.7272],[152.1424,-26.7268],[152.148,-26.7283],[152.153,-26.7276],[152.151,-26.7405],[152.1639,-26.7421],[152.1623,-26.7462],[152.1606,-26.7472],[152.1593,-26.75],[152.1567,-26.751],[152.1555,-26.7533],[152.1556,-26.7543],[152.1583,-26.757],[152.156,-26.76],[152.1561,-26.7625],[152.1555,-26.7633],[152.1558,-26.7688],[152.1595,-26.773],[152.1613,-26.7735],[152.1626,-26.7752],[152.164,-26.7756],[152.1661,-26.774],[152.1673,-26.7742],[152.1682,-26.773],[152.1711,-26.7771],[152.1766,-26.7798],[152.179,-26.7838],[152.1754,-26.783],[152.1742,-26.7847],[152.1746,-26.792],[152.1731,-26.7936],[152.1736,-26.7953],[152.1705,-26.7968],[152.1716,-26.7978],[152.1722,-26.8006],[152.1732,-26.8009],[152.1723,-26.8029],[152.1733,-26.8036],[152.1764,-26.8091],[152.1757,-26.8115],[152.176,-26.8121],[152.1743,-26.8157],[152.1741,-26.8214],[152.1901,-26.8236],[152.1877,-26.8379],[152.1825,-26.8373],[152.181,-26.8466],[152.1842,-26.8512],[152.1834,-26.8534],[152.1842,-26.8617],[152.1835,-26.8656],[152.1843,-26.871],[152.1889,-26.8756],[152.1886,-26.8774],[152.1726,-26.8752],[152.1695,-26.8721],[152.1705,-26.8676],[152.167,-26.8671],[152.1651,-26.8708],[152.1597,-26.8737],[152.1546,-26.8736],[152.147,-26.8791],[152.1414,-26.8878],[152.1379,-26.8979],[152.1381,-26.9002],[152.1413,-26.8978],[152.1432,-26.9006],[152.1471,-26.8991],[152.1499,-26.9046],[152.1468,-26.9071],[152.147,-26.909],[152.1437,-26.9112],[152.1428,-26.9177],[152.144,-26.9216],[152.143,-26.9249],[152.1433,-26.9262],[152.1452,-26.9267],[152.1421,-26.9304],[152.1405,-26.9312],[152.1393,-26.9308],[152.1386,-26.9329],[152.1347,-26.9355],[152.1346,-26.9369]]]}},{"type":"Feature","properties":{"name":"Kingston (Qld)","code":"311061330","centroid":[153.1132,-27.65924]},"geometry":{"type":"Polygon","coordinates":[[[153.1124,-27.6548],[153.1109,-27.6545],[153.1105,-27.6534],[153.0987,-27.6516],[153.0983,-27.6535],[153.0861,-27.6582],[153.0917,-27.6596],[153.0917,-27.6605],[153.0958,-27.6619],[153.0995,-27.6654],[153.1009,-27.665],[153.1023,-27.6668],[153.1052,-27.6658],[153.1081,-27.667],[153.1096,-27.6697],[153.1106,-27.669],[153.1134,-27.6723],[153.1129,-27.6741],[153.1146,-27.6767],[153.1193,-27.6774],[153.1206,-27.6744],[153.1192,-27.6725],[153.1206,-27.6707],[153.1213,-27.6709],[153.1218,-27.6702],[153.121,-27.669],[153.1197,-27.6689],[153.1187,-27.6662],[153.1202,-27.664],[153.122,-27.6641],[153.1239,-27.6627],[153.1253,-27.6604],[153.1231,-27.6589],[153.1235,-27.6574],[153.1269,-27.6579],[153.1261,-27.6566],[153.127,-27.6549],[153.1264,-27.6535],[153.131,-27.6533],[153.1315,-27.6567],[153.133,-27.6576],[153.1342,-27.6563],[153.1335,-27.6553],[153.1339,-27.6548],[153.1356,-27.6551],[153.1375,-27.6544],[153.1374,-27.6567],[153.1388,-27.6569],[153.1402,-27.6563],[153.1411,-27.6567],[153.1408,-27.6579],[153.1421,-27.6583],[153.1457,-27.6541],[153.1183,-27.65],[153.1182,-27.6464],[153.1102,-27.6453],[153.11,-27.647],[153.1089,-27.6469],[153.1085,-27.6479],[153.1124,-27.6517],[153.1132,-27.6544],[153.1124,-27.6548]]]}},{"type":"Feature","properties":{"name":"Kuraby","code":"303061077","centroid":[153.0937,-27.60688]},"geometry":{"type":"Polygon","coordinates":[[[153.0953,-27.5975],[153.095,-27.6005],[153.0939,-27.6016],[153.0909,-27.6006],[153.0875,-27.6025],[153.0858,-27.6041],[153.0844,-27.6039],[153.0843,-27.6046],[153.0832,-27.6045],[153.0819,-27.6056],[153.0799,-27.6054],[153.0782,-27.6133],[153.0843,-27.6162],[153.1011,-27.6181],[153.1058,-27.5932],[153.096,-27.5918],[153.0962,-27.5956],[153.0953,-27.5975]]]}},{"type":"Feature","properties":{"name":"Lake Manchester - England Creek","code":"310021279","centroid":[152.76396,-27.41434]},"geometry":{"type":"Polygon","coordinates":[[[152.7442,-27.4278],[152.7427,-27.4364],[152.746,-27.4369],[152.7454,-27.4406],[152.7474,-27.4409],[152.7472,-27.443],[152.7441,-27.4601],[152.7383,-27.4593],[152.7378,-27.4646],[152.7393,-27.4673],[152.7383,-27.469],[152.7392,-27.4709],[152.7381,-27.4716],[152.738,-27.4725],[152.7392,-27.4717],[152.7427,-27.4714],[152.7426,-27.4721],[152.7413,-27.472],[152.7406,-27.4758],[152.7434,-27.4762],[152.7426,-27.4798],[152.7403,-27.4795],[152.7395,-27.483],[152.7406,-27.4866],[152.7426,-27.4882],[152.7443,-27.492],[152.7461,-27.4926],[152.7488,-27.4953],[152.752,-27.4939],[152.7532,-27.4941],[152.7545,-27.4951],[152.7546,-27.4945],[152.7568,-27.4943],[152.7639,-27.4894],[152.7659,-27.4892],[152.7674,-27.4883],[152.7686,-27.4893],[152.77,-27.4881],[152.7774,-27.4891],[152.7783,-27.4914],[152.7793,-27.4913],[152.7803,-27.4922],[152.7819,-27.4913],[152.7835,-27.4916],[152.7885,-27.4909],[152.7911,-27.4914],[152.7944,-27.495],[152.7941,-27.4965],[152.7992,-27.4974],[152.8004,-27.4961],[152.8005,-27.4941],[152.8017,-27.4922],[152.8068,-27.4929],[152.8094,-27.4785],[152.8124,-27.4781],[152.8121,-27.4759],[152.81,-27.4731],[152.8113,-27.4704],[152.8103,-27.4628],[152.812,-27.461],[152.8185,-27.4604],[152.8236,-27.4566],[152.8224,-27.4544],[152.8225,-27.451],[152.8247,-27.4494],[152.8252,-27.4474],[152.8262,-27.4463],[152.8274,-27.4458],[152.8276,-27.4436],[152.8253,-27.4384],[152.8259,-27.4348],[152.8285,-27.4325],[152.8278,-27.4309],[152.8258,-27.4292],[152.825,-27.4269],[152.8241,-27.4262],[152.8241,-27.4241],[152.8221,-27.4224],[152.8211,-27.4226],[152.8171,-27.4196],[152.8152,-27.4201],[152.8135,-27.4196],[152.8121,-27.4173],[152.8106,-27.4172],[152.8083,-27.4147],[152.8055,-27.4167],[152.8017,-27.411],[152.8,-27.4104],[152.7994,-27.4095],[152.8008,-27.4073],[152.7996,-27.4054],[152.7756,-27.4017],[152.7746,-27.401],[152.7751,-27.3984],[152.7744,-27.393],[152.7756,-27.3891],[152.7764,-27.3887],[152.7751,-27.3874],[152.7745,-27.3875],[152.7724,-27.383],[152.7729,-27.3791],[152.7697,-27.3789],[152.7675,-27.3768],[152.7665,-27.377],[152.762,-27.3711],[152.7629,-27.3673],[152.7606,-27.3653],[152.76,-27.3639],[152.7623,-27.3599],[152.7626,-27.3583],[152.7621,-27.3562],[152.7629,-27.3546],[152.7656,-27.353],[152.7667,-27.3514],[152.7679,-27.3508],[152.7695,-27.3511],[152.772,-27.3497],[152.7709,-27.3473],[152.772,-27.346],[152.7721,-27.3437],[152.7697,-27.3405],[152.7675,-27.3349],[152.766,-27.3356],[152.7645,-27.3355],[152.7623,-27.334],[152.7595,-27.3303],[152.7557,-27.3282],[152.7547,-27.3331],[152.7488,-27.3323],[152.7505,-27.3204],[152.7485,-27.3188],[152.747,-27.3185],[152.7449,-27.319],[152.7424,-27.3215],[152.7392,-27.3233],[152.7312,-27.3232],[152.7301,-27.3241],[152.7233,-27.3221],[152.7196,-27.3235],[152.7191,-27.3278],[152.7173,-27.3306],[152.7102,-27.3326],[152.7071,-27.3344],[152.7031,-27.3382],[152.7023,-27.3381],[152.6957,-27.3429],[152.692,-27.3428],[152.6874,-27.3481],[152.6862,-27.3482],[152.686,-27.3491],[152.6842,-27.3488],[152.6797,-27.3723],[152.6864,-27.3732],[152.687,-27.3697],[152.6905,-27.3701],[152.6923,-27.36],[152.6995,-27.361],[152.7003,-27.3561],[152.7069,-27.357],[152.7078,-27.3518],[152.7239,-27.354],[152.722,-27.3651],[152.7332,-27.3666],[152.7322,-27.3727],[152.7368,-27.3733],[152.7329,-27.396],[152.7344,-27.3958],[152.7372,-27.3929],[152.7394,-27.3927],[152.7415,-27.3911],[152.7421,-27.3917],[152.7418,-27.3931],[152.7434,-27.3947],[152.7424,-27.3981],[152.7407,-27.3988],[152.7404,-27.4002],[152.7414,-27.4062],[152.7472,-27.4071],[152.7458,-27.4152],[152.7481,-27.4155],[152.7475,-27.4179],[152.748,-27.4218],[152.7471,-27.4238],[152.7429,-27.4254],[152.7409,-27.4274],[152.7442,-27.4278]]]}},{"type":"Feature","properties":{"name":"Lawnton","code":"314031392","centroid":[152.98233,-27.28107]},"geometry":{"type":"Polygon","coordinates":[[[152.949,-27.279],[152.9506,-27.2831],[152.9828,-27.2879],[152.9855,-27.2975],[152.9867,-27.2953],[152.9879,-27.295],[152.9875,-27.2941],[152.9886,-27.2939],[152.9887,-27.2932],[152.9872,-27.293],[152.9873,-27.2917],[152.9897,-27.2922],[152.9903,-27.2918],[152.9904,-27.2883],[152.9919,-27.2874],[152.9913,-27.2865],[152.9932,-27.2863],[152.9941,-27.285],[152.9957,-27.2855],[152.9949,-27.2867],[152.997,-27.2862],[152.9973,-27.2873],[152.9979,-27.2865],[152.9973,-27.2857],[152.9979,-27.2857],[152.9992,-27.2879],[153.0019,-27.2871],[153.0014,-27.2861],[153.0019,-27.2859],[153.0023,-27.2873],[153.0038,-27.2884],[153.0024,-27.2898],[153.0023,-27.2913],[153.0009,-27.2918],[153.0007,-27.2926],[153.0021,-27.2932],[153.004,-27.2923],[153.0041,-27.2946],[153.0065,-27.2955],[153.007,-27.2953],[153.0068,-27.2937],[153.0082,-27.2926],[153.0066,-27.2904],[153.008,-27.2898],[153.0114,-27.2926],[153.0119,-27.291],[153.0138,-27.2915],[153.0147,-27.2882],[153.0158,-27.2875],[153.0135,-27.2846],[153.0085,-27.2821],[153.0035,-27.2776],[153.0026,-27.2774],[153.0015,-27.274],[153.0016,-27.2707],[152.9956,-27.2704],[152.9932,-27.2675],[152.9918,-27.2687],[152.9938,-27.2723],[152.9932,-27.277],[152.9915,-27.2784],[152.9901,-27.2778],[152.9902,-27.2748],[152.9894,-27.2742],[152.9844,-27.2754],[152.9814,-27.2749],[152.9794,-27.2737],[152.9762,-27.2748],[152.9718,-27.2735],[152.9714,-27.2721],[152.9701,-27.2715],[152.9672,-27.2709],[152.9659,-27.2715],[152.9654,-27.2775],[152.9633,-27.278],[152.9616,-27.2773],[152.9596,-27.2754],[152.9583,-27.2732],[152.9586,-27.2707],[152.9572,-27.2676],[152.9544,-27.2662],[152.949,-27.279]]]}},{"type":"Feature","properties":{"name":"Leichhardt - One Mile","code":"310031291","centroid":[152.71625,-27.60557]},"geometry":{"type":"Polygon","coordinates":[[[152.7199,-27.6276],[152.7215,-27.6294],[152.7254,-27.6276],[152.7268,-27.6278],[152.7271,-27.6307],[152.7284,-27.6322],[152.7321,-27.6309],[152.7336,-27.6344],[152.7356,-27.6346],[152.7372,-27.6361],[152.7387,-27.6388],[152.7382,-27.6425],[152.7404,-27.6448],[152.7421,-27.645],[152.7436,-27.643],[152.7458,-27.6419],[152.7459,-27.6292],[152.7478,-27.6267],[152.7475,-27.624],[152.7428,-27.6222],[152.7448,-27.6195],[152.7438,-27.6179],[152.7395,-27.6176],[152.7399,-27.6116],[152.7391,-27.6076],[152.7371,-27.6052],[152.7393,-27.6035],[152.7384,-27.6024],[152.7386,-27.6014],[152.7365,-27.6029],[152.7355,-27.6012],[152.7325,-27.6013],[152.7313,-27.6035],[152.7281,-27.6041],[152.7286,-27.6033],[152.7268,-27.6025],[152.7275,-27.6019],[152.7269,-27.6007],[152.7282,-27.6003],[152.7257,-27.5987],[152.7247,-27.5963],[152.721,-27.5953],[152.7202,-27.5935],[152.7214,-27.5921],[152.7208,-27.5918],[152.7199,-27.5925],[152.7191,-27.5919],[152.7172,-27.5886],[152.7168,-27.5867],[152.7173,-27.5861],[152.7148,-27.5843],[152.7144,-27.5833],[152.7152,-27.5829],[152.7146,-27.5817],[152.7149,-27.5804],[152.7142,-27.5797],[152.7145,-27.579],[152.7016,-27.5754],[152.688,-27.5784],[152.6889,-27.5813],[152.6827,-27.5981],[152.687,-27.5965],[152.6853,-27.6063],[152.6879,-27.6055],[152.6908,-27.6033],[152.6937,-27.6024],[152.6963,-27.6035],[152.6997,-27.6039],[152.7031,-27.6074],[152.703,-27.6088],[152.7061,-27.6129],[152.7083,-27.6137],[152.709,-27.6148],[152.7144,-27.6168],[152.7182,-27.6242],[152.7175,-27.6255],[152.7199,-27.6276]]]}},{"type":"Feature","properties":{"name":"Lockyer Valley - East","code":"310021280","centroid":[152.37938,-27.64356]},"geometry":{"type":"Polygon","coordinates":[[[152.3385,-27.5665],[152.3329,-27.5726],[152.3126,-27.5638],[152.3112,-27.5716],[152.3133,-27.5725],[152.3107,-27.575],[152.3082,-27.5883],[152.3139,-27.5892],[152.309,-27.6174],[152.2999,-27.6162],[152.2993,-27.6203],[152.2919,-27.6194],[152.2901,-27.6283],[152.2841,-27.6275],[152.2833,-27.6323],[152.2871,-27.6328],[152.2862,-27.6382],[152.2879,-27.6384],[152.2867,-27.6455],[152.2898,-27.6459],[152.2866,-27.6661],[152.2835,-27.6657],[152.2826,-27.6715],[152.2935,-27.6728],[152.2938,-27.6708],[152.2956,-27.6711],[152.2921,-27.6899],[152.2941,-27.6901],[152.2919,-27.7035],[152.2994,-27.7044],[152.2984,-27.7107],[152.3041,-27.7114],[152.3036,-27.7153],[152.3077,-27.7159],[152.3074,-27.7182],[152.3045,-27.7179],[152.3035,-27.7251],[152.3107,-27.726],[152.3093,-27.7284],[152.3095,-27.7316],[152.2982,-27.7302],[152.2945,-27.7544],[152.3013,-27.7552],[152.2998,-27.7638],[152.3009,-27.764],[152.2993,-27.773],[152.3001,-27.7776],[152.2999,-27.7797],[152.2936,-27.7788],[152.2921,-27.7871],[152.301,-27.7884],[152.3018,-27.7905],[152.3061,-27.7966],[152.3058,-27.7988],[152.3082,-27.8049],[152.3139,-27.813],[152.315,-27.8133],[152.3142,-27.8134],[152.3127,-27.816],[152.3113,-27.8155],[152.3062,-27.8158],[152.3053,-27.8211],[152.3074,-27.8213],[152.3068,-27.8253],[152.3147,-27.8263],[152.3158,-27.8302],[152.3157,-27.8338],[152.3146,-27.8358],[152.3144,-27.8405],[152.312,-27.8438],[152.3121,-27.8455],[152.3113,-27.8469],[152.3082,-27.8513],[152.3096,-27.8546],[152.3109,-27.8611],[152.3113,-27.8734],[152.3139,-27.8757],[152.3156,-27.8807],[152.3198,-27.8821],[152.3241,-27.8853],[152.3261,-27.8873],[152.3279,-27.8911],[152.3322,-27.8937],[152.3334,-27.8961],[152.3415,-27.9032],[152.3438,-27.9128],[152.3447,-27.9142],[152.3471,-27.9144],[152.348,-27.9168],[152.3461,-27.9208],[152.346,-27.9246],[152.3483,-27.9291],[152.3537,-27.9358],[152.3538,-27.9369],[152.3557,-27.9395],[152.3564,-27.9428],[152.3622,-27.9476],[152.3701,-27.9581],[152.3744,-27.9597],[152.3801,-27.9651],[152.3823,-27.9656],[152.3891,-27.9741],[152.3912,-27.9748],[152.3929,-27.9767],[152.3947,-27.9775],[152.397,-27.9749],[152.3995,-27.974],[152.4017,-27.9718],[152.4013,-27.9678],[152.4029,-27.9621],[152.4022,-27.9592],[152.4047,-27.9553],[152.405,-27.9537],[152.4082,-27.9522],[152.4102,-27.9505],[152.4113,-27.9478],[152.4159,-27.9446],[152.4149,-27.9404],[152.4132,-27.9389],[152.4127,-27.9354],[152.4105,-27.9342],[152.4105,-27.9331],[152.4124,-27.9308],[152.4111,-27.9303],[152.4106,-27.9268],[152.4096,-27.9242],[152.4085,-27.9232],[152.4091,-27.9195],[152.4056,-27.9191],[152.4051,-27.9177],[152.4041,-27.9058],[152.4048,-27.9043],[152.4112,-27.9013],[152.4117,-27.8981],[152.4101,-27.8959],[152.4112,-27.8934],[152.4113,-27.8916],[152.4102,-27.8871],[152.4112,-27.886],[152.4116,-27.8834],[152.4071,-27.8788],[152.4053,-27.8746],[152.4053,-27.8712],[152.4034,-27.8694],[152.4017,-27.8666],[152.4026,-27.8608],[152.4009,-27.8567],[152.4013,-27.8513],[152.3994,-27.8473],[152.3998,-27.8447],[152.399,-27.8446],[152.3984,-27.8401],[152.3948,-27.8348],[152.3949,-27.8309],[152.3993,-27.8274],[152.4007,-27.8248],[152.3987,-27.8186],[152.392,-27.8177],[152.3933,-27.8097],[152.385,-27.8086],[152.3852,-27.8076],[152.3828,-27.8072],[152.3834,-27.8037],[152.3856,-27.804],[152.3858,-27.803],[152.4071,-27.8055],[152.4088,-27.7961],[152.4026,-27.7953],[152.4037,-27.7896],[152.4027,-27.7895],[152.3954,-27.7819],[152.3892,-27.7698],[152.3919,-27.7569],[152.3954,-27.761],[152.3973,-27.7511],[152.4029,-27.7519],[152.4035,-27.7489],[152.4051,-27.7491],[152.4101,-27.7208],[152.4068,-27.7203],[152.4091,-27.7078],[152.4123,-27.7082],[152.4135,-27.7009],[152.3906,-27.6978],[152.3918,-27.694],[152.3916,-27.6908],[152.3955,-27.6869],[152.403,-27.685],[152.4052,-27.6836],[152.4112,-27.6814],[152.4121,-27.6771],[152.4162,-27.6751],[152.4174,-27.6737],[152.4179,-27.6708],[152.4226,-27.6637],[152.4165,-27.6629],[152.4166,-27.662],[152.4126,-27.6614],[152.4133,-27.6574],[152.4184,-27.6579],[152.4204,-27.6553],[152.4208,-27.6522],[152.4227,-27.6544],[152.4309,-27.6568],[152.4327,-27.6565],[152.4332,-27.6556],[152.432,-27.6539],[152.4304,-27.653],[152.4306,-27.6518],[152.4325,-27.6517],[152.4347,-27.6506],[152.437,-27.6518],[152.4388,-27.6501],[152.4398,-27.6499],[152.4407,-27.6505],[152.4406,-27.6521],[152.4416,-27.6536],[152.4453,-27.6542],[152.4481,-27.656],[152.4494,-27.6554],[152.4497,-27.6535],[152.4513,-27.6534],[152.4541,-27.6573],[152.4547,-27.6609],[152.4564,-27.6625],[152.4579,-27.6628],[152.4593,-27.6538],[152.4627,-27.6543],[152.4637,-27.65],[152.4651,-27.6493],[152.4653,-27.6485],[152.4649,-27.6462],[152.4637,-27.6449],[152.4636,-27.6434],[152.4655,-27.6425],[152.469,-27.6384],[152.4699,-27.6382],[152.47,-27.6348],[152.4726,-27.6269],[152.4751,-27.6252],[152.4759,-27.6229],[152.479,-27.6195],[152.4804,-27.617],[152.4818,-27.6124],[152.4849,-27.6105],[152.4872,-27.6074],[152.4876,-27.6064],[152.4862,-27.6062],[152.4863,-27.6057],[152.4885,-27.6045],[152.488,-27.6033],[152.5044,-27.5959],[152.497,-27.583],[152.5031,-27.5803],[152.5078,-27.5811],[152.5093,-27.5725],[152.5125,-27.5744],[152.5149,-27.5597],[152.5174,-27.56],[152.5187,-27.552],[152.5022,-27.5507],[152.4927,-27.5516],[152.4993,-27.5117],[152.4746,-27.5081],[152.4824,-27.5068],[152.4836,-27.5003],[152.4803,-27.4988],[152.4943,-27.4918],[152.493,-27.4905],[152.4815,-27.4842],[152.473,-27.4739],[152.4678,-27.4706],[152.4672,-27.4692],[152.4635,-27.4676],[152.4612,-27.4688],[152.4576,-27.4645],[152.4518,-27.4637],[152.4513,-27.4675],[152.4445,-27.4635],[152.4454,-27.4591],[152.4358,-27.4579],[152.4368,-27.451],[152.4349,-27.4454],[152.4356,-27.4401],[152.4091,-27.4366],[152.4133,-27.4348],[152.4141,-27.4302],[152.3995,-27.4284],[152.4016,-27.415],[152.3907,-27.4122],[152.3794,-27.4044],[152.3734,-27.402],[152.3679,-27.4013],[152.3647,-27.4022],[152.3439,-27.3993],[152.3426,-27.4023],[152.3154,-27.3988],[152.3103,-27.4293],[152.3049,-27.4267],[152.2961,-27.4748],[152.3028,-27.4758],[152.3016,-27.4829],[152.3142,-27.4847],[152.3151,-27.4799],[152.3457,-27.4843],[152.343,-27.4887],[152.3354,-27.496],[152.3299,-27.5036],[152.328,-27.5097],[152.3238,-27.516],[152.3169,-27.5215],[152.3162,-27.5242],[152.3208,-27.5395],[152.3185,-27.543],[152.3191,-27.5432],[152.3238,-27.5436],[152.3277,-27.5423],[152.3303,-27.5408],[152.3337,-27.5376],[152.3378,-27.5322],[152.34,-27.5317],[152.3414,-27.5325],[152.3427,-27.5356],[152.3419,-27.5397],[152.3435,-27.541],[152.3442,-27.5445],[152.3493,-27.5566],[152.3473,-27.5572],[152.3385,-27.5665]]]}},{"type":"Feature","properties":{"name":"Logan Central","code":"311061331","centroid":[153.09866,-27.64727]},"geometry":{"type":"Polygon","coordinates":[[[153.1021,-27.6369],[153.1021,-27.6388],[153.0982,-27.6399],[153.0959,-27.6399],[153.0968,-27.642],[153.0944,-27.6429],[153.0955,-27.6452],[153.0771,-27.6521],[153.0728,-27.651],[153.0715,-27.6512],[153.0695,-27.6529],[153.0682,-27.6523],[153.068,-27.6539],[153.0739,-27.655],[153.0755,-27.6542],[153.0781,-27.6559],[153.0865,-27.6576],[153.0983,-27.6535],[153.0987,-27.6516],[153.1105,-27.6534],[153.1111,-27.6546],[153.1131,-27.6545],[153.1124,-27.6517],[153.1085,-27.6479],[153.1089,-27.6469],[153.11,-27.647],[153.1102,-27.6453],[153.1184,-27.6464],[153.1188,-27.6381],[153.1082,-27.6366],[153.1084,-27.6352],[153.1052,-27.6358],[153.1025,-27.6347],[153.1021,-27.6369]]]}},{"type":"Feature","properties":{"name":"Logan Village","code":"311041322","centroid":[153.10836,-27.77218]},"geometry":{"type":"Polygon","coordinates":[[[153.0535,-27.7638],[153.051,-27.7691],[153.0474,-27.7725],[153.0434,-27.7745],[153.0419,-27.7738],[153.041,-27.7694],[153.0355,-27.7618],[153.0332,-27.762],[153.0317,-27.7674],[153.0325,-27.7725],[153.0296,-27.7782],[153.0284,-27.7792],[153.0247,-27.7794],[153.0235,-27.7801],[153.0235,-27.7854],[153.028,-27.7861],[153.0275,-27.7898],[153.0378,-27.7914],[153.0416,-27.7907],[153.0436,-27.7888],[153.0508,-27.7918],[153.0588,-27.794],[153.0702,-27.7929],[153.0714,-27.8044],[153.0762,-27.804],[153.0732,-27.82],[153.0864,-27.8219],[153.0865,-27.8285],[153.0878,-27.8287],[153.0897,-27.8178],[153.099,-27.8191],[153.0974,-27.8155],[153.0975,-27.8064],[153.1002,-27.799],[153.0993,-27.7935],[153.1218,-27.797],[153.1207,-27.8027],[153.1236,-27.8032],[153.1248,-27.8064],[153.1391,-27.8089],[153.1415,-27.8049],[153.1428,-27.7977],[153.1604,-27.8004],[153.1628,-27.7877],[153.1558,-27.7866],[153.1585,-27.7744],[153.1578,-27.7705],[153.1589,-27.7688],[153.1598,-27.7689],[153.1608,-27.7644],[153.1625,-27.7647],[153.1641,-27.7553],[153.1541,-27.7538],[153.1549,-27.7506],[153.1559,-27.7495],[153.1575,-27.7417],[153.153,-27.741],[153.1571,-27.7204],[153.1224,-27.7151],[153.1236,-27.7192],[153.1234,-27.7215],[153.1135,-27.7288],[153.1084,-27.7312],[153.1194,-27.7376],[153.1209,-27.7409],[153.1204,-27.7433],[153.112,-27.7503],[153.1083,-27.752],[153.1016,-27.7567],[153.103,-27.7684],[153.1011,-27.7703],[153.0986,-27.7716],[153.0967,-27.7713],[153.095,-27.7669],[153.0923,-27.7656],[153.0904,-27.766],[153.0866,-27.7696],[153.0846,-27.7701],[153.0765,-27.7672],[153.0731,-27.7638],[153.0696,-27.7629],[153.0648,-27.7592],[153.0636,-27.7551],[153.0647,-27.7539],[153.07,-27.7514],[153.0691,-27.75],[153.0646,-27.7507],[153.0578,-27.7529],[153.0561,-27.7563],[153.0553,-27.761],[153.0535,-27.7638]]]}},{"type":"Feature","properties":{"name":"Loganholme - Tanah Merah","code":"311051325","centroid":[153.18179,-27.68016]},"geometry":{"type":"Polygon","coordinates":[[[153.1608,-27.6629],[153.1599,-27.6646],[153.1587,-27.6634],[153.1577,-27.6634],[153.1575,-27.6654],[153.1582,-27.6661],[153.1609,-27.666],[153.1595,-27.6685],[153.1599,-27.6704],[153.1604,-27.6717],[153.1619,-27.671],[153.1634,-27.6717],[153.1664,-27.6797],[153.1669,-27.6835],[153.1694,-27.6875],[153.1701,-27.6915],[153.1687,-27.6955],[153.169,-27.6964],[153.1702,-27.6967],[153.1721,-27.6953],[153.1731,-27.6953],[153.1773,-27.6988],[153.182,-27.699],[153.1856,-27.7016],[153.1887,-27.7029],[153.1917,-27.7038],[153.1935,-27.7035],[153.193,-27.7007],[153.1894,-27.6984],[153.1893,-27.6972],[153.1919,-27.696],[153.1959,-27.6961],[153.1975,-27.6951],[153.2025,-27.6891],[153.2044,-27.6854],[153.2049,-27.6814],[153.2056,-27.6807],[153.2032,-27.6803],[153.2021,-27.6772],[153.1998,-27.676],[153.1974,-27.6764],[153.1972,-27.6754],[153.1985,-27.6754],[153.1985,-27.6748],[153.1998,-27.6743],[153.2009,-27.6713],[153.1993,-27.6712],[153.1989,-27.6705],[153.1937,-27.6707],[153.183,-27.6638],[153.1708,-27.6623],[153.1641,-27.6552],[153.1635,-27.6553],[153.1631,-27.6587],[153.1617,-27.659],[153.1609,-27.6601],[153.1608,-27.6629]]]}},{"type":"Feature","properties":{"name":"Loganlea","code":"311051326","centroid":[153.13877,-27.67027]},"geometry":{"type":"Polygon","coordinates":[[[153.1206,-27.6741],[153.1206,-27.6748],[153.1218,-27.6749],[153.1215,-27.6785],[153.1227,-27.6865],[153.1266,-27.6873],[153.13,-27.6874],[153.1307,-27.6867],[153.142,-27.6882],[153.1416,-27.6908],[153.1477,-27.6891],[153.1493,-27.6885],[153.1494,-27.6875],[153.1483,-27.6862],[153.1405,-27.6817],[153.1397,-27.6793],[153.1401,-27.6764],[153.1474,-27.6795],[153.1487,-27.6794],[153.1601,-27.6719],[153.1595,-27.6685],[153.161,-27.6662],[153.1603,-27.6656],[153.1578,-27.666],[153.1574,-27.6639],[153.1584,-27.6633],[153.1594,-27.6645],[153.1601,-27.6645],[153.1609,-27.6627],[153.1608,-27.6605],[153.1617,-27.659],[153.1609,-27.6591],[153.1594,-27.6623],[153.1572,-27.6609],[153.1569,-27.6603],[153.1574,-27.6598],[153.1596,-27.6602],[153.1585,-27.6573],[153.1566,-27.6581],[153.1555,-27.657],[153.1558,-27.656],[153.1577,-27.6555],[153.1578,-27.6548],[153.1565,-27.6545],[153.1513,-27.6562],[153.1496,-27.6562],[153.1481,-27.6548],[153.1487,-27.6537],[153.1465,-27.6537],[153.1462,-27.6531],[153.146,-27.6546],[153.1432,-27.6567],[153.1421,-27.6583],[153.1408,-27.6579],[153.1411,-27.6567],[153.1402,-27.6563],[153.1388,-27.6569],[153.1374,-27.6567],[153.1375,-27.6544],[153.1356,-27.6551],[153.1339,-27.6548],[153.1335,-27.6553],[153.1342,-27.6563],[153.133,-27.6576],[153.1315,-27.6567],[153.131,-27.6533],[153.1268,-27.6533],[153.1264,-27.6539],[153.127,-27.6551],[153.1261,-27.6566],[153.1269,-27.6579],[153.1235,-27.6574],[153.1231,-27.6589],[153.1253,-27.6604],[153.1239,-27.6627],[153.122,-27.6641],[153.1202,-27.664],[153.1187,-27.6662],[153.1197,-27.6689],[153.121,-27.669],[153.1218,-27.6702],[153.1213,-27.6709],[153.1206,-27.6707],[153.1192,-27.6725],[153.1206,-27.6741]]]}},{"type":"Feature","properties":{"name":"Lowood","code":"310021281","centroid":[152.57698,-27.44151]},"geometry":{"type":"Polygon","coordinates":[[[152.4356,-27.4416],[152.4349,-27.4454],[152.4368,-27.451],[152.4358,-27.4579],[152.4454,-27.4591],[152.4445,-27.4635],[152.4513,-27.4675],[152.4518,-27.4637],[152.4576,-27.4645],[152.4612,-27.4688],[152.4635,-27.4676],[152.4672,-27.4692],[152.4678,-27.4706],[152.473,-27.4739],[152.4815,-27.4842],[152.493,-27.4905],[152.4943,-27.4918],[152.4803,-27.4988],[152.4836,-27.5003],[152.4824,-27.5068],[152.4746,-27.5081],[152.4993,-27.5117],[152.4927,-27.5516],[152.5022,-27.5507],[152.5187,-27.552],[152.5174,-27.56],[152.5149,-27.5597],[152.5138,-27.5663],[152.5453,-27.5705],[152.5454,-27.5695],[152.5543,-27.5707],[152.5547,-27.569],[152.557,-27.5693],[152.5607,-27.5684],[152.5624,-27.5693],[152.5648,-27.5693],[152.5675,-27.5579],[152.5636,-27.5574],[152.5643,-27.5536],[152.5688,-27.5542],[152.5703,-27.5451],[152.5893,-27.5484],[152.5885,-27.5523],[152.5936,-27.5543],[152.5974,-27.5548],[152.598,-27.5519],[152.6002,-27.5514],[152.6016,-27.5525],[152.6013,-27.553],[152.6031,-27.5537],[152.6034,-27.552],[152.6022,-27.5516],[152.6015,-27.5496],[152.6036,-27.5497],[152.6045,-27.5477],[152.6171,-27.5496],[152.6179,-27.546],[152.621,-27.5471],[152.6481,-27.5509],[152.6513,-27.533],[152.6523,-27.5325],[152.6547,-27.5355],[152.6593,-27.5325],[152.6629,-27.537],[152.6663,-27.5348],[152.6702,-27.5393],[152.6765,-27.5353],[152.6781,-27.5333],[152.6794,-27.5334],[152.6788,-27.5322],[152.6793,-27.5313],[152.6814,-27.531],[152.6822,-27.5316],[152.6821,-27.5292],[152.6849,-27.5287],[152.6871,-27.5264],[152.6895,-27.5259],[152.6888,-27.5229],[152.69,-27.5224],[152.6904,-27.5184],[152.6911,-27.5177],[152.6917,-27.5178],[152.692,-27.5198],[152.6974,-27.5161],[152.6996,-27.5164],[152.6998,-27.5153],[152.7011,-27.5162],[152.7008,-27.5175],[152.702,-27.5182],[152.7061,-27.5157],[152.7063,-27.5137],[152.7039,-27.5134],[152.7043,-27.5118],[152.7061,-27.5106],[152.7057,-27.5078],[152.7063,-27.5067],[152.7077,-27.5083],[152.7122,-27.5101],[152.7143,-27.5098],[152.7149,-27.5076],[152.7165,-27.5073],[152.7178,-27.508],[152.7212,-27.508],[152.727,-27.5063],[152.727,-27.5014],[152.7202,-27.497],[152.7198,-27.4956],[152.7202,-27.4932],[152.7265,-27.4903],[152.7286,-27.4912],[152.7302,-27.4956],[152.7317,-27.495],[152.7335,-27.4954],[152.7341,-27.4945],[152.738,-27.4946],[152.7393,-27.4876],[152.7423,-27.4881],[152.7406,-27.4866],[152.7395,-27.483],[152.7403,-27.4795],[152.7426,-27.4798],[152.7434,-27.4762],[152.7406,-27.4758],[152.7413,-27.472],[152.7426,-27.4721],[152.7427,-27.4714],[152.7392,-27.4717],[152.738,-27.4725],[152.7381,-27.4716],[152.7392,-27.4709],[152.7383,-27.469],[152.7393,-27.4673],[152.7378,-27.4646],[152.7379,-27.461],[152.7383,-27.4593],[152.7441,-27.4601],[152.7474,-27.4409],[152.7454,-27.4406],[152.746,-27.4369],[152.7427,-27.4364],[152.7442,-27.4278],[152.7409,-27.4274],[152.7429,-27.4254],[152.7475,-27.4233],[152.748,-27.4218],[152.7475,-27.4179],[152.7481,-27.4155],[152.7458,-27.4152],[152.7472,-27.4071],[152.7414,-27.4062],[152.7404,-27.4002],[152.7407,-27.3988],[152.7424,-27.3981],[152.7434,-27.3947],[152.7418,-27.3931],[152.7421,-27.3917],[152.7415,-27.3911],[152.7394,-27.3927],[152.7372,-27.3929],[152.7344,-27.3958],[152.7329,-27.396],[152.7368,-27.3733],[152.7322,-27.3727],[152.7332,-27.3666],[152.722,-27.3651],[152.7239,-27.354],[152.7078,-27.3518],[152.7069,-27.357],[152.7003,-27.3561],[152.6995,-27.361],[152.6923,-27.36],[152.6905,-27.3701],[152.687,-27.3697],[152.6864,-27.3732],[152.6797,-27.3723],[152.6842,-27.3488],[152.6732,-27.3471],[152.6725,-27.3502],[152.6742,-27.3504],[152.673,-27.3561],[152.6398,-27.3515],[152.64,-27.3506],[152.6377,-27.3502],[152.637,-27.3491],[152.6328,-27.3481],[152.6307,-27.3488],[152.6282,-27.354],[152.6256,-27.3529],[152.6251,-27.3534],[152.6272,-27.355],[152.627,-27.3565],[152.6285,-27.3578],[152.6281,-27.3598],[152.623,-27.3593],[152.6232,-27.3607],[152.6243,-27.3609],[152.625,-27.362],[152.6239,-27.365],[152.6241,-27.3665],[152.6279,-27.3656],[152.6274,-27.366],[152.6278,-27.3665],[152.6261,-27.3669],[152.6254,-27.3684],[152.6276,-27.369],[152.6265,-27.37],[152.628,-27.3724],[152.6294,-27.3728],[152.6315,-27.3719],[152.6319,-27.3722],[152.629,-27.3745],[152.6316,-27.3802],[152.6324,-27.3805],[152.6343,-27.3793],[152.6346,-27.38],[152.6324,-27.3822],[152.6333,-27.3855],[152.6344,-27.3849],[152.6347,-27.3833],[152.6351,-27.3836],[152.6368,-27.3828],[152.6363,-27.3843],[152.6379,-27.3844],[152.6383,-27.3855],[152.6383,-27.3861],[152.637,-27.3853],[152.6365,-27.386],[152.6356,-27.3859],[152.6359,-27.3868],[152.6351,-27.3873],[152.6358,-27.3881],[152.635,-27.3886],[152.6352,-27.3897],[152.6336,-27.3897],[152.634,-27.3909],[152.6373,-27.3907],[152.6344,-27.3929],[152.6372,-27.3937],[152.6354,-27.3945],[152.6351,-27.3961],[152.6381,-27.3965],[152.6354,-27.3977],[152.6376,-27.3992],[152.6362,-27.4001],[152.6374,-27.4027],[152.6364,-27.4028],[152.637,-27.404],[152.6355,-27.4035],[152.6361,-27.405],[152.6347,-27.4048],[152.6357,-27.4061],[152.6351,-27.4061],[152.6354,-27.4065],[152.6346,-27.4071],[152.6338,-27.406],[152.6329,-27.4064],[152.6316,-27.4048],[152.6266,-27.4023],[152.624,-27.4026],[152.6232,-27.4021],[152.6239,-27.4007],[152.6213,-27.3986],[152.6207,-27.3997],[152.6184,-27.3971],[152.6175,-27.3969],[152.618,-27.3979],[152.6165,-27.3983],[152.6137,-27.3966],[152.6134,-27.3943],[152.6117,-27.3933],[152.6097,-27.3948],[152.6072,-27.3942],[152.6054,-27.393],[152.5999,-27.3929],[152.5991,-27.3906],[152.5957,-27.3906],[152.5956,-27.3884],[152.5943,-27.3886],[152.5934,-27.3877],[152.5917,-27.3873],[152.5903,-27.3878],[152.5898,-27.3864],[152.5887,-27.3859],[152.5863,-27.3854],[152.5855,-27.3861],[152.5796,-27.385],[152.5785,-27.3858],[152.5782,-27.3849],[152.5758,-27.3846],[152.5739,-27.3832],[152.5711,-27.3831],[152.5706,-27.3821],[152.5692,-27.382],[152.5686,-27.3812],[152.5683,-27.3792],[152.5661,-27.3774],[152.5664,-27.3768],[152.5685,-27.3785],[152.5694,-27.3807],[152.5709,-27.3808],[152.572,-27.3817],[152.5749,-27.3811],[152.5765,-27.3821],[152.5776,-27.3818],[152.5788,-27.3828],[152.5803,-27.3827],[152.5821,-27.382],[152.583,-27.3796],[152.5848,-27.3814],[152.5861,-27.3812],[152.5869,-27.3799],[152.5872,-27.3812],[152.5885,-27.3809],[152.5916,-27.3822],[152.5944,-27.3817],[152.5965,-27.3823],[152.5977,-27.3838],[152.599,-27.383],[152.5999,-27.3848],[152.6015,-27.3837],[152.604,-27.3849],[152.6065,-27.383],[152.6056,-27.3815],[152.6019,-27.3791],[152.609,-27.3803],[152.6113,-27.3814],[152.6132,-27.3807],[152.6134,-27.3794],[152.6087,-27.374],[152.6116,-27.3734],[152.6126,-27.3719],[152.6109,-27.3706],[152.6081,-27.3701],[152.6061,-27.3711],[152.6059,-27.3727],[152.6051,-27.3725],[152.6035,-27.3707],[152.6029,-27.3672],[152.6004,-27.3672],[152.6011,-27.3662],[152.6004,-27.3656],[152.6022,-27.3647],[152.6016,-27.3641],[152.5994,-27.3637],[152.5961,-27.3642],[152.5918,-27.3632],[152.5907,-27.3637],[152.5894,-27.363],[152.5886,-27.3614],[152.587,-27.3618],[152.5869,-27.3604],[152.5833,-27.3616],[152.5827,-27.3598],[152.5831,-27.359],[152.5824,-27.3582],[152.5809,-27.3591],[152.5805,-27.3609],[152.5793,-27.3589],[152.5781,-27.3598],[152.5782,-27.3613],[152.5762,-27.3607],[152.5765,-27.3594],[152.5754,-27.3587],[152.5768,-27.3586],[152.5773,-27.3577],[152.5763,-27.3569],[152.5784,-27.357],[152.5787,-27.3566],[152.5778,-27.3559],[152.5799,-27.3557],[152.5795,-27.3548],[152.5803,-27.3548],[152.582,-27.3531],[152.5815,-27.3524],[152.5793,-27.3526],[152.5808,-27.3514],[152.5804,-27.3507],[152.582,-27.3507],[152.5827,-27.35],[152.5824,-27.3481],[152.584,-27.3476],[152.583,-27.345],[152.5848,-27.3446],[152.5852,-27.3441],[152.5846,-27.3433],[152.5855,-27.343],[152.5851,-27.3423],[152.5869,-27.3417],[152.5869,-27.34],[152.5863,-27.3395],[152.5851,-27.3394],[152.5825,-27.3407],[152.5822,-27.3425],[152.5795,-27.3466],[152.5784,-27.3406],[152.5787,-27.3385],[152.5771,-27.3379],[152.576,-27.3401],[152.5759,-27.3417],[152.5765,-27.3424],[152.5748,-27.3451],[152.5753,-27.3466],[152.5732,-27.3479],[152.5729,-27.3493],[152.5719,-27.3493],[152.5681,-27.3531],[152.5669,-27.3522],[152.5656,-27.3526],[152.5677,-27.3474],[152.5666,-27.3465],[152.5683,-27.3445],[152.5656,-27.3437],[152.5687,-27.3425],[152.5686,-27.3407],[152.5695,-27.3395],[152.5683,-27.3386],[152.5663,-27.339],[152.5656,-27.3399],[152.5647,-27.3391],[152.5689,-27.3357],[152.5661,-27.3353],[152.5654,-27.336],[152.5656,-27.3372],[152.5623,-27.3375],[152.5608,-27.3402],[152.5604,-27.3369],[152.5585,-27.3387],[152.559,-27.3399],[152.5582,-27.3405],[152.5584,-27.3414],[152.5598,-27.3432],[152.5592,-27.3437],[152.5592,-27.3462],[152.5584,-27.3473],[152.5569,-27.3474],[152.5575,-27.3458],[152.5561,-27.3449],[152.5568,-27.3437],[152.5563,-27.3426],[152.5555,-27.3423],[152.554,-27.3433],[152.5545,-27.3403],[152.5528,-27.3405],[152.5536,-27.3413],[152.553,-27.3431],[152.5521,-27.3438],[152.5526,-27.347],[152.5504,-27.3452],[152.5495,-27.3455],[152.5513,-27.3467],[152.5506,-27.3473],[152.5508,-27.3479],[152.5525,-27.3484],[152.5516,-27.35],[152.5508,-27.3496],[152.5504,-27.3503],[152.5487,-27.3485],[152.5481,-27.3494],[152.5491,-27.3512],[152.5476,-27.3505],[152.5465,-27.352],[152.546,-27.3493],[152.5452,-27.349],[152.5436,-27.3497],[152.5443,-27.3508],[152.5442,-27.3523],[152.5463,-27.3556],[152.5455,-27.3556],[152.5445,-27.3547],[152.5439,-27.355],[152.5408,-27.3515],[152.5396,-27.3524],[152.5412,-27.3538],[152.54,-27.3536],[152.5392,-27.3546],[152.5377,-27.3507],[152.5365,-27.3511],[152.5363,-27.3522],[152.5374,-27.354],[152.5368,-27.3547],[152.5352,-27.3545],[152.5348,-27.3553],[152.5359,-27.3561],[152.5368,-27.356],[152.5364,-27.357],[152.5376,-27.3583],[152.5345,-27.3568],[152.5336,-27.357],[152.5335,-27.3581],[152.5349,-27.3596],[152.5326,-27.36],[152.5335,-27.361],[152.5327,-27.3623],[152.5344,-27.3632],[152.5327,-27.3635],[152.5328,-27.366],[152.5318,-27.3665],[152.5318,-27.3648],[152.531,-27.3645],[152.5314,-27.3636],[152.5295,-27.3624],[152.5309,-27.3614],[152.5301,-27.3592],[152.5279,-27.3594],[152.5288,-27.3573],[152.5296,-27.3571],[152.5284,-27.3558],[152.527,-27.3571],[152.5271,-27.359],[152.5253,-27.3591],[152.5249,-27.3606],[152.524,-27.3602],[152.5226,-27.3574],[152.5201,-27.357],[152.518,-27.3578],[152.5154,-27.36],[152.5154,-27.3619],[152.5161,-27.3632],[152.514,-27.3608],[152.5122,-27.3613],[152.5102,-27.363],[152.511,-27.361],[152.5089,-27.3595],[152.5118,-27.3603],[152.514,-27.3597],[152.5164,-27.3558],[152.5165,-27.3546],[152.5151,-27.353],[152.5109,-27.3517],[152.5065,-27.3481],[152.5052,-27.3479],[152.5042,-27.3485],[152.5043,-27.3474],[152.5016,-27.3468],[152.5022,-27.3445],[152.5031,-27.3439],[152.5024,-27.3431],[152.4972,-27.3415],[152.4946,-27.3437],[152.4965,-27.3415],[152.4974,-27.3413],[152.4958,-27.3412],[152.4891,-27.3447],[152.4881,-27.3432],[152.4876,-27.3407],[152.4857,-27.3407],[152.4852,-27.3389],[152.4803,-27.3372],[152.4796,-27.3375],[152.4782,-27.3399],[152.4758,-27.3391],[152.4733,-27.3411],[152.4724,-27.3406],[152.4721,-27.3396],[152.4695,-27.3392],[152.468,-27.3373],[152.4646,-27.336],[152.4526,-27.3354],[152.4492,-27.3322],[152.4473,-27.3316],[152.4428,-27.3324],[152.4396,-27.3302],[152.4369,-27.3261],[152.4356,-27.3254],[152.4349,-27.3236],[152.4336,-27.3232],[152.4326,-27.3249],[152.4302,-27.3386],[152.4314,-27.3388],[152.4292,-27.3513],[152.432,-27.3517],[152.4298,-27.365],[152.4267,-27.3632],[152.4248,-27.3644],[152.4216,-27.3646],[152.4201,-27.364],[152.4216,-27.3628],[152.421,-27.3617],[152.4188,-27.362],[152.4167,-27.3609],[152.4143,-27.3609],[152.409,-27.3586],[152.4064,-27.3591],[152.4057,-27.3585],[152.404,-27.3681],[152.3863,-27.3656],[152.3819,-27.3906],[152.388,-27.3889],[152.3917,-27.3869],[152.388,-27.4104],[152.3907,-27.4122],[152.4016,-27.415],[152.3995,-27.4284],[152.4141,-27.4302],[152.4133,-27.4348],[152.4091,-27.4366],[152.4356,-27.4401],[152.4356,-27.4416]]]}},{"type":"Feature","properties":{"name":"Macgregor (Qld)","code":"303031061","centroid":[153.07311,-27.5653]},"geometry":{"type":"Polygon","coordinates":[[[153.0655,-27.5644],[153.0642,-27.572],[153.076,-27.5736],[153.076,-27.5726],[153.0791,-27.5721],[153.0821,-27.5707],[153.0822,-27.5701],[153.0848,-27.5695],[153.0866,-27.5679],[153.0759,-27.5605],[153.068,-27.5513],[153.0655,-27.5644]]]}},{"type":"Feature","properties":{"name":"Mango Hill","code":"314021578","centroid":[153.04557,-27.24236]},"geometry":{"type":"Polygon","coordinates":[[[153.0258,-27.2223],[153.0269,-27.2238],[153.0257,-27.2302],[153.0293,-27.2307],[153.0308,-27.2339],[153.0268,-27.2407],[153.0237,-27.2423],[153.0204,-27.243],[153.0171,-27.2466],[153.0181,-27.2487],[153.0212,-27.2492],[153.0225,-27.2501],[153.0249,-27.2501],[153.0262,-27.2517],[153.0292,-27.2524],[153.03,-27.2533],[153.0286,-27.2537],[153.0286,-27.2554],[153.0301,-27.2556],[153.031,-27.2568],[153.0338,-27.2574],[153.0352,-27.2566],[153.0353,-27.255],[153.0385,-27.2562],[153.0421,-27.2549],[153.0427,-27.2512],[153.0454,-27.2511],[153.0477,-27.2499],[153.0472,-27.2554],[153.0476,-27.2574],[153.0489,-27.2579],[153.0504,-27.262],[153.0504,-27.2645],[153.0576,-27.2617],[153.0605,-27.2632],[153.0637,-27.2633],[153.0704,-27.2658],[153.0786,-27.2645],[153.0745,-27.263],[153.0708,-27.2597],[153.0693,-27.2568],[153.0667,-27.2468],[153.0627,-27.2412],[153.0616,-27.2371],[153.058,-27.2362],[153.0559,-27.2347],[153.0539,-27.2304],[153.0601,-27.2276],[153.0616,-27.2251],[153.0605,-27.2224],[153.0585,-27.2222],[153.0547,-27.2237],[153.0515,-27.2235],[153.0512,-27.2245],[153.0528,-27.2266],[153.0524,-27.228],[153.0512,-27.2287],[153.0496,-27.2276],[153.0476,-27.2283],[153.045,-27.2278],[153.0452,-27.2258],[153.0438,-27.2252],[153.0422,-27.2219],[153.0441,-27.2183],[153.0424,-27.2165],[153.0403,-27.2171],[153.0425,-27.2192],[153.0413,-27.2215],[153.0393,-27.2216],[153.0372,-27.2225],[153.037,-27.2216],[153.0389,-27.2204],[153.0368,-27.2186],[153.0345,-27.219],[153.0332,-27.2184],[153.0223,-27.2172],[153.0258,-27.2223]]]}},{"type":"Feature","properties":{"name":"Manly - Lota","code":"301031015","centroid":[153.18556,-27.46241]},"geometry":{"type":"Polygon","coordinates":[[[153.1765,-27.4594],[153.18,-27.4624],[153.1813,-27.4653],[153.1787,-27.4649],[153.1769,-27.4745],[153.178,-27.4761],[153.184,-27.4749],[153.1842,-27.4735],[153.1852,-27.4728],[153.1868,-27.4742],[153.1884,-27.4743],[153.1895,-27.4761],[153.192,-27.4763],[153.1943,-27.4723],[153.1945,-27.4702],[153.1934,-27.469],[153.1925,-27.4653],[153.1901,-27.462],[153.1945,-27.459],[153.1938,-27.4575],[153.1949,-27.4563],[153.1941,-27.4523],[153.1927,-27.4522],[153.192,-27.4506],[153.1893,-27.4517],[153.1876,-27.4519],[153.1867,-27.4513],[153.1865,-27.4493],[153.188,-27.4476],[153.187,-27.4463],[153.1845,-27.446],[153.1796,-27.4532],[153.1792,-27.4549],[153.1777,-27.4539],[153.175,-27.4567],[153.1765,-27.4594]]]}},{"type":"Feature","properties":{"name":"Manly West","code":"301031016","centroid":[153.16598,-27.46745]},"geometry":{"type":"Polygon","coordinates":[[[153.1659,-27.456],[153.1595,-27.4638],[153.1576,-27.4643],[153.1503,-27.4696],[153.1452,-27.4748],[153.1532,-27.476],[153.1588,-27.4749],[153.1656,-27.4759],[153.17,-27.4776],[153.1772,-27.4744],[153.1787,-27.4649],[153.1813,-27.4653],[153.18,-27.4624],[153.1765,-27.4594],[153.175,-27.4567],[153.1726,-27.4553],[153.1672,-27.4543],[153.1659,-27.456]]]}},{"type":"Feature","properties":{"name":"Mansfield (Qld)","code":"303031062","centroid":[153.10515,-27.53485]},"geometry":{"type":"Polygon","coordinates":[[[153.0944,-27.5326],[153.0924,-27.5436],[153.1111,-27.5466],[153.1174,-27.5451],[153.1174,-27.5406],[153.1203,-27.5365],[153.1179,-27.5361],[153.1186,-27.5322],[153.1162,-27.5304],[153.1149,-27.5281],[153.1136,-27.5285],[153.1131,-27.5265],[153.111,-27.5264],[153.1065,-27.5288],[153.1054,-27.5288],[153.1033,-27.5273],[153.1033,-27.5265],[153.1017,-27.5253],[153.1016,-27.5244],[153.102,-27.5232],[153.1034,-27.5226],[153.1043,-27.52],[153.1043,-27.5187],[153.1035,-27.5184],[153.0972,-27.5175],[153.0948,-27.5304],[153.0939,-27.5318],[153.0944,-27.5326]]]}},{"type":"Feature","properties":{"name":"Margate - Woody Point","code":"313051378","centroid":[153.10276,-27.248]},"geometry":{"type":"Polygon","coordinates":[[[153.0957,-27.242],[153.095,-27.2435],[153.0957,-27.2492],[153.094,-27.2509],[153.0934,-27.2527],[153.0924,-27.2526],[153.0917,-27.2566],[153.0931,-27.256],[153.0941,-27.2568],[153.0969,-27.2572],[153.1005,-27.2588],[153.1027,-27.2608],[153.1037,-27.2634],[153.1079,-27.2617],[153.1106,-27.255],[153.1097,-27.2539],[153.1098,-27.2527],[153.1114,-27.2458],[153.114,-27.2389],[153.1132,-27.2383],[153.093,-27.2354],[153.0925,-27.2383],[153.0932,-27.2383],[153.0957,-27.242]]]}},{"type":"Feature","properties":{"name":"Marsden","code":"311031317","centroid":[153.09764,-27.67349]},"geometry":{"type":"Polygon","coordinates":[[[153.0825,-27.6675],[153.0821,-27.6697],[153.0812,-27.6696],[153.0804,-27.6715],[153.0809,-27.6761],[153.0806,-27.6781],[153.0864,-27.6795],[153.0897,-27.6811],[153.0979,-27.6817],[153.0972,-27.6857],[153.1029,-27.6856],[153.1046,-27.6863],[153.1042,-27.687],[153.1027,-27.6864],[153.1023,-27.6873],[153.1051,-27.6885],[153.1076,-27.6855],[153.1215,-27.6771],[153.1218,-27.6749],[153.1206,-27.6748],[153.1193,-27.6774],[153.1146,-27.6767],[153.1129,-27.6741],[153.1134,-27.6723],[153.1106,-27.669],[153.1096,-27.6697],[153.1081,-27.667],[153.1052,-27.6658],[153.1023,-27.6668],[153.1009,-27.665],[153.0995,-27.6654],[153.0958,-27.6619],[153.0929,-27.6612],[153.0917,-27.6605],[153.0917,-27.6596],[153.088,-27.6586],[153.0861,-27.6582],[153.0851,-27.6593],[153.084,-27.6592],[153.0825,-27.6675]]]}},{"type":"Feature","properties":{"name":"McDowall","code":"302011026","centroid":[152.99174,-27.38245]},"geometry":{"type":"Polygon","coordinates":[[[152.9812,-27.3785],[152.9812,-27.3802],[152.9831,-27.3821],[152.9848,-27.3861],[152.9848,-27.3925],[152.9853,-27.3936],[152.9986,-27.3956],[152.999,-27.3939],[152.9972,-27.3926],[152.997,-27.3903],[152.9988,-27.3892],[153.002,-27.3897],[153.0035,-27.3818],[153.0003,-27.3813],[153.0018,-27.3739],[152.98,-27.3708],[152.9806,-27.3772],[152.9812,-27.3785]]]}},{"type":"Feature","properties":{"name":"Middle Park - Jamboree Heights","code":"304011082","centroid":[152.92727,-27.55612]},"geometry":{"type":"Polygon","coordinates":[[[152.9137,-27.5527],[152.9133,-27.5538],[152.9144,-27.5559],[152.9161,-27.5562],[152.9159,-27.557],[152.9174,-27.5578],[152.9168,-27.561],[152.9276,-27.5625],[152.93,-27.5616],[152.932,-27.5618],[152.9354,-27.5599],[152.94,-27.5591],[152.941,-27.5521],[152.9384,-27.5517],[152.9378,-27.5503],[152.9367,-27.5515],[152.9355,-27.5513],[152.9344,-27.553],[152.931,-27.5517],[152.9243,-27.5506],[152.9241,-27.551],[152.9204,-27.5498],[152.9191,-27.5514],[152.9135,-27.5522],[152.9137,-27.5527]]]}},{"type":"Feature","properties":{"name":"Mitchelton","code":"304041101","centroid":[152.97042,-27.4121]},"geometry":{"type":"Polygon","coordinates":[[[152.968,-27.407],[152.9678,-27.4102],[152.9663,-27.4101],[152.962,-27.4124],[152.9601,-27.4143],[152.9586,-27.4146],[152.9573,-27.4223],[152.9669,-27.4239],[152.9673,-27.422],[152.9728,-27.4233],[152.9744,-27.4211],[152.9793,-27.4179],[152.9802,-27.4164],[152.981,-27.4122],[152.9804,-27.4106],[152.9833,-27.4095],[152.9801,-27.4075],[152.98,-27.4051],[152.9777,-27.4047],[152.9787,-27.4022],[152.9785,-27.4014],[152.977,-27.4008],[152.9762,-27.4015],[152.9753,-27.4013],[152.9719,-27.3978],[152.9709,-27.3976],[152.9701,-27.3984],[152.9655,-27.3969],[152.9647,-27.3978],[152.9649,-27.3996],[152.9666,-27.3996],[152.9658,-27.4018],[152.9653,-27.4017],[152.9652,-27.4038],[152.9681,-27.4043],[152.968,-27.407]]]}},{"type":"Feature","properties":{"name":"Moorooka","code":"303041068","centroid":[153.02453,-27.53435]},"geometry":{"type":"Polygon","coordinates":[[[153.0191,-27.5259],[153.0172,-27.5277],[153.0174,-27.529],[153.0143,-27.5303],[153.0145,-27.5314],[153.0136,-27.5315],[153.0139,-27.5359],[153.012,-27.5413],[153.0136,-27.542],[153.0143,-27.5434],[153.0152,-27.5436],[153.0151,-27.5448],[153.0163,-27.5448],[153.0169,-27.5458],[153.0178,-27.5456],[153.0185,-27.5465],[153.0194,-27.5465],[153.0207,-27.5435],[153.0239,-27.5439],[153.0245,-27.5403],[153.0342,-27.5417],[153.0356,-27.5346],[153.039,-27.5351],[153.0397,-27.5308],[153.0337,-27.5302],[153.0336,-27.5295],[153.0304,-27.5291],[153.0316,-27.5281],[153.0315,-27.5268],[153.0324,-27.5252],[153.0311,-27.5246],[153.0303,-27.5233],[153.0292,-27.5231],[153.0287,-27.5237],[153.0249,-27.523],[153.0235,-27.5245],[153.022,-27.5245],[153.0216,-27.5255],[153.0191,-27.5259]]]}},{"type":"Feature","properties":{"name":"Morayfield","code":"313041374","centroid":[152.92157,-27.14316]},"geometry":{"type":"Polygon","coordinates":[[[152.906,-27.1343],[152.905,-27.1343],[152.904,-27.14],[152.9029,-27.1378],[152.8985,-27.1372],[152.8917,-27.1397],[152.8908,-27.1446],[152.8877,-27.1442],[152.8855,-27.1566],[152.8879,-27.1561],[152.8877,-27.1577],[152.8893,-27.1587],[152.8905,-27.1578],[152.8939,-27.1573],[152.894,-27.1585],[152.896,-27.1599],[152.8955,-27.1607],[152.8964,-27.162],[152.9005,-27.1637],[152.8997,-27.1653],[152.9001,-27.1673],[152.901,-27.169],[152.9025,-27.1698],[152.9031,-27.1714],[152.9044,-27.172],[152.9049,-27.1716],[152.9051,-27.1727],[152.907,-27.1728],[152.9082,-27.1737],[152.9084,-27.1753],[152.9103,-27.173],[152.9131,-27.1737],[152.9134,-27.174],[152.9126,-27.175],[152.9136,-27.1763],[152.9166,-27.176],[152.917,-27.1765],[152.9164,-27.1773],[152.9173,-27.1777],[152.9201,-27.1757],[152.922,-27.1753],[152.918,-27.1718],[152.9176,-27.1699],[152.9202,-27.164],[152.9227,-27.16],[152.925,-27.1538],[152.9317,-27.1533],[152.9357,-27.151],[152.9429,-27.1525],[152.9451,-27.1406],[152.9596,-27.1428],[152.9608,-27.1342],[152.9582,-27.1247],[152.9445,-27.1228],[152.9444,-27.1218],[152.9275,-27.1192],[152.9227,-27.1183],[152.9224,-27.1178],[152.9214,-27.1181],[152.9203,-27.1173],[152.9176,-27.1207],[152.9147,-27.1218],[152.9128,-27.1233],[152.9125,-27.1248],[152.9115,-27.1257],[152.9104,-27.1252],[152.9083,-27.1263],[152.9072,-27.1259],[152.9062,-27.1284],[152.907,-27.1285],[152.906,-27.1343]]]}},{"type":"Feature","properties":{"name":"Morayfield - East","code":"313021368","centroid":[152.96502,-27.10752]},"geometry":{"type":"Polygon","coordinates":[[[152.9537,-27.1117],[152.9533,-27.1117],[152.9544,-27.1143],[152.9576,-27.1196],[152.9582,-27.1247],[152.9596,-27.1244],[152.9773,-27.127],[152.9753,-27.09],[152.971,-27.0949],[152.9693,-27.0951],[152.9679,-27.0939],[152.9687,-27.0928],[152.9678,-27.0911],[152.9617,-27.0888],[152.9595,-27.0869],[152.9554,-27.0865],[152.9561,-27.0896],[152.9523,-27.099],[152.9521,-27.1074],[152.9537,-27.1117]]]}},{"type":"Feature","properties":{"name":"Moreton Island","code":"313051574","centroid":[153.40627,-27.15128]},"geometry":{"type":"MultiPolygon","coordinates":[[[[153.3688,-27.0853],[153.3696,-27.0888],[153.3701,-27.0997],[153.3695,-27.1101],[153.3616,-27.1357],[153.3692,-27.1572],[153.3702,-27.1609],[153.37,-27.1631],[153.3722,-27.1689],[153.3733,-27.1763],[153.3722,-27.1809],[153.3666,-27.1932],[153.3654,-27.1985],[153.3655,-27.2012],[153.3719,-27.212],[153.3746,-27.218],[153.3764,-27.2243],[153.3772,-27.2357],[153.3788,-27.2395],[153.3882,-27.2583],[153.3977,-27.2729],[153.3992,-27.2781],[153.4022,-27.2842],[153.4057,-27.2949],[153.4053,-27.3006],[153.4151,-27.3193],[153.4149,-27.3213],[153.4163,-27.3223],[153.4212,-27.3311],[153.4227,-27.3377],[153.4227,-27.3435],[153.419,-27.3495],[153.4184,-27.3528],[153.4186,-27.355],[153.4264,-27.3603],[153.4276,-27.3616],[153.4272,-27.362],[153.4276,-27.3634],[153.4283,-27.3636],[153.431,-27.3587],[153.4372,-27.3418],[153.4373,-27.334],[153.4364,-27.3261],[153.4345,-27.3179],[153.4261,-27.307],[153.4238,-27.3031],[153.4176,-27.2744],[153.4166,-27.2611],[153.4172,-27.2472],[153.4169,-27.2373],[153.4172,-27.2273],[153.4197,-27.2036],[153.4242,-27.1723],[153.4279,-27.1548],[153.4296,-27.148],[153.4316,-27.1432],[153.434,-27.1312],[153.4381,-27.1191],[153.4429,-27.1001],[153.4513,-27.0723],[153.4544,-27.0648],[153.4588,-27.0509],[153.4635,-27.0398],[153.4642,-27.0386],[153.4663,-27.039],[153.466,-27.0382],[153.4668,-27.0375],[153.4661,-27.0374],[153.4661,-27.0365],[153.4677,-27.0347],[153.4675,-27.0316],[153.4685,-27.0288],[153.4682,-27.0278],[153.4662,-27.0273],[153.4654,-27.0284],[153.4619,-27.0283],[153.4612,-27.0276],[153.4593,-27.0274],[153.4593,-27.0256],[153.4547,-27.0237],[153.4555,-27.0225],[153.4547,-27.022],[153.4538,-27.0224],[153.452,-27.0253],[153.4493,-27.027],[153.4378,-27.032],[153.4201,-27.0321],[153.4122,-27.0331],[153.4126,-27.0336],[153.4175,-27.033],[153.4197,-27.0354],[153.4217,-27.0352],[153.4231,-27.0334],[153.4239,-27.0337],[153.4242,-27.0331],[153.4253,-27.0339],[153.4271,-27.0331],[153.4282,-27.0349],[153.4315,-27.0337],[153.4293,-27.0347],[153.4287,-27.0357],[153.4122,-27.0397],[153.4071,-27.0423],[153.3997,-27.0447],[153.3887,-27.0503],[153.3974,-27.0455],[153.3986,-27.0435],[153.3997,-27.0428],[153.3999,-27.0432],[153.401,-27.0429],[153.4023,-27.0412],[153.4042,-27.041],[153.4044,-27.0418],[153.4049,-27.0418],[153.4057,-27.0409],[153.4047,-27.0408],[153.4052,-27.0399],[153.406,-27.0405],[153.4071,-27.0401],[153.4071,-27.0388],[153.4079,-27.0385],[153.4068,-27.0372],[153.4039,-27.0379],[153.4017,-27.04],[153.3955,-27.043],[153.3947,-27.0428],[153.3907,-27.0467],[153.3878,-27.0476],[153.3984,-27.0378],[153.4029,-27.0356],[153.406,-27.0351],[153.4024,-27.0353],[153.3963,-27.038],[153.3901,-27.0422],[153.3857,-27.0473],[153.3832,-27.0486],[153.3793,-27.0494],[153.3742,-27.0519],[153.3618,-27.0603],[153.3617,-27.0622],[153.367,-27.0733],[153.3688,-27.0853]]],[[[153.3972,-27.3437],[153.3978,-27.3444],[153.3975,-27.3458],[153.4022,-27.3483],[153.4054,-27.3483],[153.4076,-27.3462],[153.4076,-27.3444],[153.4061,-27.3419],[153.4046,-27.3371],[153.4053,-27.3306],[153.4047,-27.3268],[153.4036,-27.3271],[153.403,-27.3286],[153.4014,-27.3294],[153.3997,-27.332],[153.3965,-27.3351],[153.3965,-27.3381],[153.3955,-27.339],[153.3945,-27.3419],[153.3965,-27.3417],[153.3973,-27.3425],[153.3972,-27.3437]]]]}},{"type":"Feature","properties":{"name":"Morningside - Seven Hills","code":"305021117","centroid":[153.07642,-27.46653]},"geometry":{"type":"Polygon","coordinates":[[[153.0641,-27.4646],[153.0644,-27.4675],[153.0635,-27.4719],[153.0648,-27.4741],[153.067,-27.4745],[153.0658,-27.4781],[153.0667,-27.4783],[153.0675,-27.4805],[153.07,-27.4816],[153.071,-27.4828],[153.0764,-27.4841],[153.0784,-27.4867],[153.0809,-27.4862],[153.0815,-27.4854],[153.0815,-27.4826],[153.0844,-27.4822],[153.0845,-27.481],[153.0877,-27.4815],[153.0884,-27.4777],[153.0876,-27.4768],[153.0889,-27.4749],[153.0876,-27.4747],[153.0877,-27.4738],[153.079,-27.4725],[153.0799,-27.4674],[153.0808,-27.4671],[153.0786,-27.4666],[153.08,-27.4655],[153.0845,-27.459],[153.0878,-27.4577],[153.0897,-27.4493],[153.0881,-27.4493],[153.0882,-27.4499],[153.0868,-27.4502],[153.0869,-27.4493],[153.0844,-27.4491],[153.0842,-27.45],[153.0797,-27.4486],[153.0799,-27.4474],[153.0723,-27.4456],[153.0721,-27.4465],[153.0715,-27.4465],[153.0701,-27.4456],[153.0693,-27.4502],[153.0717,-27.4513],[153.0736,-27.4552],[153.0761,-27.4557],[153.0758,-27.4576],[153.0746,-27.4574],[153.0742,-27.4595],[153.0728,-27.4593],[153.0729,-27.4578],[153.0723,-27.4577],[153.0716,-27.4611],[153.0678,-27.4604],[153.0671,-27.4632],[153.0637,-27.4627],[153.0641,-27.4646]]]}},{"type":"Feature","properties":{"name":"Mount Coot-tha","code":"304041102","centroid":[152.94849,-27.4749]},"geometry":{"type":"Polygon","coordinates":[[[152.944,-27.4638],[152.9359,-27.4626],[152.9348,-27.4655],[152.9331,-27.4647],[152.9325,-27.4636],[152.9307,-27.4637],[152.9291,-27.4655],[152.9247,-27.4649],[152.9234,-27.4637],[152.9212,-27.4639],[152.9197,-27.4628],[152.917,-27.4669],[152.9154,-27.4708],[152.9198,-27.4715],[152.9185,-27.4808],[152.9175,-27.4807],[152.9161,-27.4828],[152.9225,-27.4838],[152.9232,-27.48],[152.9376,-27.4824],[152.9379,-27.482],[152.9437,-27.4827],[152.9432,-27.4868],[152.9448,-27.487],[152.9436,-27.4938],[152.9475,-27.4944],[152.9485,-27.4893],[152.955,-27.4901],[152.9548,-27.4913],[152.9558,-27.493],[152.9602,-27.4937],[152.9608,-27.49],[152.9651,-27.4907],[152.9653,-27.4902],[152.9667,-27.4903],[152.9681,-27.4909],[152.9675,-27.4878],[152.9661,-27.4873],[152.9663,-27.4868],[152.9711,-27.4876],[152.9722,-27.4812],[152.9806,-27.4772],[152.9795,-27.4751],[152.9717,-27.4729],[152.9717,-27.4715],[152.9694,-27.467],[152.9671,-27.4655],[152.9654,-27.4656],[152.9659,-27.4627],[152.9653,-27.4628],[152.9633,-27.4613],[152.9643,-27.4602],[152.9663,-27.461],[152.9666,-27.4591],[152.9583,-27.458],[152.9578,-27.4608],[152.9449,-27.459],[152.944,-27.4638]]]}},{"type":"Feature","properties":{"name":"Mount Gravatt","code":"303031063","centroid":[153.08051,-27.5336]},"geometry":{"type":"Polygon","coordinates":[[[153.0729,-27.5286],[153.0626,-27.5349],[153.0661,-27.5393],[153.0589,-27.5382],[153.0607,-27.5428],[153.0637,-27.5466],[153.0747,-27.5483],[153.0753,-27.5448],[153.0816,-27.5457],[153.0815,-27.542],[153.0924,-27.5436],[153.0944,-27.5326],[153.0939,-27.5318],[153.0948,-27.5304],[153.0972,-27.5175],[153.0902,-27.5169],[153.088,-27.5158],[153.0865,-27.516],[153.0847,-27.5169],[153.0837,-27.5217],[153.0729,-27.5286]]]}},{"type":"Feature","properties":{"name":"Mount Warren Park","code":"311021309","centroid":[153.20537,-27.73107]},"geometry":{"type":"Polygon","coordinates":[[[153.1934,-27.7257],[153.1918,-27.7304],[153.1935,-27.7352],[153.1933,-27.7376],[153.1947,-27.7379],[153.1962,-27.7374],[153.1964,-27.7367],[153.1984,-27.737],[153.1992,-27.738],[153.1988,-27.7391],[153.2001,-27.7383],[153.2012,-27.74],[153.2065,-27.739],[153.2099,-27.7397],[153.2175,-27.7373],[153.2198,-27.735],[153.218,-27.73],[153.2162,-27.7274],[153.22,-27.7269],[153.2208,-27.7262],[153.2199,-27.7254],[153.2094,-27.7243],[153.1951,-27.7215],[153.1934,-27.7257]]]}},{"type":"Feature","properties":{"name":"Munruben - Park Ridge South","code":"311031318","centroid":[153.03478,-27.7379]},"geometry":{"type":"Polygon","coordinates":[[[153.0109,-27.7333],[153.0074,-27.7519],[153.0123,-27.7526],[153.0117,-27.756],[153.0229,-27.7575],[153.0224,-27.7593],[153.0244,-27.7617],[153.0251,-27.761],[153.0311,-27.7619],[153.0327,-27.7635],[153.0333,-27.7619],[153.0328,-27.7605],[153.0332,-27.7582],[153.0454,-27.7599],[153.0489,-27.7567],[153.0512,-27.7436],[153.0602,-27.7449],[153.0624,-27.7324],[153.0633,-27.7325],[153.0646,-27.7253],[153.0638,-27.7252],[153.0647,-27.7199],[153.0336,-27.7156],[153.0307,-27.7251],[153.0184,-27.7234],[153.0126,-27.7243],[153.006,-27.7233],[153.0043,-27.7324],[153.0109,-27.7333]]]}},{"type":"Feature","properties":{"name":"Murarrie","code":"301031017","centroid":[153.10812,-27.45397]},"geometry":{"type":"Polygon","coordinates":[[[153.1013,-27.4473],[153.0979,-27.4484],[153.0963,-27.4475],[153.0937,-27.4482],[153.0939,-27.4491],[153.0934,-27.4493],[153.0896,-27.4497],[153.0879,-27.4575],[153.0908,-27.458],[153.0897,-27.4636],[153.0908,-27.4643],[153.091,-27.4653],[153.0967,-27.4667],[153.0963,-27.4696],[153.1072,-27.4713],[153.1078,-27.4684],[153.1098,-27.4656],[153.11,-27.4643],[153.1116,-27.4634],[153.1157,-27.4647],[153.1154,-27.4632],[153.1189,-27.4621],[153.1197,-27.4598],[153.1209,-27.4587],[153.1224,-27.4593],[153.1224,-27.4604],[153.118,-27.4658],[153.121,-27.4654],[153.1244,-27.4662],[153.122,-27.4642],[153.1217,-27.4622],[153.1222,-27.4616],[153.1268,-27.462],[153.126,-27.4591],[153.1263,-27.4567],[153.1234,-27.4535],[153.1228,-27.454],[153.1229,-27.457],[153.1203,-27.4558],[153.1164,-27.4558],[153.1183,-27.4541],[153.1194,-27.4514],[153.1223,-27.4508],[153.1222,-27.4488],[153.1208,-27.4478],[153.1161,-27.448],[153.1161,-27.4467],[153.1153,-27.4459],[153.1113,-27.4451],[153.1139,-27.4434],[153.1216,-27.4415],[153.1257,-27.4394],[153.1283,-27.4358],[153.1293,-27.4333],[153.1295,-27.4285],[153.1225,-27.4317],[153.1228,-27.4321],[153.1142,-27.4407],[153.113,-27.4411],[153.1126,-27.4407],[153.1115,-27.4418],[153.1029,-27.4457],[153.103,-27.4462],[153.1013,-27.4473]]]}},{"type":"Feature","properties":{"name":"Murrumba Downs - Griffin","code":"314021389","centroid":[153.03141,-27.27034]},"geometry":{"type":"Polygon","coordinates":[[[152.9997,-27.2611],[152.9978,-27.2708],[153.0016,-27.2707],[153.0015,-27.274],[153.0026,-27.2774],[153.0035,-27.2776],[153.0085,-27.2821],[153.0135,-27.2846],[153.0192,-27.2912],[153.023,-27.2931],[153.0284,-27.2974],[153.0309,-27.2984],[153.034,-27.2983],[153.036,-27.2964],[153.0366,-27.293],[153.0353,-27.2885],[153.0352,-27.2858],[153.0363,-27.2832],[153.0384,-27.2811],[153.0427,-27.279],[153.0496,-27.2787],[153.0514,-27.2794],[153.0662,-27.2813],[153.0786,-27.2645],[153.0704,-27.2658],[153.0637,-27.2633],[153.0605,-27.2632],[153.0576,-27.2617],[153.0504,-27.2645],[153.0504,-27.262],[153.0489,-27.2579],[153.0476,-27.2574],[153.0472,-27.2554],[153.0477,-27.2499],[153.0454,-27.2511],[153.0427,-27.2512],[153.0421,-27.2549],[153.0385,-27.2562],[153.0353,-27.255],[153.0352,-27.2566],[153.0338,-27.2574],[153.031,-27.2568],[153.0301,-27.2556],[153.0286,-27.2554],[153.0286,-27.2537],[153.03,-27.2533],[153.0292,-27.2524],[153.0262,-27.2517],[153.0249,-27.2501],[153.0225,-27.2501],[153.0212,-27.2492],[153.0181,-27.2487],[153.0169,-27.247],[153.0154,-27.2482],[153.0134,-27.2485],[153.0131,-27.2495],[153.012,-27.2501],[153.0095,-27.2504],[153.0068,-27.2518],[153.0061,-27.2524],[153.0058,-27.2542],[153.0041,-27.2548],[153.0016,-27.254],[153.0013,-27.2556],[153.002,-27.256],[152.9988,-27.2606],[152.9997,-27.2611]]]}},{"type":"Feature","properties":{"name":"Narangba","code":"313041375","centroid":[152.92387,-27.18557]},"geometry":{"type":"Polygon","coordinates":[[[152.8934,-27.19],[152.9023,-27.1913],[152.9025,-27.1902],[152.9064,-27.1906],[152.906,-27.1938],[152.9172,-27.1953],[152.9177,-27.1937],[152.9458,-27.1976],[152.9446,-27.2041],[152.9552,-27.2055],[152.9585,-27.2041],[152.96,-27.2054],[152.9589,-27.2091],[152.9602,-27.2093],[152.9608,-27.2062],[152.9626,-27.2047],[152.9653,-27.2085],[152.9658,-27.2129],[152.9671,-27.2152],[152.9695,-27.2145],[152.9712,-27.2154],[152.9747,-27.2152],[152.9778,-27.2139],[152.979,-27.2124],[152.9821,-27.2117],[152.9919,-27.2118],[152.99,-27.2071],[152.9859,-27.1862],[152.9837,-27.1787],[152.9813,-27.1793],[152.9828,-27.1811],[152.9834,-27.1863],[152.9651,-27.1837],[152.9647,-27.1855],[152.9549,-27.184],[152.9528,-27.1831],[152.9525,-27.1812],[152.9544,-27.1715],[152.9566,-27.1673],[152.9552,-27.1671],[152.9519,-27.1688],[152.9495,-27.1685],[152.9508,-27.1675],[152.9424,-27.1639],[152.9405,-27.1647],[152.9395,-27.1643],[152.9392,-27.1649],[152.9356,-27.1646],[152.9319,-27.1684],[152.9312,-27.1707],[152.9285,-27.1721],[152.9275,-27.1748],[152.9266,-27.1749],[152.9267,-27.1743],[152.9239,-27.1753],[152.9227,-27.1748],[152.9201,-27.1757],[152.9173,-27.1777],[152.9164,-27.1773],[152.917,-27.1765],[152.9166,-27.176],[152.9136,-27.1763],[152.9126,-27.175],[152.9134,-27.174],[152.9131,-27.1737],[152.9103,-27.173],[152.9084,-27.1753],[152.9082,-27.1737],[152.907,-27.1728],[152.9051,-27.1727],[152.9049,-27.1716],[152.9044,-27.172],[152.9031,-27.1714],[152.9025,-27.1698],[152.901,-27.169],[152.9001,-27.1673],[152.8997,-27.1653],[152.9005,-27.1637],[152.8968,-27.1624],[152.8955,-27.1607],[152.8959,-27.1598],[152.8946,-27.1585],[152.8939,-27.1586],[152.8918,-27.1705],[152.8825,-27.1692],[152.883,-27.1661],[152.877,-27.1652],[152.8774,-27.1629],[152.8742,-27.1644],[152.8722,-27.1683],[152.8699,-27.1678],[152.8651,-27.1704],[152.8637,-27.1704],[152.8624,-27.1717],[152.8616,-27.1715],[152.8592,-27.169],[152.8564,-27.1707],[152.8523,-27.169],[152.852,-27.1674],[152.8471,-27.1666],[152.8445,-27.1828],[152.8531,-27.1839],[152.8537,-27.1803],[152.8576,-27.1809],[152.8574,-27.1816],[152.8635,-27.1824],[152.8624,-27.1894],[152.8866,-27.1933],[152.8873,-27.1892],[152.8934,-27.19]]]}},{"type":"Feature","properties":{"name":"New Chum","code":"310041301","centroid":[152.8326,-27.61803]},"geometry":{"type":"Polygon","coordinates":[[[152.8327,-27.6021],[152.8318,-27.6024],[152.8287,-27.6097],[152.823,-27.6179],[152.8189,-27.6257],[152.8138,-27.6318],[152.8211,-27.6353],[152.8218,-27.6313],[152.8281,-27.6291],[152.8311,-27.6293],[152.8337,-27.628],[152.843,-27.6296],[152.8423,-27.627],[152.8413,-27.6271],[152.8407,-27.6257],[152.8422,-27.6248],[152.8424,-27.6235],[152.8406,-27.6232],[152.8399,-27.6223],[152.8433,-27.6211],[152.8431,-27.6199],[152.8448,-27.618],[152.8469,-27.618],[152.8462,-27.6167],[152.8467,-27.6152],[152.8455,-27.6143],[152.8464,-27.6124],[152.8454,-27.6115],[152.8472,-27.6111],[152.8405,-27.6084],[152.8409,-27.6063],[152.8415,-27.6059],[152.8413,-27.6044],[152.8431,-27.6008],[152.8369,-27.5993],[152.8358,-27.6024],[152.8327,-27.6021]]]}},{"type":"Feature","properties":{"name":"New Farm","code":"305011109","centroid":[153.04569,-27.4664]},"geometry":{"type":"Polygon","coordinates":[[[153.0387,-27.4646],[153.0402,-27.4669],[153.0407,-27.4702],[153.0422,-27.4743],[153.0435,-27.4753],[153.0461,-27.4754],[153.0485,-27.4745],[153.0519,-27.4717],[153.0528,-27.4717],[153.0547,-27.4691],[153.0546,-27.4676],[153.0509,-27.4624],[153.0502,-27.463],[153.0502,-27.4624],[153.045,-27.4586],[153.0456,-27.458],[153.0429,-27.4559],[153.0371,-27.4618],[153.038,-27.4624],[153.0374,-27.4631],[153.0387,-27.4646]]]}},{"type":"Feature","properties":{"name":"Newmarket","code":"305031127","centroid":[153.00783,-27.43527]},"geometry":{"type":"Polygon","coordinates":[[[153.0073,-27.4303],[153.0052,-27.43],[153.0052,-27.4308],[153.0015,-27.43],[153.0006,-27.4356],[153.0042,-27.4357],[153.005,-27.4366],[153.0056,-27.4361],[153.0065,-27.438],[153.0056,-27.4397],[153.0023,-27.4392],[153.0012,-27.44],[153.0028,-27.4421],[153.0024,-27.4433],[153.0013,-27.4438],[153.002,-27.4451],[153.0045,-27.4449],[153.0053,-27.4434],[153.007,-27.4429],[153.0101,-27.4404],[153.0136,-27.4407],[153.0145,-27.4355],[153.014,-27.4355],[153.0142,-27.4343],[153.0131,-27.434],[153.0137,-27.4298],[153.0108,-27.4294],[153.0115,-27.4255],[153.0084,-27.425],[153.0073,-27.4303]]]}},{"type":"Feature","properties":{"name":"Newstead - Bowen Hills","code":"305031128","centroid":[153.04065,-27.44798]},"geometry":{"type":"Polygon","coordinates":[[[153.0328,-27.4446],[153.0313,-27.445],[153.03,-27.4439],[153.0287,-27.4509],[153.0291,-27.4526],[153.0311,-27.4516],[153.0337,-27.4539],[153.0358,-27.4518],[153.0367,-27.4525],[153.0381,-27.4494],[153.0388,-27.4498],[153.0407,-27.4494],[153.0416,-27.4498],[153.0399,-27.4535],[153.0456,-27.458],[153.045,-27.4586],[153.0502,-27.4624],[153.0502,-27.463],[153.0515,-27.4619],[153.0507,-27.4554],[153.0486,-27.4513],[153.0491,-27.4511],[153.0487,-27.4502],[153.0481,-27.4505],[153.047,-27.4484],[153.0476,-27.4485],[153.0463,-27.4456],[153.0466,-27.4431],[153.0475,-27.4423],[153.044,-27.4409],[153.0423,-27.4419],[153.0417,-27.4414],[153.0415,-27.4377],[153.0434,-27.4357],[153.0427,-27.4337],[153.0401,-27.4335],[153.0391,-27.4342],[153.0377,-27.4382],[153.0325,-27.4424],[153.0328,-27.4446]]]}},{"type":"Feature","properties":{"name":"Norman Park","code":"305021118","centroid":[153.06293,-27.48014]},"geometry":{"type":"Polygon","coordinates":[[[153.0501,-27.4764],[153.0494,-27.4792],[153.051,-27.4788],[153.0519,-27.4766],[153.0534,-27.477],[153.0544,-27.4782],[153.053,-27.4799],[153.0528,-27.4816],[153.0569,-27.4796],[153.0572,-27.4808],[153.0608,-27.4863],[153.0714,-27.4881],[153.0718,-27.4862],[153.0783,-27.4874],[153.0785,-27.4868],[153.0764,-27.4841],[153.071,-27.4828],[153.07,-27.4816],[153.0675,-27.4805],[153.0667,-27.4783],[153.0658,-27.4781],[153.067,-27.4745],[153.0648,-27.4741],[153.0635,-27.4719],[153.0576,-27.4733],[153.0583,-27.4709],[153.0574,-27.4698],[153.0562,-27.4726],[153.0501,-27.4764]]]}},{"type":"Feature","properties":{"name":"North Ipswich - Tivoli","code":"310031292","centroid":[152.77269,-27.59062]},"geometry":{"type":"Polygon","coordinates":[[[152.7548,-27.5898],[152.7534,-27.5906],[152.7565,-27.5947],[152.7542,-27.5953],[152.7548,-27.5991],[152.7574,-27.6045],[152.7556,-27.6079],[152.7592,-27.6105],[152.7646,-27.6122],[152.7671,-27.6123],[152.7691,-27.6066],[152.7684,-27.6036],[152.7662,-27.6019],[152.7671,-27.5976],[152.7698,-27.5967],[152.7732,-27.5968],[152.7783,-27.6015],[152.7818,-27.6035],[152.7839,-27.604],[152.7873,-27.6036],[152.79,-27.6013],[152.7904,-27.599],[152.7887,-27.5978],[152.7859,-27.5975],[152.7819,-27.5981],[152.7798,-27.5973],[152.7793,-27.5963],[152.7797,-27.5938],[152.786,-27.5863],[152.7975,-27.5826],[152.7988,-27.5748],[152.7931,-27.5737],[152.7681,-27.5803],[152.7609,-27.5815],[152.7531,-27.5808],[152.7538,-27.582],[152.754,-27.5851],[152.7564,-27.5879],[152.7526,-27.589],[152.7548,-27.5898]]]}},{"type":"Feature","properties":{"name":"North Lakes","code":"314021579","centroid":[153.01403,-27.22211]},"geometry":{"type":"Polygon","coordinates":[[[153.0008,-27.2266],[153.0069,-27.2382],[153.0169,-27.247],[153.0204,-27.243],[153.0237,-27.2423],[153.0268,-27.2407],[153.0308,-27.2339],[153.0293,-27.2307],[153.0257,-27.2302],[153.0269,-27.2238],[153.0223,-27.2172],[153.0332,-27.2184],[153.0332,-27.2172],[153.0344,-27.2172],[153.0361,-27.2147],[153.0353,-27.214],[153.0323,-27.2149],[153.0338,-27.2129],[153.0335,-27.2114],[153.0342,-27.2083],[153.0325,-27.2082],[153.0321,-27.2073],[153.0326,-27.2066],[153.0343,-27.2069],[153.0345,-27.2063],[153.033,-27.2061],[153.0332,-27.2053],[153.0311,-27.205],[153.0301,-27.2101],[153.0159,-27.2081],[153.0164,-27.2054],[153.0147,-27.2052],[153.015,-27.2037],[153.0042,-27.2021],[153.0027,-27.2025],[152.9978,-27.2087],[152.9919,-27.2118],[152.9972,-27.2196],[153.0008,-27.2266]]]}},{"type":"Feature","properties":{"name":"North Stradbroke Island","code":"301021550","centroid":[153.45259,-27.54557]},"geometry":{"type":"MultiPolygon","coordinates":[[[[153.4371,-27.4068],[153.4388,-27.41],[153.4404,-27.4113],[153.439,-27.4102],[153.4386,-27.4105],[153.4394,-27.4135],[153.436,-27.4255],[153.4361,-27.4292],[153.4334,-27.4343],[153.4325,-27.4389],[153.4292,-27.4463],[153.4305,-27.4464],[153.4292,-27.4473],[153.4296,-27.4483],[153.4287,-27.4507],[153.4292,-27.4526],[153.4265,-27.4578],[153.4267,-27.4593],[153.4241,-27.4648],[153.423,-27.4701],[153.4213,-27.4725],[153.4177,-27.4747],[153.4145,-27.4754],[153.4133,-27.4749],[153.4091,-27.476],[153.4085,-27.4778],[153.4092,-27.4799],[153.409,-27.4826],[153.4071,-27.4867],[153.4066,-27.4897],[153.4044,-27.4929],[153.404,-27.4925],[153.4003,-27.4957],[153.3984,-27.4964],[153.4002,-27.4997],[153.3991,-27.501],[153.4007,-27.5004],[153.4018,-27.5015],[153.4019,-27.5024],[153.4007,-27.5032],[153.4021,-27.504],[153.4026,-27.5029],[153.4042,-27.5029],[153.4078,-27.5047],[153.4104,-27.507],[153.4125,-27.5116],[153.4127,-27.5168],[153.4113,-27.5192],[153.4099,-27.524],[153.4104,-27.5311],[153.4093,-27.534],[153.4093,-27.5379],[153.4107,-27.5432],[153.4104,-27.5454],[153.4119,-27.5488],[153.4103,-27.5678],[153.4112,-27.5708],[153.4126,-27.5721],[153.4109,-27.5728],[153.4096,-27.5744],[153.4103,-27.5768],[153.4117,-27.5781],[153.4133,-27.5781],[153.414,-27.577],[153.4134,-27.5755],[153.4145,-27.5754],[153.4115,-27.5844],[153.4131,-27.5932],[153.4137,-27.5936],[153.413,-27.5989],[153.4135,-27.5992],[153.4121,-27.601],[153.4105,-27.6061],[153.4096,-27.6063],[153.4074,-27.6088],[153.4071,-27.611],[153.4072,-27.6129],[153.4088,-27.6164],[153.4081,-27.6172],[153.4083,-27.6186],[153.4094,-27.6203],[153.4117,-27.6217],[153.4137,-27.6247],[153.4183,-27.6366],[153.42,-27.6384],[153.4217,-27.6421],[153.4206,-27.646],[153.4189,-27.6486],[153.4113,-27.6533],[153.4107,-27.654],[153.411,-27.6545],[153.4105,-27.6544],[153.4074,-27.6576],[153.4037,-27.6591],[153.3988,-27.6626],[153.3988,-27.6649],[153.4014,-27.6689],[153.4006,-27.6727],[153.3996,-27.674],[153.3991,-27.6767],[153.3968,-27.6821],[153.3982,-27.6838],[153.3988,-27.6858],[153.3993,-27.6857],[153.3993,-27.6871],[153.4014,-27.6897],[153.4021,-27.693],[153.4002,-27.7024],[153.3983,-27.7041],[153.3939,-27.706],[153.3929,-27.7071],[153.3939,-27.7092],[153.3959,-27.7103],[153.3963,-27.7112],[153.3992,-27.7135],[153.4053,-27.722],[153.4062,-27.7273],[153.4058,-27.7321],[153.4069,-27.7345],[153.4122,-27.7387],[153.4189,-27.7407],[153.4208,-27.7405],[153.4209,-27.7396],[153.4225,-27.7385],[153.421,-27.7398],[153.4211,-27.7406],[153.4252,-27.7404],[153.4297,-27.7384],[153.437,-27.7338],[153.4374,-27.7329],[153.4349,-27.7321],[153.4322,-27.7282],[153.4351,-27.7238],[153.4352,-27.7204],[153.4363,-27.7186],[153.4399,-27.7155],[153.4374,-27.7185],[153.4386,-27.7174],[153.4436,-27.7164],[153.4463,-27.7165],[153.4453,-27.7184],[153.4452,-27.7228],[153.4439,-27.7258],[153.4442,-27.7271],[153.4427,-27.7287],[153.4434,-27.7301],[153.4425,-27.7303],[153.4424,-27.729],[153.4419,-27.7293],[153.4411,-27.7282],[153.4383,-27.727],[153.4355,-27.7294],[153.4384,-27.7332],[153.4406,-27.733],[153.4452,-27.7311],[153.4511,-27.7303],[153.454,-27.7288],[153.4532,-27.7241],[153.4535,-27.706],[153.4587,-27.6706],[153.4706,-27.6158],[153.4809,-27.5808],[153.502,-27.5225],[153.5272,-27.4616],[153.5328,-27.4513],[153.5421,-27.4371],[153.5436,-27.4372],[153.5432,-27.436],[153.5464,-27.4371],[153.5466,-27.4359],[153.5449,-27.435],[153.5467,-27.4351],[153.5464,-27.4341],[153.5426,-27.4309],[153.5431,-27.427],[153.5437,-27.4265],[153.5433,-27.4253],[153.539,-27.4252],[153.5354,-27.4239],[153.5324,-27.4256],[153.5274,-27.4259],[153.5221,-27.4244],[153.515,-27.4204],[153.5107,-27.4205],[153.5129,-27.4207],[153.5092,-27.4213],[153.5054,-27.4209],[153.4928,-27.4184],[153.4832,-27.4156],[153.4788,-27.413],[153.4735,-27.4086],[153.4603,-27.3919],[153.4573,-27.3892],[153.4548,-27.388],[153.4533,-27.3881],[153.4496,-27.39],[153.4496,-27.3893],[153.4396,-27.3932],[153.4381,-27.3961],[153.4378,-27.402],[153.4325,-27.4112],[153.4362,-27.4055],[153.4371,-27.4068]]],[[[153.3841,-27.5158],[153.3838,-27.5175],[153.385,-27.5161],[153.3849,-27.5148],[153.3841,-27.5158]]],[[[153.3441,-27.5131],[153.345,-27.5142],[153.3469,-27.5139],[153.3474,-27.5112],[153.3522,-27.506],[153.3568,-27.5029],[153.3624,-27.5008],[153.3673,-27.4996],[153.3698,-27.4996],[153.3707,-27.5013],[153.3725,-27.5004],[153.3729,-27.4995],[153.3739,-27.4993],[153.3748,-27.4982],[153.374,-27.4933],[153.3731,-27.4918],[153.371,-27.4895],[153.3695,-27.4899],[153.366,-27.4887],[153.3638,-27.4891],[153.3588,-27.4858],[153.3579,-27.4868],[153.3572,-27.4868],[153.3572,-27.4879],[153.3602,-27.4896],[153.3596,-27.4897],[153.3601,-27.4902],[153.3577,-27.4904],[153.3568,-27.4916],[153.3517,-27.4932],[153.345,-27.4931],[153.3434,-27.4945],[153.341,-27.4945],[153.3386,-27.4958],[153.3366,-27.4982],[153.3387,-27.4997],[153.3401,-27.5023],[153.3417,-27.5036],[153.3421,-27.5063],[153.3408,-27.5066],[153.3406,-27.5072],[153.342,-27.5071],[153.3422,-27.5089],[153.3435,-27.511],[153.3417,-27.5124],[153.3435,-27.5124],[153.3441,-27.5131]]]]}},{"type":"Feature","properties":{"name":"Northgate - Virginia","code":"302031038","centroid":[153.06766,-27.38385]},"geometry":{"type":"Polygon","coordinates":[[[153.0595,-27.3889],[153.0663,-27.3967],[153.0656,-27.398],[153.0784,-27.3997],[153.0841,-27.3954],[153.0874,-27.3941],[153.087,-27.3913],[153.0822,-27.3907],[153.0816,-27.3913],[153.0752,-27.3837],[153.0761,-27.3831],[153.074,-27.3807],[153.0734,-27.3816],[153.0658,-27.3725],[153.0661,-27.3719],[153.0653,-27.3712],[153.066,-27.3706],[153.0666,-27.3704],[153.0669,-27.3713],[153.0678,-27.371],[153.0674,-27.3706],[153.0686,-27.3699],[153.0687,-27.369],[153.0698,-27.369],[153.0689,-27.3669],[153.0684,-27.3669],[153.0679,-27.3678],[153.0678,-27.3663],[153.0663,-27.3655],[153.0662,-27.3647],[153.0635,-27.3654],[153.0618,-27.365],[153.0615,-27.3629],[153.0576,-27.3623],[153.0553,-27.3749],[153.0617,-27.3812],[153.0602,-27.3811],[153.0577,-27.3834],[153.0542,-27.3812],[153.0539,-27.3827],[153.0549,-27.3828],[153.0538,-27.3885],[153.0548,-27.3886],[153.055,-27.3881],[153.0595,-27.3889]]]}},{"type":"Feature","properties":{"name":"Nudgee - Banyo","code":"302031039","centroid":[153.08954,-27.36711]},"geometry":{"type":"Polygon","coordinates":[[[153.093,-27.3492],[153.0915,-27.351],[153.0894,-27.3513],[153.0875,-27.3502],[153.087,-27.3486],[153.084,-27.349],[153.083,-27.3503],[153.0824,-27.353],[153.0811,-27.3541],[153.0865,-27.3535],[153.0862,-27.3584],[153.0835,-27.3583],[153.0821,-27.3567],[153.0789,-27.3558],[153.0777,-27.3583],[153.0781,-27.3597],[153.0805,-27.3601],[153.0823,-27.3595],[153.0805,-27.363],[153.0784,-27.364],[153.0769,-27.3635],[153.0769,-27.3641],[153.0783,-27.3648],[153.0768,-27.3655],[153.0744,-27.364],[153.0743,-27.3647],[153.0761,-27.3658],[153.0753,-27.3671],[153.0735,-27.3667],[153.0715,-27.3653],[153.071,-27.3665],[153.0717,-27.3681],[153.0689,-27.3669],[153.0691,-27.3679],[153.0699,-27.3684],[153.0697,-27.3691],[153.0687,-27.369],[153.0686,-27.3699],[153.0674,-27.3706],[153.0678,-27.371],[153.0666,-27.3712],[153.0662,-27.3704],[153.0653,-27.3712],[153.0661,-27.3719],[153.0658,-27.3725],[153.0734,-27.3816],[153.074,-27.3807],[153.0761,-27.3831],[153.0752,-27.3837],[153.0816,-27.3913],[153.0822,-27.3907],[153.087,-27.3913],[153.0874,-27.3941],[153.0918,-27.3926],[153.0933,-27.3908],[153.0955,-27.3856],[153.0991,-27.3826],[153.1062,-27.3782],[153.1065,-27.3762],[153.1028,-27.3609],[153.1056,-27.3517],[153.1081,-27.3481],[153.1005,-27.343],[153.0959,-27.3421],[153.0943,-27.343],[153.0932,-27.3399],[153.0937,-27.3401],[153.0936,-27.3389],[153.0918,-27.3381],[153.0925,-27.3392],[153.092,-27.339],[153.0878,-27.336],[153.0841,-27.3347],[153.0881,-27.3358],[153.091,-27.3378],[153.0888,-27.3359],[153.0826,-27.3335],[153.0818,-27.3346],[153.0839,-27.3365],[153.0849,-27.3387],[153.0844,-27.3419],[153.0848,-27.3435],[153.0878,-27.3454],[153.0897,-27.344],[153.0911,-27.344],[153.0917,-27.3448],[153.0913,-27.3469],[153.093,-27.3492]]]}},{"type":"Feature","properties":{"name":"Nundah","code":"302031040","centroid":[153.06209,-27.40252]},"geometry":{"type":"Polygon","coordinates":[[[153.0484,-27.3998],[153.0472,-27.4068],[153.049,-27.4064],[153.0491,-27.4053],[153.0503,-27.4041],[153.0537,-27.4072],[153.0584,-27.4101],[153.0664,-27.4112],[153.0747,-27.407],[153.0748,-27.404],[153.0784,-27.3997],[153.0656,-27.398],[153.0663,-27.3967],[153.0595,-27.3889],[153.0593,-27.3979],[153.0513,-27.3966],[153.0487,-27.3977],[153.0484,-27.3998]]]}},{"type":"Feature","properties":{"name":"Ormiston","code":"301021008","centroid":[153.25512,-27.51011]},"geometry":{"type":"Polygon","coordinates":[[[153.2511,-27.498],[153.2514,-27.4989],[153.2505,-27.5011],[153.2522,-27.5014],[153.2524,-27.5023],[153.254,-27.5024],[153.2548,-27.504],[153.2547,-27.5047],[153.2526,-27.5051],[153.2516,-27.5067],[153.2514,-27.5077],[153.2525,-27.5087],[153.2518,-27.509],[153.2516,-27.5083],[153.2505,-27.509],[153.2516,-27.5109],[153.2485,-27.5103],[153.2463,-27.5117],[153.2429,-27.5115],[153.2416,-27.5123],[153.2431,-27.5158],[153.2443,-27.5166],[153.2439,-27.518],[153.2463,-27.5207],[153.2466,-27.5223],[153.246,-27.5233],[153.2641,-27.5246],[153.2643,-27.5227],[153.2651,-27.5218],[153.2636,-27.5185],[153.2646,-27.516],[153.2631,-27.5166],[153.2616,-27.5162],[153.2627,-27.514],[153.2608,-27.5139],[153.2605,-27.5126],[153.2617,-27.5097],[153.2634,-27.5082],[153.2634,-27.5073],[153.2625,-27.5073],[153.2631,-27.5062],[153.2616,-27.5042],[153.2636,-27.5022],[153.2631,-27.5018],[153.2645,-27.4993],[153.2635,-27.4995],[153.2621,-27.4979],[153.2609,-27.4977],[153.2606,-27.4939],[153.2574,-27.4922],[153.2597,-27.4901],[153.2587,-27.4896],[153.2546,-27.4931],[153.2525,-27.493],[153.2518,-27.4913],[153.2506,-27.4905],[153.2493,-27.491],[153.2477,-27.4929],[153.2486,-27.494],[153.2497,-27.4939],[153.2498,-27.493],[153.2511,-27.4939],[153.2507,-27.496],[153.2511,-27.498]]]}},{"type":"Feature","properties":{"name":"Oxley (Qld)","code":"310011275","centroid":[152.97584,-27.5616]},"geometry":{"type":"Polygon","coordinates":[[[152.9625,-27.5574],[152.9632,-27.56],[152.9656,-27.5596],[152.9665,-27.5631],[152.9667,-27.564],[152.9643,-27.5645],[152.9665,-27.5739],[152.9728,-27.5726],[152.974,-27.5782],[152.9884,-27.5752],[152.9875,-27.5735],[152.9891,-27.5711],[152.9866,-27.5686],[152.9902,-27.5683],[152.989,-27.5672],[152.9909,-27.5666],[152.9899,-27.5661],[152.9902,-27.5653],[152.9891,-27.5627],[152.9882,-27.5641],[152.9862,-27.5638],[152.9878,-27.563],[152.9866,-27.5619],[152.987,-27.5614],[152.9855,-27.5617],[152.9842,-27.5611],[152.9839,-27.5605],[152.9849,-27.5597],[152.9825,-27.5583],[152.9842,-27.5584],[152.9842,-27.5572],[152.9856,-27.5573],[152.9862,-27.5566],[152.9865,-27.5553],[152.9844,-27.5551],[152.9866,-27.5541],[152.9859,-27.5529],[152.9893,-27.5518],[152.992,-27.5521],[152.9931,-27.5512],[152.9737,-27.5482],[152.9706,-27.5488],[152.9711,-27.5454],[152.9654,-27.5446],[152.965,-27.5486],[152.9629,-27.5506],[152.962,-27.5553],[152.9625,-27.5574]]]}},{"type":"Feature","properties":{"name":"Paddington - Milton","code":"305041135","centroid":[152.99979,-27.46314]},"geometry":{"type":"Polygon","coordinates":[[[152.9886,-27.4596],[152.9883,-27.4628],[152.9888,-27.465],[152.9929,-27.4656],[152.9924,-27.4681],[152.9963,-27.4687],[152.9987,-27.4681],[152.9982,-27.4689],[152.9998,-27.4706],[153.0003,-27.4722],[152.9994,-27.4731],[153.002,-27.4742],[153.0033,-27.4755],[153.0113,-27.4689],[153.0104,-27.4667],[153.012,-27.4596],[153.01,-27.4595],[153.0038,-27.4567],[153.0041,-27.4561],[153.0032,-27.4559],[153.0028,-27.4566],[152.9974,-27.4559],[152.9971,-27.4546],[152.9951,-27.4538],[152.9908,-27.4536],[152.9886,-27.4543],[152.9855,-27.4575],[152.9877,-27.4583],[152.9886,-27.4596]]]}},{"type":"Feature","properties":{"name":"Pallara - Willawong","code":"303051074","centroid":[153.0033,-27.62139]},"geometry":{"type":"Polygon","coordinates":[[[152.9793,-27.6261],[152.9793,-27.6292],[152.9771,-27.6289],[152.9789,-27.6308],[152.9787,-27.6316],[152.9753,-27.6352],[152.9749,-27.6365],[152.9713,-27.6376],[152.9734,-27.639],[152.9759,-27.6438],[152.9787,-27.6463],[152.9893,-27.6515],[152.9978,-27.6545],[153.012,-27.6571],[153.015,-27.6568],[153.0193,-27.6574],[153.0194,-27.6527],[153.0154,-27.6451],[153.0149,-27.6422],[153.0157,-27.6397],[153.0221,-27.6287],[153.0225,-27.6216],[153.0242,-27.615],[153.0271,-27.6096],[153.032,-27.6058],[153.0327,-27.604],[153.0323,-27.6018],[153.0281,-27.5975],[153.0178,-27.5961],[153.0125,-27.5972],[153.0117,-27.596],[153.0099,-27.5961],[153.0086,-27.5945],[153.0086,-27.5926],[153.0094,-27.5921],[153.0088,-27.5907],[153.0102,-27.5905],[153.011,-27.5895],[153.0141,-27.5897],[153.0143,-27.5889],[153.0128,-27.5862],[153.0109,-27.5862],[153.0096,-27.5848],[153.0061,-27.5845],[153.0012,-27.5828],[153.0011,-27.582],[152.9996,-27.5808],[152.996,-27.5806],[152.9956,-27.5774],[152.9973,-27.5753],[152.9961,-27.5753],[152.9965,-27.5743],[152.9958,-27.5733],[152.9886,-27.5701],[152.9884,-27.5709],[152.9891,-27.5711],[152.9875,-27.5735],[152.9884,-27.5752],[152.9872,-27.5755],[152.9877,-27.5773],[152.9888,-27.5771],[152.9898,-27.5811],[152.989,-27.5819],[152.9897,-27.5821],[152.9892,-27.5831],[152.9908,-27.5838],[152.9918,-27.5823],[152.9934,-27.582],[152.9934,-27.5832],[152.9915,-27.5863],[152.9925,-27.5869],[152.992,-27.588],[152.9937,-27.5894],[152.9952,-27.5887],[152.9955,-27.5911],[152.9966,-27.5911],[152.997,-27.5918],[152.9964,-27.5927],[152.9969,-27.5931],[152.9967,-27.5936],[152.9982,-27.5941],[152.998,-27.5957],[152.9959,-27.5958],[152.9959,-27.5969],[152.9942,-27.5977],[152.9948,-27.5978],[152.9944,-27.5987],[152.9952,-27.5991],[152.9949,-27.6002],[152.9956,-27.601],[152.9936,-27.603],[152.993,-27.6025],[152.9921,-27.6051],[152.9926,-27.6062],[152.9945,-27.6075],[152.9943,-27.6096],[152.9966,-27.6105],[152.9986,-27.6141],[152.9969,-27.6162],[152.9969,-27.617],[152.9961,-27.6171],[152.9952,-27.6192],[152.9933,-27.6196],[152.9918,-27.6184],[152.9883,-27.6206],[152.9851,-27.6211],[152.9845,-27.6231],[152.9795,-27.6246],[152.9793,-27.6261]]]}},{"type":"Feature","properties":{"name":"Parkinson - Drewvale","code":"303051075","centroid":[153.03868,-27.64447]},"geometry":{"type":"Polygon","coordinates":[[[153.0217,-27.6293],[153.0157,-27.6397],[153.0149,-27.6422],[153.0154,-27.6451],[153.0194,-27.6527],[153.0193,-27.6574],[153.0377,-27.6604],[153.0405,-27.6541],[153.0588,-27.6568],[153.0686,-27.6504],[153.0699,-27.6421],[153.0447,-27.6384],[153.0467,-27.6322],[153.0464,-27.6304],[153.0225,-27.6263],[153.0217,-27.6293]]]}},{"type":"Feature","properties":{"name":"Petrie","code":"314031393","centroid":[152.97252,-27.26484]},"geometry":{"type":"Polygon","coordinates":[[[152.9569,-27.2621],[152.9557,-27.2627],[152.9558,-27.2664],[152.9572,-27.2676],[152.9586,-27.2707],[152.9583,-27.2732],[152.9606,-27.2766],[152.9626,-27.2779],[152.9654,-27.2775],[152.9657,-27.2721],[152.9668,-27.2709],[152.9701,-27.2715],[152.9714,-27.2721],[152.9718,-27.2735],[152.9762,-27.2748],[152.9794,-27.2737],[152.9814,-27.2749],[152.9844,-27.2754],[152.9894,-27.2742],[152.9902,-27.2748],[152.9904,-27.2782],[152.9927,-27.2779],[152.9932,-27.277],[152.9938,-27.2723],[152.9918,-27.2687],[152.9922,-27.2678],[152.9939,-27.2677],[152.9943,-27.2669],[152.9927,-27.2658],[152.9884,-27.266],[152.9867,-27.265],[152.9845,-27.2648],[152.9798,-27.2621],[152.9799,-27.2609],[152.977,-27.2618],[152.9753,-27.2582],[152.9764,-27.2506],[152.9727,-27.2491],[152.9721,-27.2474],[152.9605,-27.2525],[152.9623,-27.2568],[152.9597,-27.2579],[152.9588,-27.261],[152.9569,-27.2621]]]}},{"type":"Feature","properties":{"name":"Pinjarra Hills - Pullenvale","code":"304021091","centroid":[152.87854,-27.52534]},"geometry":{"type":"Polygon","coordinates":[[[152.849,-27.5276],[152.8474,-27.5274],[152.846,-27.5281],[152.8458,-27.5291],[152.848,-27.5315],[152.8472,-27.5328],[152.8523,-27.5413],[152.8529,-27.5454],[152.8491,-27.5566],[152.849,-27.5647],[152.8496,-27.5667],[152.856,-27.5652],[152.8557,-27.5641],[152.8609,-27.5649],[152.8603,-27.5583],[152.8669,-27.5593],[152.8702,-27.5589],[152.8744,-27.5563],[152.8756,-27.554],[152.8777,-27.5544],[152.8791,-27.5474],[152.8876,-27.5487],[152.8889,-27.5496],[152.8899,-27.5493],[152.8911,-27.5501],[152.8909,-27.5513],[152.892,-27.5512],[152.893,-27.5503],[152.8949,-27.553],[152.896,-27.5528],[152.8967,-27.5541],[152.8977,-27.5528],[152.8983,-27.5529],[152.8991,-27.5551],[152.9014,-27.5542],[152.903,-27.5506],[152.9039,-27.5501],[152.9027,-27.5473],[152.9031,-27.5455],[152.9041,-27.5445],[152.9075,-27.5434],[152.9222,-27.5423],[152.9257,-27.5409],[152.9268,-27.5374],[152.9274,-27.5295],[152.9259,-27.527],[152.9257,-27.5242],[152.9248,-27.5238],[152.9237,-27.5245],[152.922,-27.5245],[152.9235,-27.5213],[152.9225,-27.5211],[152.9226,-27.5201],[152.9212,-27.5199],[152.9213,-27.5191],[152.9161,-27.5183],[152.9164,-27.5168],[152.9122,-27.5152],[152.9123,-27.5139],[152.9074,-27.5131],[152.9076,-27.5125],[152.9052,-27.5118],[152.9057,-27.5094],[152.9016,-27.5088],[152.9013,-27.5078],[152.8989,-27.5068],[152.8995,-27.5033],[152.8938,-27.5024],[152.894,-27.5014],[152.89,-27.5008],[152.8902,-27.4995],[152.8885,-27.4992],[152.888,-27.4976],[152.8863,-27.4964],[152.8865,-27.4953],[152.8842,-27.4942],[152.8839,-27.4953],[152.8805,-27.4926],[152.8769,-27.4937],[152.8736,-27.4941],[152.871,-27.4933],[152.8697,-27.494],[152.8695,-27.493],[152.8662,-27.4903],[152.8633,-27.4892],[152.8592,-27.4935],[152.8573,-27.4929],[152.8565,-27.4918],[152.8533,-27.4911],[152.8504,-27.4912],[152.8483,-27.4932],[152.8467,-27.4935],[152.8447,-27.4932],[152.8427,-27.4917],[152.8378,-27.4925],[152.8401,-27.4959],[152.8421,-27.4959],[152.8428,-27.4965],[152.843,-27.499],[152.8419,-27.5016],[152.8445,-27.502],[152.8448,-27.5028],[152.8448,-27.5067],[152.8435,-27.5096],[152.8424,-27.5094],[152.8412,-27.5157],[152.8493,-27.5259],[152.849,-27.5276]]]}},{"type":"Feature","properties":{"name":"Raceview","code":"310031293","centroid":[152.77272,-27.64367]},"geometry":{"type":"Polygon","coordinates":[[[152.7631,-27.6365],[152.7598,-27.6359],[152.7558,-27.6345],[152.7553,-27.6338],[152.7544,-27.6345],[152.7557,-27.6394],[152.7568,-27.6407],[152.755,-27.6427],[152.7564,-27.6463],[152.7545,-27.6467],[152.7549,-27.6496],[152.7543,-27.6508],[152.7552,-27.6521],[152.7571,-27.6505],[152.7578,-27.6507],[152.7587,-27.6539],[152.7587,-27.6567],[152.7611,-27.6602],[152.7594,-27.6628],[152.7688,-27.6597],[152.7817,-27.652],[152.7938,-27.6419],[152.7931,-27.6414],[152.7939,-27.6412],[152.7943,-27.6401],[152.7934,-27.6393],[152.7907,-27.6385],[152.7906,-27.635],[152.7919,-27.6319],[152.7892,-27.6315],[152.7884,-27.6297],[152.7759,-27.6281],[152.775,-27.6332],[152.7639,-27.6317],[152.7631,-27.6365]]]}},{"type":"Feature","properties":{"name":"Red Hill (Qld)","code":"305041136","centroid":[153.00204,-27.45254]},"geometry":{"type":"Polygon","coordinates":[[[152.9939,-27.4488],[152.9916,-27.4489],[152.9908,-27.4536],[152.9951,-27.4538],[152.9971,-27.4546],[152.9974,-27.4559],[153.0028,-27.4566],[153.0032,-27.4559],[153.0041,-27.4561],[153.0038,-27.4567],[153.01,-27.4595],[153.012,-27.4596],[153.0125,-27.4584],[153.0148,-27.4598],[153.012,-27.4545],[153.007,-27.4538],[153.0072,-27.4524],[153.0042,-27.445],[153.002,-27.4451],[153.0005,-27.4463],[153.0008,-27.448],[153.0002,-27.4491],[152.9989,-27.4484],[152.9974,-27.4488],[152.9979,-27.4473],[152.9962,-27.4461],[152.9947,-27.4474],[152.9951,-27.4488],[152.9939,-27.4488]]]}},{"type":"Feature","properties":{"name":"Redbank Plains","code":"310041302","centroid":[152.85043,-27.65129]},"geometry":{"type":"Polygon","coordinates":[[[152.8265,-27.6455],[152.8244,-27.6455],[152.8234,-27.6517],[152.8259,-27.652],[152.8256,-27.6538],[152.8288,-27.6536],[152.8329,-27.6545],[152.8327,-27.6563],[152.8376,-27.6569],[152.8356,-27.6678],[152.8374,-27.668],[152.836,-27.6719],[152.844,-27.6737],[152.8479,-27.6776],[152.8502,-27.6755],[152.872,-27.6786],[152.8695,-27.6776],[152.8703,-27.6767],[152.8696,-27.6748],[152.8706,-27.6731],[152.8672,-27.6725],[152.8751,-27.6264],[152.8662,-27.6251],[152.8668,-27.6258],[152.8661,-27.6275],[152.8648,-27.6277],[152.8621,-27.6321],[152.861,-27.632],[152.8594,-27.6337],[152.8588,-27.6348],[152.8593,-27.6375],[152.854,-27.6367],[152.8526,-27.6436],[152.8501,-27.6411],[152.8457,-27.6401],[152.846,-27.6395],[152.8455,-27.6394],[152.8425,-27.6329],[152.8412,-27.6322],[152.8408,-27.6292],[152.8337,-27.628],[152.8311,-27.6293],[152.8281,-27.6291],[152.8218,-27.6313],[152.8211,-27.6353],[152.8268,-27.6358],[152.826,-27.6382],[152.8238,-27.6386],[152.8248,-27.6417],[152.8245,-27.6433],[152.8259,-27.6442],[152.8265,-27.6455]]]}},{"type":"Feature","properties":{"name":"Redcliffe","code":"313051379","centroid":[153.1074,-27.2269]},"geometry":{"type":"Polygon","coordinates":[[[153.0988,-27.2209],[153.0971,-27.2302],[153.098,-27.2303],[153.0969,-27.2359],[153.1132,-27.2383],[153.114,-27.2389],[153.1159,-27.2341],[153.117,-27.2333],[153.1179,-27.2336],[153.1172,-27.2302],[153.1152,-27.2273],[153.1155,-27.2232],[153.1163,-27.2205],[153.117,-27.2202],[153.1164,-27.2172],[153.1156,-27.217],[153.1157,-27.2158],[153.1113,-27.2151],[153.1103,-27.2171],[153.1077,-27.2167],[153.1081,-27.2146],[153.106,-27.2143],[153.1059,-27.2153],[153.1039,-27.215],[153.1017,-27.2179],[153.0991,-27.2194],[153.0988,-27.2209]]]}},{"type":"Feature","properties":{"name":"Redland Bay","code":"301021009","centroid":[153.29082,-27.64784]},"geometry":{"type":"Polygon","coordinates":[[[153.2594,-27.6112],[153.2571,-27.6259],[153.2578,-27.6272],[153.2625,-27.628],[153.2618,-27.6317],[153.2609,-27.6325],[153.2616,-27.6338],[153.2583,-27.6503],[153.2547,-27.6514],[153.2545,-27.6528],[153.2625,-27.654],[153.2628,-27.6561],[153.2799,-27.6584],[153.2807,-27.658],[153.2802,-27.6631],[153.2824,-27.6668],[153.2811,-27.6692],[153.2817,-27.6715],[153.2805,-27.6726],[153.2813,-27.6735],[153.281,-27.6738],[153.2827,-27.6741],[153.281,-27.6832],[153.283,-27.6835],[153.2823,-27.6871],[153.2852,-27.6866],[153.2903,-27.6877],[153.2899,-27.6886],[153.2892,-27.6879],[153.2864,-27.6878],[153.2864,-27.6886],[153.2877,-27.6889],[153.288,-27.6909],[153.2866,-27.6932],[153.2867,-27.6944],[153.2895,-27.6924],[153.2932,-27.6917],[153.2944,-27.6946],[153.2951,-27.6995],[153.3007,-27.7064],[153.3045,-27.7073],[153.3075,-27.7072],[153.3136,-27.7054],[153.3179,-27.7021],[153.3217,-27.7018],[153.3229,-27.7005],[153.323,-27.6995],[153.321,-27.6958],[153.321,-27.6922],[153.3163,-27.6825],[153.3164,-27.6804],[153.3159,-27.68],[153.3175,-27.6775],[153.3204,-27.6754],[153.3208,-27.6743],[153.3144,-27.6659],[153.3127,-27.6653],[153.3117,-27.664],[153.3107,-27.6611],[153.3095,-27.66],[153.3094,-27.6581],[153.3081,-27.6564],[153.3085,-27.6549],[153.3102,-27.6528],[153.3086,-27.6487],[153.3088,-27.6468],[153.3125,-27.6427],[153.3132,-27.6436],[153.3139,-27.6433],[153.3142,-27.6407],[153.3151,-27.6394],[153.3127,-27.6388],[153.3116,-27.6341],[153.3123,-27.6329],[153.3119,-27.6278],[153.3105,-27.6269],[153.3103,-27.6241],[153.3097,-27.6236],[153.3118,-27.6213],[153.3111,-27.6189],[153.3126,-27.618],[153.3092,-27.6161],[153.3103,-27.6154],[153.31,-27.6148],[153.3088,-27.6153],[153.3039,-27.6112],[153.303,-27.6082],[153.3039,-27.6051],[153.3016,-27.6031],[153.3023,-27.5953],[153.2985,-27.5936],[153.299,-27.5932],[153.2984,-27.5924],[153.2972,-27.5932],[153.2983,-27.5963],[153.2964,-27.5961],[153.2934,-27.5984],[153.2931,-27.5978],[153.2921,-27.5988],[153.2888,-27.5992],[153.2875,-27.6002],[153.2878,-27.6045],[153.2886,-27.6065],[153.2611,-27.602],[153.2594,-27.6112]]]}},{"type":"Feature","properties":{"name":"Regents Park - Heritage Park","code":"311031319","centroid":[153.05115,-27.67968]},"geometry":{"type":"Polygon","coordinates":[[[153.0318,-27.6717],[153.0311,-27.6741],[153.0317,-27.6866],[153.0567,-27.6903],[153.0557,-27.6954],[153.0602,-27.6961],[153.0601,-27.697],[153.0671,-27.6981],[153.0681,-27.6927],[153.0669,-27.6925],[153.071,-27.6694],[153.0679,-27.6677],[153.068,-27.6698],[153.0666,-27.6708],[153.0655,-27.6707],[153.0633,-27.6675],[153.0613,-27.6671],[153.0611,-27.6676],[153.0618,-27.6682],[153.0605,-27.6713],[153.057,-27.6747],[153.0547,-27.6736],[153.0528,-27.6709],[153.0521,-27.6672],[153.0352,-27.6644],[153.0318,-27.6717]]]}},{"type":"Feature","properties":{"name":"Ripley","code":"310031294","centroid":[152.81486,-27.69947]},"geometry":{"type":"Polygon","coordinates":[[[152.7888,-27.6464],[152.7823,-27.6516],[152.7688,-27.6597],[152.7526,-27.6646],[152.7463,-27.6649],[152.7205,-27.6609],[152.721,-27.6629],[152.7252,-27.6639],[152.7258,-27.665],[152.7235,-27.6668],[152.7211,-27.666],[152.72,-27.6667],[152.7201,-27.6682],[152.7216,-27.6697],[152.7237,-27.6691],[152.7222,-27.6737],[152.7238,-27.6748],[152.7245,-27.6738],[152.7258,-27.6744],[152.7278,-27.678],[152.7273,-27.6819],[152.7303,-27.6835],[152.7312,-27.6852],[152.7327,-27.6849],[152.733,-27.6863],[152.7317,-27.6869],[152.7304,-27.691],[152.7317,-27.6918],[152.7343,-27.6909],[152.7354,-27.6927],[152.7333,-27.6934],[152.7311,-27.6932],[152.7291,-27.6954],[152.7298,-27.6976],[152.7315,-27.6988],[152.738,-27.6998],[152.7385,-27.6897],[152.7461,-27.6891],[152.7484,-27.7089],[152.7512,-27.7086],[152.7766,-27.7123],[152.7735,-27.729],[152.7993,-27.7325],[152.7969,-27.7488],[152.7926,-27.755],[152.8046,-27.7565],[152.8043,-27.7583],[152.811,-27.759],[152.8114,-27.7549],[152.8223,-27.7564],[152.823,-27.752],[152.8282,-27.7527],[152.8293,-27.7468],[152.8346,-27.7476],[152.8339,-27.7527],[152.836,-27.7557],[152.8432,-27.7568],[152.8434,-27.7553],[152.8568,-27.7573],[152.8579,-27.7511],[152.8733,-27.7534],[152.8746,-27.7463],[152.8828,-27.7474],[152.8907,-27.7036],[152.8944,-27.7041],[152.8958,-27.6952],[152.8864,-27.6938],[152.8861,-27.6955],[152.8766,-27.6942],[152.8772,-27.6929],[152.8745,-27.6908],[152.8732,-27.6886],[152.8736,-27.6878],[152.8765,-27.6865],[152.8753,-27.6845],[152.877,-27.6832],[152.8751,-27.6832],[152.8742,-27.6815],[152.8734,-27.6834],[152.8723,-27.6834],[152.8724,-27.6824],[152.8713,-27.6806],[152.872,-27.6786],[152.8502,-27.6755],[152.8479,-27.6776],[152.844,-27.6737],[152.836,-27.6719],[152.8374,-27.668],[152.8356,-27.6678],[152.8376,-27.6569],[152.8327,-27.6563],[152.8329,-27.6545],[152.8288,-27.6536],[152.8256,-27.6538],[152.8259,-27.652],[152.8234,-27.6517],[152.8244,-27.6455],[152.8265,-27.6455],[152.8259,-27.6442],[152.8245,-27.6433],[152.8248,-27.6417],[152.8238,-27.6386],[152.826,-27.6382],[152.8268,-27.6358],[152.8211,-27.6353],[152.8138,-27.6318],[152.8084,-27.6353],[152.7975,-27.6389],[152.7888,-27.6464]]]}},{"type":"Feature","properties":{"name":"Riverhills","code":"304011083","centroid":[152.90939,-27.56194]},"geometry":{"type":"Polygon","coordinates":[[[152.9001,-27.5588],[152.8975,-27.5594],[152.8952,-27.561],[152.8968,-27.5627],[152.9022,-27.5659],[152.9018,-27.5687],[152.9029,-27.5682],[152.9044,-27.5656],[152.9063,-27.5668],[152.9092,-27.5657],[152.913,-27.5666],[152.9158,-27.5656],[152.9218,-27.5679],[152.9226,-27.5671],[152.9208,-27.5647],[152.9227,-27.5618],[152.9168,-27.561],[152.9174,-27.5578],[152.9159,-27.557],[152.9161,-27.5562],[152.9144,-27.5559],[152.9143,-27.5568],[152.9095,-27.5565],[152.9073,-27.5555],[152.9067,-27.5566],[152.905,-27.5577],[152.9001,-27.5588]]]}},{"type":"Feature","properties":{"name":"Riverview","code":"310031295","centroid":[152.84164,-27.59144]},"geometry":{"type":"Polygon","coordinates":[[[152.8385,-27.5961],[152.8371,-27.5965],[152.8369,-27.5993],[152.8431,-27.6008],[152.8413,-27.6044],[152.8415,-27.6059],[152.8409,-27.6063],[152.8405,-27.6084],[152.841,-27.6089],[152.8472,-27.6111],[152.8476,-27.6098],[152.8467,-27.6089],[152.8472,-27.6073],[152.8507,-27.6064],[152.8529,-27.6067],[152.8536,-27.6059],[152.8546,-27.6063],[152.8537,-27.6073],[152.8545,-27.6079],[152.8556,-27.6084],[152.8568,-27.6078],[152.8579,-27.6089],[152.8581,-27.6071],[152.8603,-27.6064],[152.8597,-27.6041],[152.8581,-27.603],[152.8598,-27.6006],[152.8592,-27.5995],[152.8608,-27.598],[152.8582,-27.5976],[152.8563,-27.5959],[152.8557,-27.5832],[152.8535,-27.5822],[152.8494,-27.5827],[152.8429,-27.5802],[152.8364,-27.5793],[152.8332,-27.5791],[152.831,-27.5801],[152.8296,-27.5799],[152.8284,-27.5793],[152.8266,-27.5753],[152.8254,-27.5746],[152.8242,-27.5756],[152.8236,-27.5789],[152.8228,-27.5799],[152.821,-27.5801],[152.8169,-27.5791],[152.8154,-27.5797],[152.8142,-27.5828],[152.8171,-27.5838],[152.8245,-27.5894],[152.8375,-27.592],[152.8414,-27.5959],[152.8385,-27.5961]]]}},{"type":"Feature","properties":{"name":"Robertson","code":"303041069","centroid":[153.05744,-27.56538]},"geometry":{"type":"Polygon","coordinates":[[[153.05,-27.5627],[153.0487,-27.5697],[153.0642,-27.572],[153.0661,-27.561],[153.0507,-27.5588],[153.05,-27.5627]]]}},{"type":"Feature","properties":{"name":"Rochedale - Burbank","code":"303031064","centroid":[153.14636,-27.56369]},"geometry":{"type":"Polygon","coordinates":[[[153.1069,-27.5688],[153.107,-27.5701],[153.1054,-27.5735],[153.105,-27.5767],[153.1043,-27.5775],[153.1,-27.5768],[153.1111,-27.5939],[153.122,-27.5954],[153.1233,-27.5873],[153.1402,-27.5897],[153.1425,-27.5914],[153.1474,-27.5906],[153.1557,-27.5917],[153.1599,-27.5959],[153.162,-27.5974],[153.164,-27.5978],[153.1667,-27.6007],[153.1714,-27.6034],[153.1732,-27.6061],[153.1758,-27.6067],[153.1759,-27.606],[153.1782,-27.6059],[153.1788,-27.605],[153.1775,-27.6041],[153.1761,-27.6017],[153.1743,-27.6008],[153.1731,-27.6018],[153.1721,-27.6011],[153.1716,-27.5988],[153.1732,-27.5974],[153.1744,-27.5946],[153.1741,-27.5936],[153.1722,-27.5928],[153.172,-27.5905],[153.1745,-27.5895],[153.1751,-27.5881],[153.1774,-27.5871],[153.1771,-27.5839],[153.1792,-27.5813],[153.1777,-27.5783],[153.1825,-27.5738],[153.1805,-27.5717],[153.1798,-27.5699],[153.1806,-27.5668],[153.182,-27.5646],[153.1819,-27.5623],[153.1864,-27.5605],[153.1913,-27.5609],[153.1917,-27.5588],[153.1901,-27.5567],[153.1891,-27.552],[153.1822,-27.5497],[153.1834,-27.546],[153.1833,-27.5446],[153.1823,-27.5431],[153.1829,-27.5416],[153.1804,-27.5411],[153.1781,-27.5429],[153.1743,-27.5422],[153.1735,-27.539],[153.1719,-27.5364],[153.1724,-27.535],[153.176,-27.5331],[153.1692,-27.5317],[153.169,-27.5302],[153.1671,-27.5294],[153.1659,-27.5293],[153.166,-27.5304],[153.164,-27.531],[153.142,-27.5279],[153.1408,-27.5345],[153.123,-27.532],[153.1174,-27.5406],[153.1171,-27.5482],[153.1129,-27.5542],[153.1089,-27.5615],[153.1047,-27.5609],[153.1037,-27.5623],[153.1069,-27.5688]]]}},{"type":"Feature","properties":{"name":"Rochedale South - Priestdale","code":"311061332","centroid":[153.14834,-27.60356]},"geometry":{"type":"Polygon","coordinates":[[[153.122,-27.5954],[153.1111,-27.5939],[153.1217,-27.6102],[153.1234,-27.6102],[153.1312,-27.6079],[153.1329,-27.6089],[153.1528,-27.6117],[153.1536,-27.6069],[153.1582,-27.6075],[153.1706,-27.6226],[153.1816,-27.6242],[153.1836,-27.6128],[153.1825,-27.6109],[153.1768,-27.6069],[153.1732,-27.6061],[153.1714,-27.6034],[153.1667,-27.6007],[153.164,-27.5978],[153.162,-27.5974],[153.1599,-27.5959],[153.1562,-27.5918],[153.1474,-27.5906],[153.1425,-27.5914],[153.1402,-27.5897],[153.1233,-27.5873],[153.122,-27.5954]]]}},{"type":"Feature","properties":{"name":"Rocklea - Acacia Ridge","code":"303051076","centroid":[153.01228,-27.56788]},"geometry":{"type":"Polygon","coordinates":[[[152.9899,-27.5643],[152.9899,-27.5661],[152.9909,-27.5668],[152.989,-27.5673],[152.9903,-27.5682],[152.987,-27.5683],[152.9868,-27.569],[152.9961,-27.5737],[152.9965,-27.5743],[152.9961,-27.5753],[152.9973,-27.5754],[152.9956,-27.5774],[152.996,-27.5806],[152.9996,-27.5808],[153.0011,-27.582],[153.0012,-27.5828],[153.0061,-27.5845],[153.0096,-27.5848],[153.0109,-27.5862],[153.0128,-27.5862],[153.0143,-27.5889],[153.0141,-27.5897],[153.011,-27.5895],[153.0102,-27.5905],[153.0088,-27.5907],[153.0094,-27.5921],[153.0086,-27.5926],[153.0086,-27.5945],[153.0099,-27.5961],[153.0117,-27.596],[153.0125,-27.5972],[153.0178,-27.5961],[153.0399,-27.5991],[153.0411,-27.5929],[153.0431,-27.5932],[153.0433,-27.5919],[153.0451,-27.5922],[153.0462,-27.5865],[153.0382,-27.585],[153.0399,-27.5754],[153.0376,-27.5742],[153.0247,-27.5723],[153.0232,-27.5646],[153.0208,-27.5585],[153.0222,-27.5586],[153.0248,-27.5574],[153.023,-27.5561],[153.0227,-27.5532],[153.0196,-27.5487],[153.0196,-27.5464],[153.0185,-27.5465],[153.0184,-27.5458],[153.0169,-27.5458],[153.0163,-27.5448],[153.0151,-27.5448],[153.0152,-27.5436],[153.0143,-27.5434],[153.0136,-27.542],[153.0112,-27.541],[153.0105,-27.5388],[153.0095,-27.5388],[153.0087,-27.5376],[153.009,-27.5358],[153.0059,-27.5351],[153.005,-27.5385],[153.0043,-27.5381],[153.0039,-27.5373],[153.0045,-27.5332],[153.003,-27.5325],[153.0032,-27.5313],[153.002,-27.5321],[153.0009,-27.5313],[153.0003,-27.5323],[152.9988,-27.5296],[152.9948,-27.5309],[152.993,-27.5346],[152.9895,-27.5371],[152.9886,-27.5389],[152.9887,-27.5402],[152.9905,-27.5418],[152.9934,-27.5409],[152.9947,-27.542],[152.9935,-27.5447],[152.9928,-27.5447],[152.9917,-27.5433],[152.9891,-27.5436],[152.9892,-27.5467],[152.9917,-27.5482],[152.9924,-27.5457],[152.9952,-27.5458],[152.9969,-27.5468],[152.9949,-27.548],[152.9966,-27.5496],[152.992,-27.5521],[152.9893,-27.5518],[152.9877,-27.5527],[152.986,-27.5528],[152.9866,-27.5541],[152.9844,-27.5551],[152.9865,-27.5553],[152.9862,-27.5566],[152.9856,-27.5573],[152.9842,-27.5572],[152.9842,-27.5584],[152.9825,-27.5583],[152.9849,-27.5597],[152.9839,-27.5605],[152.9842,-27.5611],[152.9855,-27.5617],[152.987,-27.5614],[152.9866,-27.5619],[152.9878,-27.5631],[152.9861,-27.5638],[152.9882,-27.5641],[152.9889,-27.5626],[152.9899,-27.5643]]]}},{"type":"Feature","properties":{"name":"Rosewood","code":"310021282","centroid":[152.5792,-27.68158]},"geometry":{"type":"Polygon","coordinates":[[[152.48,-27.6179],[152.4759,-27.6229],[152.4751,-27.6252],[152.4726,-27.6269],[152.47,-27.6348],[152.4699,-27.6382],[152.469,-27.6384],[152.4655,-27.6425],[152.4636,-27.6434],[152.4637,-27.6449],[152.4649,-27.6462],[152.4653,-27.6485],[152.4651,-27.6493],[152.4637,-27.65],[152.4627,-27.6543],[152.4593,-27.6538],[152.4579,-27.6628],[152.4564,-27.6625],[152.4547,-27.6609],[152.4541,-27.6573],[152.4513,-27.6534],[152.4497,-27.6535],[152.4494,-27.6554],[152.4481,-27.656],[152.4453,-27.6542],[152.4416,-27.6536],[152.4406,-27.6521],[152.4407,-27.6505],[152.4398,-27.6499],[152.4388,-27.6501],[152.437,-27.6518],[152.4347,-27.6506],[152.4325,-27.6517],[152.4306,-27.6518],[152.4304,-27.653],[152.432,-27.6539],[152.4332,-27.6556],[152.4327,-27.6565],[152.4309,-27.6568],[152.4227,-27.6544],[152.4208,-27.6522],[152.4204,-27.6553],[152.4184,-27.6579],[152.4133,-27.6574],[152.4126,-27.6614],[152.4166,-27.662],[152.4165,-27.6629],[152.4226,-27.6637],[152.4179,-27.6708],[152.4174,-27.6737],[152.4162,-27.6751],[152.4121,-27.6771],[152.4112,-27.6814],[152.4052,-27.6836],[152.403,-27.685],[152.3955,-27.6869],[152.3916,-27.6908],[152.3918,-27.694],[152.3906,-27.6978],[152.4135,-27.7009],[152.4123,-27.7082],[152.4091,-27.7078],[152.4068,-27.7203],[152.4101,-27.7208],[152.4051,-27.7491],[152.4035,-27.7489],[152.4029,-27.7519],[152.3973,-27.7511],[152.3954,-27.761],[152.3919,-27.7569],[152.3892,-27.7698],[152.3954,-27.7819],[152.4027,-27.7895],[152.4037,-27.7896],[152.4026,-27.7953],[152.4088,-27.7961],[152.4071,-27.8055],[152.3858,-27.803],[152.3856,-27.804],[152.3834,-27.8037],[152.3828,-27.8072],[152.3852,-27.8076],[152.385,-27.8086],[152.3933,-27.8097],[152.392,-27.8177],[152.3987,-27.8186],[152.3995,-27.8201],[152.4007,-27.8248],[152.3993,-27.8274],[152.3949,-27.8309],[152.3948,-27.8342],[152.3961,-27.8372],[152.3984,-27.8401],[152.399,-27.8446],[152.3998,-27.8447],[152.3994,-27.8473],[152.4013,-27.8513],[152.4009,-27.8567],[152.4026,-27.8608],[152.4024,-27.8637],[152.4193,-27.8655],[152.4209,-27.8566],[152.4255,-27.8572],[152.4285,-27.8405],[152.4363,-27.8416],[152.4359,-27.8437],[152.4434,-27.8448],[152.4512,-27.802],[152.4599,-27.8032],[152.4623,-27.8026],[152.4639,-27.7938],[152.4672,-27.7892],[152.4666,-27.7878],[152.4674,-27.7831],[152.4812,-27.7851],[152.4819,-27.7817],[152.4945,-27.7834],[152.499,-27.7583],[152.5193,-27.7612],[152.5237,-27.7363],[152.523,-27.7269],[152.525,-27.7211],[152.5296,-27.7169],[152.5295,-27.7176],[152.5421,-27.7194],[152.5421,-27.7183],[152.5618,-27.721],[152.5619,-27.7165],[152.5807,-27.7191],[152.5798,-27.7236],[152.5982,-27.7263],[152.5986,-27.7239],[152.6058,-27.725],[152.6046,-27.7313],[152.6087,-27.7316],[152.6076,-27.7371],[152.6382,-27.7416],[152.6391,-27.7366],[152.656,-27.7383],[152.6554,-27.7414],[152.6686,-27.7433],[152.6675,-27.75],[152.6843,-27.7525],[152.684,-27.7514],[152.6862,-27.7506],[152.6857,-27.748],[152.6864,-27.7469],[152.7044,-27.7496],[152.7075,-27.7568],[152.7075,-27.7583],[152.7375,-27.7635],[152.7377,-27.7644],[152.7578,-27.7673],[152.7627,-27.7729],[152.7607,-27.7853],[152.7849,-27.7888],[152.7864,-27.7915],[152.7876,-27.7913],[152.7914,-27.7944],[152.7932,-27.7931],[152.7969,-27.7942],[152.7982,-27.7934],[152.8009,-27.794],[152.8026,-27.7932],[152.8055,-27.7938],[152.8076,-27.7919],[152.8106,-27.792],[152.8109,-27.7905],[152.8089,-27.79],[152.8095,-27.7865],[152.8033,-27.7856],[152.8048,-27.7764],[152.8041,-27.7763],[152.8056,-27.7681],[152.8065,-27.7683],[152.808,-27.7588],[152.8043,-27.7583],[152.8046,-27.7565],[152.7925,-27.7549],[152.7969,-27.7488],[152.7993,-27.7325],[152.7735,-27.729],[152.7766,-27.7123],[152.7512,-27.7086],[152.7484,-27.7089],[152.7461,-27.6891],[152.7385,-27.6897],[152.738,-27.6998],[152.7315,-27.6988],[152.7298,-27.6976],[152.7291,-27.6954],[152.7311,-27.6932],[152.7333,-27.6934],[152.7354,-27.6927],[152.7343,-27.6909],[152.7317,-27.6918],[152.7303,-27.6908],[152.7319,-27.6865],[152.733,-27.6863],[152.7327,-27.6849],[152.7312,-27.6852],[152.7303,-27.6835],[152.7273,-27.6819],[152.7278,-27.678],[152.7267,-27.6769],[152.7267,-27.6755],[152.7249,-27.6739],[152.7242,-27.6739],[152.7238,-27.6748],[152.7221,-27.6734],[152.7227,-27.6729],[152.7237,-27.6691],[152.7216,-27.6697],[152.7199,-27.6677],[152.7206,-27.6661],[152.7235,-27.6668],[152.7253,-27.6659],[152.7258,-27.6649],[152.7252,-27.6639],[152.721,-27.6629],[152.7203,-27.6601],[152.7194,-27.6594],[152.7206,-27.6584],[152.7221,-27.6587],[152.7221,-27.6597],[152.7229,-27.6597],[152.7232,-27.6577],[152.7239,-27.6571],[152.723,-27.6545],[152.7262,-27.6552],[152.727,-27.6523],[152.7279,-27.6522],[152.7293,-27.6506],[152.731,-27.6503],[152.731,-27.6479],[152.7302,-27.6473],[152.7309,-27.6465],[152.7307,-27.6441],[152.7293,-27.6404],[152.7276,-27.6397],[152.7262,-27.6405],[152.7243,-27.6404],[152.7243,-27.6386],[152.726,-27.6369],[152.7295,-27.6371],[152.7316,-27.6354],[152.729,-27.6349],[152.7284,-27.634],[152.7285,-27.6325],[152.7271,-27.6307],[152.7268,-27.6278],[152.7254,-27.6276],[152.7214,-27.6294],[152.7204,-27.6287],[152.7197,-27.6271],[152.7182,-27.6265],[152.7175,-27.6254],[152.7182,-27.6242],[152.7144,-27.6168],[152.709,-27.6148],[152.7083,-27.6137],[152.7061,-27.6129],[152.703,-27.6088],[152.7031,-27.6074],[152.6997,-27.6039],[152.6963,-27.6035],[152.6937,-27.6024],[152.6908,-27.6033],[152.6879,-27.6055],[152.6853,-27.6063],[152.687,-27.5965],[152.6827,-27.5981],[152.6889,-27.5813],[152.688,-27.5784],[152.6986,-27.5759],[152.6976,-27.5726],[152.6915,-27.566],[152.6902,-27.5586],[152.689,-27.5558],[152.6767,-27.5349],[152.6702,-27.5393],[152.6663,-27.5348],[152.6629,-27.537],[152.6593,-27.5325],[152.6547,-27.5355],[152.6523,-27.5325],[152.6513,-27.533],[152.6481,-27.5509],[152.621,-27.5471],[152.6179,-27.546],[152.6171,-27.5496],[152.6045,-27.5477],[152.6036,-27.5497],[152.6015,-27.5496],[152.6022,-27.5516],[152.6034,-27.552],[152.6031,-27.5537],[152.6013,-27.553],[152.6016,-27.5525],[152.6002,-27.5514],[152.598,-27.5519],[152.5974,-27.5548],[152.5936,-27.5543],[152.5885,-27.5523],[152.5893,-27.5484],[152.5703,-27.5451],[152.5688,-27.5542],[152.5643,-27.5536],[152.5636,-27.5574],[152.5675,-27.5579],[152.5659,-27.5661],[152.5646,-27.5693],[152.5624,-27.5693],[152.5607,-27.5684],[152.557,-27.5693],[152.5547,-27.569],[152.5543,-27.5707],[152.5454,-27.5695],[152.5453,-27.5705],[152.5138,-27.5663],[152.5125,-27.5744],[152.5093,-27.5725],[152.5078,-27.5811],[152.5031,-27.5803],[152.497,-27.583],[152.5044,-27.5959],[152.488,-27.6033],[152.4885,-27.6045],[152.4861,-27.6059],[152.4875,-27.6063],[152.4875,-27.6068],[152.4849,-27.6105],[152.4818,-27.6124],[152.48,-27.6179]]]}},{"type":"Feature","properties":{"name":"Rothwell - Kippa-Ring","code":"313051380","centroid":[153.06461,-27.21604]},"geometry":{"type":"Polygon","coordinates":[[[153.0878,-27.2184],[153.0875,-27.219],[153.0759,-27.217],[153.0761,-27.2154],[153.072,-27.2149],[153.0734,-27.2071],[153.0745,-27.2069],[153.0748,-27.2078],[153.076,-27.2074],[153.074,-27.2016],[153.0706,-27.201],[153.0655,-27.1987],[153.0599,-27.198],[153.0482,-27.1941],[153.0467,-27.1943],[153.0447,-27.1958],[153.0424,-27.2084],[153.0412,-27.2074],[153.0344,-27.2067],[153.0326,-27.2066],[153.0321,-27.2076],[153.0326,-27.2082],[153.0342,-27.2083],[153.0335,-27.2114],[153.0338,-27.2129],[153.0323,-27.2149],[153.0353,-27.214],[153.0361,-27.2147],[153.0344,-27.2172],[153.0332,-27.2172],[153.0332,-27.2184],[153.0345,-27.219],[153.0367,-27.2185],[153.0383,-27.2195],[153.0389,-27.2205],[153.037,-27.2216],[153.0372,-27.2225],[153.0393,-27.2216],[153.0412,-27.2216],[153.0424,-27.2197],[153.0422,-27.2184],[153.0405,-27.2168],[153.0421,-27.2164],[153.0433,-27.217],[153.0441,-27.2185],[153.0424,-27.2207],[153.0422,-27.2219],[153.0438,-27.2252],[153.0452,-27.2258],[153.0448,-27.2273],[153.0456,-27.2282],[153.0476,-27.2283],[153.0493,-27.2276],[153.0518,-27.2285],[153.0528,-27.2266],[153.0512,-27.2245],[153.0515,-27.2235],[153.0547,-27.2237],[153.0596,-27.2221],[153.0607,-27.2226],[153.0616,-27.2249],[153.0601,-27.2276],[153.0585,-27.2286],[153.0592,-27.2298],[153.0642,-27.2289],[153.0678,-27.2291],[153.07,-27.2262],[153.0757,-27.228],[153.0767,-27.2316],[153.0764,-27.2329],[153.0969,-27.2359],[153.098,-27.2303],[153.0971,-27.2302],[153.0993,-27.2174],[153.088,-27.2157],[153.0878,-27.2184]]]}},{"type":"Feature","properties":{"name":"Runcorn","code":"303061078","centroid":[153.07683,-27.59825]},"geometry":{"type":"Polygon","coordinates":[[[153.0667,-27.591],[153.0649,-27.5901],[153.0653,-27.5937],[153.062,-27.6115],[153.0663,-27.6111],[153.0782,-27.6133],[153.0799,-27.6054],[153.0819,-27.6056],[153.0832,-27.6045],[153.0843,-27.6046],[153.0844,-27.6039],[153.0858,-27.6041],[153.0875,-27.6025],[153.0909,-27.6006],[153.0934,-27.6017],[153.095,-27.6005],[153.095,-27.598],[153.0962,-27.5956],[153.096,-27.5918],[153.0849,-27.5902],[153.0853,-27.5883],[153.0726,-27.5864],[153.0736,-27.5816],[153.0718,-27.5825],[153.0688,-27.5827],[153.0685,-27.5866],[153.066,-27.5865],[153.0667,-27.591]]]}},{"type":"Feature","properties":{"name":"Salisbury - Nathan","code":"303041070","centroid":[153.04428,-27.54886]},"geometry":{"type":"Polygon","coordinates":[[[153.0203,-27.5496],[153.0227,-27.5532],[153.023,-27.5561],[153.0248,-27.5574],[153.0382,-27.5594],[153.0403,-27.559],[153.0406,-27.5573],[153.0661,-27.561],[153.068,-27.5513],[153.0613,-27.5437],[153.0589,-27.5382],[153.0529,-27.5371],[153.0481,-27.5387],[153.0448,-27.5382],[153.0442,-27.5359],[153.0356,-27.5346],[153.0342,-27.5417],[153.0245,-27.5403],[153.0239,-27.5439],[153.0207,-27.5435],[153.0195,-27.5469],[153.0203,-27.5496]]]}},{"type":"Feature","properties":{"name":"Samford Valley","code":"314011387","centroid":[152.838,-27.35725]},"geometry":{"type":"Polygon","coordinates":[[[152.8646,-27.3067],[152.8638,-27.3129],[152.8616,-27.3126],[152.8592,-27.3143],[152.8582,-27.3138],[152.8567,-27.318],[152.8542,-27.3202],[152.8527,-27.3206],[152.8514,-27.3195],[152.8488,-27.3191],[152.8477,-27.3181],[152.8456,-27.3176],[152.8412,-27.3191],[152.8388,-27.3188],[152.8353,-27.3201],[152.8305,-27.3193],[152.8293,-27.327],[152.8237,-27.326],[152.8229,-27.3243],[152.8201,-27.3227],[152.8188,-27.3232],[152.8159,-27.3225],[152.8119,-27.3236],[152.8113,-27.3227],[152.8091,-27.3216],[152.8082,-27.3199],[152.8065,-27.32],[152.8099,-27.3005],[152.7781,-27.2964],[152.7702,-27.3012],[152.7678,-27.2959],[152.7667,-27.295],[152.7612,-27.2951],[152.7596,-27.2956],[152.7577,-27.2956],[152.7557,-27.2946],[152.7536,-27.295],[152.7532,-27.297],[152.7568,-27.3007],[152.7565,-27.3072],[152.7556,-27.3079],[152.7563,-27.3087],[152.756,-27.3098],[152.7542,-27.3104],[152.7539,-27.3113],[152.7521,-27.3115],[152.7511,-27.3125],[152.7491,-27.3132],[152.7486,-27.3169],[152.7472,-27.3171],[152.7492,-27.3198],[152.7505,-27.3204],[152.7488,-27.3323],[152.7547,-27.3331],[152.7557,-27.3282],[152.7595,-27.3303],[152.7623,-27.334],[152.7645,-27.3355],[152.766,-27.3356],[152.7675,-27.3349],[152.7697,-27.3405],[152.7719,-27.3432],[152.772,-27.346],[152.7709,-27.3479],[152.772,-27.3497],[152.7695,-27.3511],[152.7679,-27.3508],[152.7667,-27.3514],[152.7656,-27.353],[152.7629,-27.3546],[152.7621,-27.3562],[152.7626,-27.3583],[152.7623,-27.3599],[152.76,-27.3639],[152.7606,-27.3653],[152.7629,-27.3673],[152.762,-27.3711],[152.7665,-27.377],[152.7675,-27.3768],[152.7697,-27.3789],[152.7729,-27.3791],[152.7724,-27.383],[152.7745,-27.3875],[152.7751,-27.3874],[152.7764,-27.3887],[152.7756,-27.3891],[152.7744,-27.393],[152.7751,-27.3984],[152.7746,-27.401],[152.7756,-27.4017],[152.7987,-27.4051],[152.7997,-27.4001],[152.8016,-27.3988],[152.8021,-27.3987],[152.8027,-27.3999],[152.8061,-27.401],[152.8125,-27.4014],[152.8142,-27.4021],[152.8154,-27.4053],[152.8208,-27.4107],[152.8257,-27.4123],[152.8276,-27.4147],[152.8312,-27.417],[152.8368,-27.4189],[152.8428,-27.4177],[152.8441,-27.418],[152.8452,-27.4192],[152.8472,-27.4196],[152.8493,-27.4219],[152.8517,-27.4219],[152.853,-27.4206],[152.8583,-27.421],[152.8611,-27.4224],[152.8626,-27.422],[152.8631,-27.4177],[152.8648,-27.4179],[152.8721,-27.4131],[152.8727,-27.4138],[152.8972,-27.4173],[152.8993,-27.4036],[152.9004,-27.4037],[152.9027,-27.3906],[152.9042,-27.3899],[152.9048,-27.387],[152.9033,-27.3839],[152.8995,-27.3819],[152.9004,-27.3815],[152.9048,-27.3825],[152.907,-27.3798],[152.907,-27.3774],[152.9101,-27.3725],[152.9143,-27.37],[152.9147,-27.3691],[152.9173,-27.3683],[152.9197,-27.3649],[152.9235,-27.3637],[152.925,-27.3638],[152.9288,-27.3612],[152.9271,-27.3592],[152.9264,-27.3568],[152.9263,-27.3509],[152.9253,-27.3508],[152.9249,-27.35],[152.9262,-27.3481],[152.9266,-27.3459],[152.9259,-27.3448],[152.9246,-27.3446],[152.9222,-27.3482],[152.9208,-27.3481],[152.9171,-27.3461],[152.9173,-27.3476],[152.9156,-27.3485],[152.9148,-27.3483],[152.9144,-27.3459],[152.9113,-27.3449],[152.911,-27.3434],[152.9124,-27.3424],[152.9136,-27.34],[152.9109,-27.3391],[152.9122,-27.3385],[152.915,-27.3385],[152.9153,-27.3365],[152.9168,-27.335],[152.9172,-27.333],[152.9167,-27.3315],[152.9154,-27.3305],[152.9148,-27.3282],[152.9126,-27.3259],[152.9123,-27.3233],[152.9104,-27.3232],[152.9073,-27.3217],[152.9066,-27.3196],[152.9039,-27.3183],[152.9034,-27.317],[152.9017,-27.3162],[152.9018,-27.314],[152.9012,-27.3127],[152.9005,-27.3119],[152.8988,-27.3118],[152.8984,-27.3108],[152.8969,-27.3101],[152.8957,-27.3054],[152.8936,-27.3034],[152.892,-27.3026],[152.8881,-27.3022],[152.8864,-27.304],[152.8861,-27.3055],[152.8821,-27.3046],[152.8794,-27.3025],[152.8771,-27.3026],[152.8764,-27.3015],[152.8712,-27.2977],[152.8701,-27.2974],[152.8679,-27.2936],[152.8667,-27.2941],[152.8646,-27.3067]]]}},{"type":"Feature","properties":{"name":"Sandgate - Shorncliffe","code":"302041044","centroid":[153.06833,-27.32046]},"geometry":{"type":"Polygon","coordinates":[[[153.0586,-27.32],[153.0659,-27.321],[153.0651,-27.3241],[153.0662,-27.3227],[153.0691,-27.3234],[153.0691,-27.3253],[153.071,-27.3265],[153.0711,-27.3283],[153.0777,-27.3324],[153.0786,-27.3346],[153.0796,-27.3352],[153.0818,-27.3346],[153.084,-27.3313],[153.0829,-27.3306],[153.0834,-27.3302],[153.0875,-27.3294],[153.0882,-27.3288],[153.0868,-27.3253],[153.0846,-27.3235],[153.0843,-27.3226],[153.0826,-27.3219],[153.081,-27.3223],[153.0784,-27.3219],[153.0754,-27.3206],[153.0736,-27.3189],[153.0696,-27.314],[153.07,-27.3123],[153.0681,-27.3111],[153.0666,-27.3072],[153.064,-27.3077],[153.0618,-27.3098],[153.0606,-27.3096],[153.0604,-27.3105],[153.0583,-27.3119],[153.0586,-27.3139],[153.0492,-27.3116],[153.0465,-27.3119],[153.0504,-27.3207],[153.0527,-27.321],[153.0553,-27.3205],[153.0553,-27.3195],[153.0586,-27.32]]]}},{"type":"Feature","properties":{"name":"Scarborough - Newport","code":"313051575","centroid":[153.09777,-27.20752]},"geometry":{"type":"Polygon","coordinates":[[[153.0967,-27.2027],[153.0926,-27.2041],[153.0887,-27.2028],[153.0887,-27.2052],[153.0893,-27.2062],[153.0845,-27.2051],[153.0806,-27.202],[153.0772,-27.2013],[153.074,-27.2016],[153.076,-27.2074],[153.0748,-27.2078],[153.0745,-27.2069],[153.0734,-27.2071],[153.072,-27.2149],[153.0761,-27.2154],[153.0759,-27.217],[153.0875,-27.219],[153.0878,-27.2157],[153.099,-27.2173],[153.0991,-27.2194],[153.1017,-27.2179],[153.1039,-27.215],[153.1059,-27.2153],[153.106,-27.2143],[153.1081,-27.2146],[153.1077,-27.2167],[153.1103,-27.2171],[153.1113,-27.2151],[153.1157,-27.2158],[153.1156,-27.217],[153.1164,-27.2172],[153.1174,-27.2143],[153.119,-27.2124],[153.1195,-27.2125],[153.1179,-27.2116],[153.1164,-27.2092],[153.1163,-27.2069],[153.1171,-27.2065],[153.1165,-27.2058],[153.1171,-27.2043],[153.1158,-27.203],[153.1155,-27.2012],[153.1167,-27.1983],[153.1158,-27.197],[153.1148,-27.1914],[153.1134,-27.1906],[153.1124,-27.1904],[153.1112,-27.1916],[153.1063,-27.1909],[153.1046,-27.1915],[153.1035,-27.194],[153.1047,-27.1976],[153.1029,-27.1998],[153.0967,-27.2027]]]}},{"type":"Feature","properties":{"name":"Seventeen Mile Rocks - Sinnamon Park","code":"304011084","centroid":[152.9521,-27.5458]},"geometry":{"type":"Polygon","coordinates":[[[152.9463,-27.5322],[152.9465,-27.5378],[152.9419,-27.546],[152.94,-27.5591],[152.9426,-27.5592],[152.9481,-27.5581],[152.9526,-27.5583],[152.9545,-27.5568],[152.9587,-27.5562],[152.9594,-27.5531],[152.9598,-27.554],[152.962,-27.5553],[152.9629,-27.5506],[152.965,-27.5486],[152.9653,-27.5442],[152.9637,-27.5437],[152.9618,-27.5414],[152.9601,-27.5367],[152.9529,-27.5305],[152.9468,-27.5284],[152.9463,-27.5322]]]}},{"type":"Feature","properties":{"name":"Shailer Park","code":"311051327","centroid":[153.17755,-27.64977]},"geometry":{"type":"Polygon","coordinates":[[[153.1626,-27.6409],[153.1622,-27.6419],[153.1641,-27.6425],[153.1634,-27.6464],[153.1582,-27.6478],[153.1572,-27.6494],[153.1656,-27.6565],[153.1708,-27.6623],[153.183,-27.6638],[153.1891,-27.6671],[153.1936,-27.6416],[153.1875,-27.6407],[153.1876,-27.6398],[153.1832,-27.6383],[153.1832,-27.6365],[153.184,-27.6355],[153.1836,-27.6347],[153.1808,-27.634],[153.177,-27.6348],[153.1738,-27.6343],[153.1731,-27.6387],[153.166,-27.6377],[153.1626,-27.6409]]]}},{"type":"Feature","properties":{"name":"Sheldon - Mount Cotton","code":"301021011","centroid":[153.21687,-27.60769]},"geometry":{"type":"Polygon","coordinates":[[[153.1807,-27.6093],[153.1825,-27.6109],[153.1836,-27.6128],[153.1816,-27.6242],[153.1757,-27.6234],[153.1738,-27.6343],[153.177,-27.6348],[153.1808,-27.634],[153.1836,-27.6347],[153.184,-27.6355],[153.1832,-27.6365],[153.1832,-27.6383],[153.1876,-27.6398],[153.1875,-27.6407],[153.1936,-27.6416],[153.1939,-27.6395],[153.207,-27.6412],[153.2061,-27.6439],[153.2085,-27.6452],[153.2391,-27.6493],[153.239,-27.6474],[153.2549,-27.6496],[153.2547,-27.6514],[153.2583,-27.6503],[153.2616,-27.6338],[153.2609,-27.6325],[153.2618,-27.6317],[153.2625,-27.628],[153.2578,-27.6272],[153.2569,-27.625],[153.2611,-27.602],[153.2584,-27.6016],[153.2593,-27.6],[153.2599,-27.597],[153.2592,-27.5926],[153.2556,-27.5885],[153.2557,-27.5867],[153.2545,-27.5867],[153.2525,-27.5885],[153.249,-27.5866],[153.2489,-27.586],[153.2469,-27.5854],[153.2464,-27.5859],[153.245,-27.5854],[153.2439,-27.5865],[153.2434,-27.5881],[153.2421,-27.5876],[153.24,-27.588],[153.2388,-27.5874],[153.236,-27.5873],[153.2357,-27.5865],[153.2346,-27.5862],[153.2329,-27.5874],[153.2308,-27.5877],[153.2294,-27.5899],[153.2287,-27.59],[153.2286,-27.5888],[153.2312,-27.5853],[153.2307,-27.5828],[153.2321,-27.5802],[153.233,-27.576],[153.2344,-27.5729],[153.2356,-27.5656],[153.2291,-27.565],[153.2232,-27.5675],[153.2147,-27.5684],[153.2126,-27.5679],[153.2081,-27.5643],[153.2004,-27.563],[153.1948,-27.5598],[153.1918,-27.5597],[153.1909,-27.561],[153.1864,-27.5605],[153.1819,-27.5623],[153.182,-27.5646],[153.1806,-27.5668],[153.1798,-27.5699],[153.1805,-27.5717],[153.1825,-27.5738],[153.1777,-27.5783],[153.1792,-27.5813],[153.1771,-27.5839],[153.1774,-27.5871],[153.1751,-27.5881],[153.1745,-27.5895],[153.172,-27.5905],[153.1722,-27.5928],[153.1741,-27.5936],[153.1744,-27.5946],[153.1732,-27.5974],[153.1715,-27.5992],[153.1725,-27.6016],[153.1731,-27.6018],[153.1739,-27.6008],[153.1748,-27.6009],[153.1765,-27.6021],[153.1775,-27.6041],[153.1787,-27.6049],[153.1782,-27.6059],[153.1765,-27.6057],[153.1756,-27.6061],[153.1758,-27.6067],[153.1807,-27.6093]]]}},{"type":"Feature","properties":{"name":"Sherwood","code":"304031095","centroid":[152.98117,-27.53052]},"geometry":{"type":"Polygon","coordinates":[[[152.973,-27.5267],[152.973,-27.5282],[152.9714,-27.5325],[152.9723,-27.5358],[152.9814,-27.5372],[152.9893,-27.5334],[152.9933,-27.5341],[152.994,-27.5328],[152.9935,-27.5313],[152.9912,-27.5298],[152.99,-27.5283],[152.9908,-27.5263],[152.9712,-27.5235],[152.973,-27.5267]]]}},{"type":"Feature","properties":{"name":"Slacks Creek","code":"311061333","centroid":[153.1336,-27.64104]},"geometry":{"type":"Polygon","coordinates":[[[153.1175,-27.6263],[153.1185,-27.6285],[153.119,-27.6347],[153.1183,-27.65],[153.1457,-27.6541],[153.1453,-27.655],[153.146,-27.6546],[153.1462,-27.6531],[153.1465,-27.6537],[153.1487,-27.6537],[153.1481,-27.6548],[153.1484,-27.6554],[153.1506,-27.6563],[153.1556,-27.6545],[153.1577,-27.6547],[153.1577,-27.6555],[153.1558,-27.656],[153.1554,-27.6568],[153.1565,-27.6581],[153.1585,-27.6573],[153.1596,-27.6602],[153.1574,-27.6598],[153.1569,-27.6605],[153.1592,-27.6623],[153.1602,-27.6614],[153.161,-27.6589],[153.1631,-27.6587],[153.1635,-27.6553],[153.1641,-27.6552],[153.1566,-27.649],[153.149,-27.6462],[153.1417,-27.6412],[153.1322,-27.6326],[153.1259,-27.6191],[153.1239,-27.616],[153.1212,-27.6144],[153.1198,-27.6169],[153.1191,-27.6198],[153.1174,-27.6206],[153.1158,-27.6204],[153.1162,-27.6232],[153.1175,-27.6263]]]}},{"type":"Feature","properties":{"name":"South Brisbane","code":"305011110","centroid":[153.01988,-27.47911]},"geometry":{"type":"Polygon","coordinates":[[[153.0127,-27.4772],[153.0156,-27.4815],[153.0188,-27.482],[153.0196,-27.483],[153.0197,-27.4849],[153.0233,-27.4854],[153.0232,-27.4862],[153.0252,-27.4898],[153.0272,-27.49],[153.0288,-27.4876],[153.029,-27.4856],[153.0319,-27.4859],[153.0302,-27.4821],[153.0271,-27.4818],[153.0248,-27.4799],[153.0185,-27.4709],[153.0169,-27.4695],[153.0131,-27.4705],[153.0079,-27.4741],[153.0108,-27.477],[153.0127,-27.4772]]]}},{"type":"Feature","properties":{"name":"Southern Moreton Bay Islands","code":"301021551","centroid":[153.36368,-27.65092]},"geometry":{"type":"MultiPolygon","coordinates":[[[[153.4029,-27.6407],[153.4033,-27.642],[153.4014,-27.6447],[153.3987,-27.6455],[153.395,-27.6453],[153.3943,-27.6444],[153.3935,-27.6446],[153.3908,-27.6413],[153.3893,-27.6427],[153.3898,-27.646],[153.3867,-27.647],[153.3812,-27.6458],[153.3763,-27.6466],[153.3744,-27.6459],[153.371,-27.6461],[153.368,-27.6482],[153.365,-27.6527],[153.366,-27.6624],[153.3658,-27.6699],[153.3664,-27.6711],[153.3674,-27.6721],[153.3689,-27.6719],[153.3725,-27.6685],[153.3735,-27.6685],[153.3771,-27.671],[153.3786,-27.6744],[153.3778,-27.6772],[153.3752,-27.6791],[153.3733,-27.6815],[153.3738,-27.685],[153.3732,-27.6865],[153.3723,-27.6861],[153.3691,-27.6886],[153.3662,-27.6931],[153.3654,-27.6961],[153.367,-27.7003],[153.3688,-27.7005],[153.3678,-27.7009],[153.369,-27.7031],[153.3717,-27.7041],[153.3748,-27.7069],[153.3789,-27.7075],[153.3849,-27.7093],[153.3904,-27.7044],[153.3914,-27.7005],[153.3934,-27.6971],[153.3941,-27.6965],[153.3968,-27.6972],[153.3975,-27.6969],[153.3975,-27.6954],[153.3951,-27.6923],[153.3931,-27.685],[153.393,-27.6772],[153.3936,-27.6731],[153.3928,-27.6687],[153.3924,-27.6679],[153.3909,-27.6675],[153.3906,-27.6659],[153.391,-27.6675],[153.3926,-27.6679],[153.3923,-27.6662],[153.3915,-27.6635],[153.3906,-27.6631],[153.3883,-27.6586],[153.3883,-27.6574],[153.39,-27.6552],[153.3917,-27.6551],[153.3968,-27.653],[153.3977,-27.6496],[153.4005,-27.649],[153.4027,-27.6471],[153.4045,-27.6434],[153.4058,-27.6423],[153.4098,-27.6419],[153.4111,-27.6434],[153.4159,-27.6418],[153.4142,-27.6407],[153.4101,-27.6402],[153.4059,-27.6379],[153.403,-27.6375],[153.4026,-27.6361],[153.4041,-27.6348],[153.4032,-27.6342],[153.4019,-27.6345],[153.4008,-27.6359],[153.4017,-27.6367],[153.4012,-27.6378],[153.403,-27.6382],[153.4029,-27.6407]]],[[[153.3194,-27.6815],[153.3214,-27.6903],[153.3223,-27.6918],[153.3262,-27.6928],[153.3275,-27.6949],[153.3325,-27.6943],[153.3393,-27.695],[153.3399,-27.6904],[153.339,-27.6877],[153.3334,-27.6819],[153.3254,-27.6771],[153.3199,-27.6798],[153.3194,-27.6815]]],[[[153.3235,-27.61],[153.3238,-27.6107],[153.325,-27.6097],[153.3256,-27.6079],[153.3254,-27.6058],[153.3246,-27.6061],[153.3235,-27.61]]],[[[153.3554,-27.6606],[153.356,-27.6518],[153.3556,-27.6501],[153.3539,-27.6492],[153.353,-27.6501],[153.3532,-27.6539],[153.3514,-27.6574],[153.3534,-27.6672],[153.3516,-27.6747],[153.3498,-27.6777],[153.3496,-27.681],[153.3507,-27.6848],[153.3525,-27.6861],[153.3559,-27.6872],[153.3605,-27.6863],[153.3618,-27.684],[153.3583,-27.676],[153.3577,-27.6717],[153.3557,-27.6669],[153.3554,-27.6606]]],[[[153.3949,-27.6622],[153.3958,-27.6635],[153.3985,-27.6587],[153.4008,-27.6564],[153.4026,-27.6561],[153.4055,-27.6568],[153.4087,-27.655],[153.4108,-27.6501],[153.4082,-27.6503],[153.4021,-27.6522],[153.3959,-27.6589],[153.3949,-27.6622]]],[[[153.3827,-27.6193],[153.3831,-27.6208],[153.3814,-27.6217],[153.3783,-27.6216],[153.3778,-27.6214],[153.3782,-27.621],[153.375,-27.6211],[153.3742,-27.6217],[153.3724,-27.6308],[153.3757,-27.6302],[153.3783,-27.6319],[153.3834,-27.6278],[153.3862,-27.628],[153.3862,-27.6268],[153.3854,-27.6264],[153.3856,-27.6236],[153.3871,-27.6222],[153.3885,-27.622],[153.3904,-27.6199],[153.3888,-27.6207],[153.3877,-27.6195],[153.3858,-27.6188],[153.3856,-27.6175],[153.3845,-27.6163],[153.3834,-27.6175],[153.383,-27.6159],[153.3827,-27.6193]]],[[[153.3361,-27.6202],[153.3373,-27.6209],[153.3409,-27.617],[153.3402,-27.6138],[153.341,-27.6126],[153.341,-27.6099],[153.3401,-27.6097],[153.3384,-27.611],[153.3386,-27.6102],[153.3376,-27.6097],[153.3411,-27.6086],[153.3413,-27.6042],[153.3394,-27.6042],[153.3376,-27.6064],[153.3369,-27.6062],[153.336,-27.6076],[153.336,-27.6093],[153.3354,-27.6093],[153.3353,-27.6116],[153.336,-27.6124],[153.3334,-27.6143],[153.3336,-27.6156],[153.3359,-27.618],[153.3361,-27.6202]]],[[[153.3268,-27.5675],[153.3273,-27.5687],[153.3265,-27.5703],[153.3235,-27.5707],[153.3226,-27.5697],[153.322,-27.5703],[153.3212,-27.5701],[153.3188,-27.5715],[153.3187,-27.5735],[153.3225,-27.5738],[153.3238,-27.5749],[153.3333,-27.5745],[153.3352,-27.575],[153.3374,-27.5734],[153.3388,-27.5668],[153.3382,-27.5645],[153.3341,-27.5646],[153.332,-27.5628],[153.3301,-27.5631],[153.3298,-27.5639],[153.329,-27.5636],[153.329,-27.5645],[153.3268,-27.5651],[153.326,-27.5663],[153.3268,-27.5675]]],[[[153.3539,-27.5949],[153.3527,-27.5966],[153.3525,-27.5995],[153.349,-27.6022],[153.3493,-27.6106],[153.348,-27.6164],[153.3493,-27.6202],[153.3467,-27.6222],[153.3503,-27.6241],[153.3522,-27.6242],[153.3531,-27.6251],[153.3562,-27.6255],[153.3598,-27.6281],[153.3614,-27.6322],[153.3624,-27.6324],[153.3643,-27.6312],[153.3666,-27.6313],[153.3676,-27.6308],[153.3684,-27.6292],[153.3694,-27.629],[153.373,-27.6244],[153.3724,-27.6224],[153.3728,-27.6201],[153.3758,-27.6193],[153.3763,-27.6178],[153.3753,-27.6176],[153.374,-27.6146],[153.3724,-27.6138],[153.3729,-27.6096],[153.3704,-27.6106],[153.369,-27.6103],[153.3689,-27.6066],[153.3683,-27.6059],[153.3654,-27.6095],[153.3671,-27.6093],[153.3683,-27.612],[153.3687,-27.614],[153.3681,-27.6161],[153.3655,-27.6166],[153.3604,-27.6143],[153.3607,-27.6128],[153.36,-27.6107],[153.3609,-27.6091],[153.359,-27.6071],[153.3596,-27.6056],[153.3614,-27.6049],[153.3605,-27.6042],[153.3603,-27.6027],[153.3625,-27.6017],[153.3618,-27.5979],[153.3627,-27.597],[153.3623,-27.5956],[153.3627,-27.5933],[153.3653,-27.591],[153.3664,-27.5907],[153.367,-27.5914],[153.3678,-27.5913],[153.3675,-27.5888],[153.3636,-27.5891],[153.3618,-27.5874],[153.3621,-27.586],[153.364,-27.5853],[153.3643,-27.5843],[153.3636,-27.5822],[153.3614,-27.5816],[153.3613,-27.5803],[153.359,-27.5816],[153.3585,-27.5837],[153.357,-27.5831],[153.3573,-27.584],[153.358,-27.5842],[153.3573,-27.5843],[153.3572,-27.5859],[153.3578,-27.5882],[153.3559,-27.5901],[153.3536,-27.591],[153.3544,-27.5927],[153.3539,-27.5949]]],[[[153.3273,-27.6423],[153.3263,-27.6446],[153.3259,-27.6477],[153.3235,-27.6497],[153.3229,-27.652],[153.327,-27.6578],[153.3292,-27.6705],[153.3311,-27.6703],[153.332,-27.6694],[153.3342,-27.6633],[153.3398,-27.655],[153.3396,-27.6534],[153.3406,-27.6527],[153.3414,-27.6486],[153.3409,-27.646],[153.3368,-27.6408],[153.3346,-27.6425],[153.3353,-27.6446],[153.3349,-27.6465],[153.3352,-27.6446],[153.3343,-27.6424],[153.3362,-27.6403],[153.3333,-27.6369],[153.3331,-27.6379],[153.3324,-27.6363],[153.3321,-27.637],[153.3319,-27.6359],[153.331,-27.6357],[153.3315,-27.637],[153.3299,-27.6355],[153.3286,-27.6351],[153.3273,-27.6423]]],[[[153.3352,-27.6241],[153.3362,-27.6273],[153.3377,-27.6296],[153.3471,-27.6385],[153.349,-27.6384],[153.3517,-27.6352],[153.3525,-27.6322],[153.3483,-27.6293],[153.3423,-27.6271],[153.3394,-27.6205],[153.3377,-27.6214],[153.3353,-27.621],[153.3348,-27.6225],[153.3352,-27.6241]]],[[[153.3699,-27.6402],[153.3786,-27.6428],[153.3804,-27.6413],[153.3843,-27.6409],[153.3865,-27.6395],[153.3856,-27.6392],[153.3852,-27.6397],[153.3852,-27.639],[153.3845,-27.6388],[153.3833,-27.6393],[153.3798,-27.639],[153.3747,-27.6364],[153.3692,-27.6356],[153.3709,-27.6355],[153.3705,-27.6354],[153.3632,-27.6351],[153.3605,-27.6359],[153.3604,-27.637],[153.3646,-27.6394],[153.3699,-27.6402]]]]}},{"type":"Feature","properties":{"name":"Spring Hill","code":"305011111","centroid":[153.02463,-27.45946]},"geometry":{"type":"Polygon","coordinates":[[[153.0193,-27.4614],[153.0213,-27.4621],[153.0205,-27.4644],[153.023,-27.4656],[153.0288,-27.4642],[153.0312,-27.4623],[153.0308,-27.46],[153.0291,-27.4586],[153.0306,-27.457],[153.0269,-27.4541],[153.0291,-27.4526],[153.0287,-27.4512],[153.0255,-27.4524],[153.0225,-27.4568],[153.017,-27.4578],[153.0151,-27.4594],[153.015,-27.46],[153.018,-27.4605],[153.0193,-27.4614]]]}},{"type":"Feature","properties":{"name":"Springfield","code":"310041303","centroid":[152.91018,-27.65241]},"geometry":{"type":"Polygon","coordinates":[[[152.9098,-27.6382],[152.9009,-27.6369],[152.8987,-27.6391],[152.8984,-27.6417],[152.8971,-27.6416],[152.897,-27.6383],[152.8959,-27.6406],[152.8942,-27.6416],[152.8937,-27.6435],[152.8943,-27.6454],[152.8953,-27.6455],[152.8967,-27.647],[152.8964,-27.6436],[152.8974,-27.6429],[152.8982,-27.6454],[152.8976,-27.6467],[152.8991,-27.6471],[152.8978,-27.6489],[152.8997,-27.6504],[152.8996,-27.6528],[152.9005,-27.6541],[152.8993,-27.6562],[152.902,-27.6562],[152.9031,-27.6577],[152.9037,-27.661],[152.906,-27.6611],[152.9076,-27.6622],[152.9088,-27.6668],[152.907,-27.6689],[152.9052,-27.6746],[152.9093,-27.6731],[152.9124,-27.671],[152.9247,-27.6577],[152.9239,-27.6547],[152.9199,-27.6484],[152.9189,-27.6433],[152.917,-27.6392],[152.9098,-27.6382]]]}},{"type":"Feature","properties":{"name":"Springfield Lakes","code":"310041304","centroid":[152.90508,-27.68535]},"geometry":{"type":"Polygon","coordinates":[[[152.8976,-27.6744],[152.8887,-27.6716],[152.8847,-27.6712],[152.8808,-27.6719],[152.8703,-27.6759],[152.8695,-27.6776],[152.872,-27.6786],[152.8713,-27.6806],[152.8724,-27.6824],[152.8723,-27.6834],[152.8734,-27.6834],[152.8742,-27.6815],[152.8751,-27.6832],[152.877,-27.6832],[152.8753,-27.6845],[152.8765,-27.6865],[152.8736,-27.6878],[152.8732,-27.6886],[152.8745,-27.6908],[152.8772,-27.6929],[152.8764,-27.694],[152.8861,-27.6955],[152.8864,-27.6938],[152.8958,-27.6952],[152.8944,-27.7041],[152.9172,-27.7073],[152.9188,-27.7068],[152.9229,-27.7081],[152.9237,-27.7073],[152.9316,-27.6661],[152.9276,-27.6628],[152.9251,-27.6593],[152.9247,-27.6577],[152.913,-27.6705],[152.9098,-27.6729],[152.9039,-27.6749],[152.9008,-27.6751],[152.8976,-27.6744]]]}},{"type":"Feature","properties":{"name":"Springwood","code":"311061334","centroid":[153.13827,-27.62038]},"geometry":{"type":"Polygon","coordinates":[[[153.1285,-27.6087],[153.1217,-27.6102],[153.1317,-27.632],[153.1332,-27.6336],[153.134,-27.6332],[153.1485,-27.6351],[153.1467,-27.6293],[153.1477,-27.6288],[153.1479,-27.6277],[153.1491,-27.6279],[153.1501,-27.6227],[153.1507,-27.6235],[153.1528,-27.6117],[153.1329,-27.6089],[153.1312,-27.6079],[153.1285,-27.6087]]]}},{"type":"Feature","properties":{"name":"St Lucia","code":"304031096","centroid":[153.00485,-27.49806]},"geometry":{"type":"Polygon","coordinates":[[[152.992,-27.4951],[152.9904,-27.4976],[152.9914,-27.4983],[152.9918,-27.4997],[152.9909,-27.502],[152.9971,-27.5033],[152.9989,-27.5052],[153.0012,-27.5062],[153.0071,-27.5036],[153.0174,-27.5022],[153.0206,-27.5007],[153.0187,-27.4958],[153.0154,-27.4927],[153.0121,-27.4916],[153.0023,-27.4927],[152.9996,-27.4925],[152.9969,-27.4918],[152.9946,-27.4899],[152.9941,-27.4904],[152.9945,-27.4914],[152.992,-27.4951]]]}},{"type":"Feature","properties":{"name":"Stafford","code":"302021032","centroid":[153.01027,-27.40949]},"geometry":{"type":"Polygon","coordinates":[[[152.9984,-27.4076],[152.9976,-27.4119],[153.002,-27.4162],[153.0034,-27.4159],[153.005,-27.4139],[153.0101,-27.4127],[153.0106,-27.4132],[153.0098,-27.4136],[153.0098,-27.4144],[153.0104,-27.4156],[153.0128,-27.4162],[153.0129,-27.4172],[153.012,-27.4179],[153.0134,-27.4195],[153.0161,-27.4189],[153.019,-27.4167],[153.0218,-27.4168],[153.0234,-27.4083],[153.021,-27.4082],[153.0216,-27.4048],[153.017,-27.4041],[153.0157,-27.4026],[153.0151,-27.4035],[152.9976,-27.4011],[152.9973,-27.4028],[152.9983,-27.4044],[152.9984,-27.4076]]]}},{"type":"Feature","properties":{"name":"Stafford Heights","code":"302021033","centroid":[153.00916,-27.39686]},"geometry":{"type":"Polygon","coordinates":[[[152.999,-27.3939],[152.9976,-27.4011],[153.0151,-27.4035],[153.0157,-27.4026],[153.017,-27.4041],[153.0216,-27.4048],[153.0223,-27.401],[153.0188,-27.4004],[153.0203,-27.3926],[152.9988,-27.3892],[152.997,-27.3903],[152.9971,-27.3922],[152.999,-27.3939]]]}},{"type":"Feature","properties":{"name":"Strathpine - Brendale","code":"314031394","centroid":[152.98321,-27.31444]},"geometry":{"type":"Polygon","coordinates":[[[152.9687,-27.2996],[152.9679,-27.2997],[152.9677,-27.302],[152.9667,-27.303],[152.9653,-27.3026],[152.9644,-27.3031],[152.9654,-27.304],[152.9643,-27.3045],[152.9635,-27.3134],[152.9615,-27.3177],[152.9612,-27.3223],[152.9605,-27.3239],[152.9635,-27.3243],[152.9622,-27.3276],[152.9605,-27.3385],[152.9612,-27.3418],[152.9647,-27.3419],[152.9644,-27.3404],[152.9649,-27.3393],[152.9689,-27.3396],[152.9715,-27.3375],[152.9755,-27.3368],[152.9781,-27.3347],[152.9812,-27.337],[152.9847,-27.338],[152.9864,-27.338],[152.9884,-27.3362],[152.9909,-27.3361],[152.9933,-27.3352],[152.9946,-27.3324],[152.9947,-27.3286],[152.9966,-27.3263],[152.9973,-27.324],[152.9999,-27.323],[153.0001,-27.3211],[153.0018,-27.3216],[153.0007,-27.3201],[153.0025,-27.3196],[153.002,-27.3186],[153.0026,-27.3182],[153.0025,-27.3165],[153.0005,-27.3124],[153.0005,-27.3103],[152.9991,-27.3083],[152.9983,-27.3087],[152.9998,-27.3114],[152.9995,-27.3123],[152.9986,-27.3125],[152.9976,-27.311],[152.9959,-27.3106],[152.9968,-27.3091],[152.9956,-27.3086],[152.9968,-27.3078],[152.9973,-27.3058],[152.997,-27.3026],[152.9983,-27.3018],[153.0021,-27.302],[153.0041,-27.2994],[153.0049,-27.2992],[153.0062,-27.2998],[153.0048,-27.3012],[153.0054,-27.3017],[153.0074,-27.3013],[153.0073,-27.3024],[153.014,-27.3022],[153.0134,-27.3012],[153.0106,-27.3002],[153.0086,-27.2984],[153.0091,-27.2973],[153.0121,-27.2966],[153.0138,-27.2915],[153.0119,-27.291],[153.0117,-27.2924],[153.0111,-27.2926],[153.0097,-27.2908],[153.0075,-27.2898],[153.0066,-27.2906],[153.0076,-27.2913],[153.0082,-27.2927],[153.0068,-27.2937],[153.007,-27.2953],[153.0063,-27.2955],[153.0041,-27.2946],[153.004,-27.2923],[153.0021,-27.2932],[153.0007,-27.2926],[153.0009,-27.2918],[153.0023,-27.2913],[153.0024,-27.2898],[153.0038,-27.2884],[153.0023,-27.2873],[153.0019,-27.2859],[153.0014,-27.2861],[153.0019,-27.2871],[152.9991,-27.2879],[152.9979,-27.2857],[152.9973,-27.2857],[152.9979,-27.2865],[152.9973,-27.2873],[152.997,-27.2862],[152.9949,-27.2867],[152.9957,-27.2855],[152.9942,-27.285],[152.9932,-27.2863],[152.9913,-27.2865],[152.9919,-27.2874],[152.9904,-27.2883],[152.9903,-27.2918],[152.9897,-27.2922],[152.9873,-27.2917],[152.9872,-27.293],[152.9887,-27.2932],[152.9886,-27.2939],[152.9875,-27.2941],[152.9879,-27.295],[152.9867,-27.2953],[152.9855,-27.2975],[152.9852,-27.2964],[152.983,-27.2964],[152.9823,-27.2973],[152.9826,-27.2985],[152.9812,-27.2984],[152.9805,-27.2991],[152.9794,-27.2985],[152.9779,-27.2995],[152.9764,-27.2984],[152.9751,-27.2992],[152.9743,-27.2979],[152.9725,-27.2991],[152.9716,-27.2975],[152.9688,-27.2983],[152.9687,-27.2996]]]}},{"type":"Feature","properties":{"name":"Sunnybank","code":"303061079","centroid":[153.05955,-27.57851]},"geometry":{"type":"Polygon","coordinates":[[[153.0396,-27.5752],[153.0426,-27.5778],[153.0526,-27.584],[153.0666,-27.5912],[153.066,-27.5865],[153.0685,-27.5866],[153.0688,-27.5827],[153.0734,-27.5819],[153.0746,-27.5797],[153.0743,-27.5789],[153.0757,-27.577],[153.076,-27.5736],[153.0487,-27.5697],[153.0478,-27.5741],[153.0466,-27.5755],[153.0377,-27.5733],[153.0376,-27.5742],[153.0396,-27.5752]]]}},{"type":"Feature","properties":{"name":"Sunnybank Hills","code":"303061080","centroid":[153.05214,-27.59602]},"geometry":{"type":"Polygon","coordinates":[[[153.0458,-27.5883],[153.0451,-27.5922],[153.0433,-27.5919],[153.0431,-27.5932],[153.0411,-27.5929],[153.0398,-27.5991],[153.0428,-27.604],[153.0464,-27.6077],[153.0497,-27.6095],[153.0511,-27.6112],[153.062,-27.6115],[153.0653,-27.5937],[153.0649,-27.5901],[153.053,-27.5843],[153.0426,-27.5778],[153.0399,-27.5754],[153.0382,-27.585],[153.0462,-27.5865],[153.0458,-27.5883]]]}},{"type":"Feature","properties":{"name":"Taigum - Fitzgibbon","code":"302041045","centroid":[153.03889,-27.34063]},"geometry":{"type":"Polygon","coordinates":[[[153.0214,-27.3365],[153.0278,-27.345],[153.0303,-27.3512],[153.0334,-27.3533],[153.0337,-27.352],[153.0346,-27.3519],[153.0352,-27.351],[153.0353,-27.3496],[153.0526,-27.3522],[153.0554,-27.3372],[153.0552,-27.3355],[153.0525,-27.3344],[153.0508,-27.3331],[153.0507,-27.332],[153.0494,-27.3313],[153.047,-27.3312],[153.0464,-27.3311],[153.0465,-27.3305],[153.0375,-27.3329],[153.0171,-27.3298],[153.0214,-27.3365]]]}},{"type":"Feature","properties":{"name":"Taringa","code":"304031097","centroid":[152.98186,-27.49347]},"geometry":{"type":"Polygon","coordinates":[[[152.9776,-27.4932],[152.979,-27.4952],[152.9806,-27.4964],[152.9851,-27.4972],[152.9847,-27.4994],[152.9877,-27.4999],[152.9867,-27.5028],[152.9901,-27.5037],[152.9918,-27.4997],[152.9914,-27.4983],[152.9904,-27.4976],[152.9945,-27.4914],[152.9945,-27.4889],[152.9939,-27.4888],[152.9926,-27.4907],[152.9894,-27.4914],[152.9828,-27.4894],[152.9828,-27.4884],[152.9784,-27.488],[152.9781,-27.4894],[152.9776,-27.4894],[152.975,-27.4884],[152.972,-27.4887],[152.9701,-27.4878],[152.9705,-27.4874],[152.9663,-27.4868],[152.9661,-27.4873],[152.9675,-27.4878],[152.968,-27.4896],[152.9676,-27.4934],[152.9764,-27.4948],[152.9776,-27.4932]]]}},{"type":"Feature","properties":{"name":"Tarragindi","code":"303041071","centroid":[153.0455,-27.52703]},"geometry":{"type":"Polygon","coordinates":[[[153.0352,-27.5234],[153.0326,-27.5247],[153.0315,-27.5268],[153.0316,-27.5281],[153.0303,-27.5288],[153.0336,-27.5295],[153.0337,-27.5302],[153.0397,-27.5308],[153.039,-27.5351],[153.0442,-27.5359],[153.0448,-27.5382],[153.0481,-27.5387],[153.0529,-27.5371],[153.0589,-27.5382],[153.056,-27.526],[153.0525,-27.521],[153.0491,-27.5175],[153.0424,-27.5142],[153.0389,-27.5137],[153.038,-27.5174],[153.0349,-27.52],[153.0352,-27.5234]]]}},{"type":"Feature","properties":{"name":"The Gap","code":"304041103","centroid":[152.94122,-27.44594]},"geometry":{"type":"Polygon","coordinates":[[[152.9256,-27.4374],[152.9255,-27.4389],[152.9274,-27.4407],[152.9271,-27.443],[152.9311,-27.4459],[152.9307,-27.4477],[152.928,-27.4492],[152.9265,-27.4516],[152.9267,-27.4525],[152.9258,-27.4529],[152.9255,-27.4575],[152.9263,-27.4586],[152.9253,-27.4601],[152.9241,-27.461],[152.9226,-27.461],[152.9202,-27.4599],[152.9197,-27.4628],[152.9212,-27.4639],[152.9234,-27.4637],[152.9247,-27.4649],[152.9293,-27.4655],[152.9307,-27.4637],[152.9325,-27.4636],[152.9346,-27.4656],[152.9359,-27.4626],[152.944,-27.4638],[152.9449,-27.459],[152.9578,-27.4608],[152.959,-27.4546],[152.963,-27.4512],[152.965,-27.4515],[152.9656,-27.4483],[152.9652,-27.4473],[152.9623,-27.4464],[152.9632,-27.441],[152.952,-27.4394],[152.9483,-27.4283],[152.9452,-27.4273],[152.9433,-27.4275],[152.9429,-27.4281],[152.9325,-27.4258],[152.9304,-27.4268],[152.9291,-27.4266],[152.9277,-27.425],[152.925,-27.4247],[152.9239,-27.4312],[152.9232,-27.4319],[152.9234,-27.4342],[152.9248,-27.4347],[152.9256,-27.4374]]]}},{"type":"Feature","properties":{"name":"The Hills District","code":"314011386","centroid":[152.94138,-27.38113]},"geometry":{"type":"Polygon","coordinates":[[[152.9042,-27.3899],[152.9027,-27.3906],[152.9004,-27.4038],[152.915,-27.4057],[152.9169,-27.3942],[152.921,-27.3938],[152.9232,-27.3944],[152.9252,-27.3933],[152.9269,-27.3935],[152.9302,-27.397],[152.9321,-27.3967],[152.9336,-27.3992],[152.9359,-27.3999],[152.9371,-27.4013],[152.9404,-27.4031],[152.9409,-27.4044],[152.9425,-27.4043],[152.9444,-27.406],[152.9478,-27.4065],[152.9474,-27.408],[152.9492,-27.4088],[152.9504,-27.4078],[152.9522,-27.4076],[152.9527,-27.4058],[152.9575,-27.4039],[152.958,-27.403],[152.959,-27.4027],[152.9592,-27.4001],[152.9605,-27.3988],[152.9622,-27.398],[152.9648,-27.3978],[152.9655,-27.3969],[152.9701,-27.3984],[152.9709,-27.3976],[152.9719,-27.3978],[152.9744,-27.4008],[152.9763,-27.4015],[152.977,-27.4008],[152.9781,-27.3946],[152.9753,-27.392],[152.9767,-27.3898],[152.9806,-27.3882],[152.9839,-27.3847],[152.9831,-27.3821],[152.9812,-27.3802],[152.9804,-27.3727],[152.9671,-27.3708],[152.9692,-27.3685],[152.9699,-27.3671],[152.9694,-27.3669],[152.9601,-27.3655],[152.9596,-27.3684],[152.9536,-27.3675],[152.9549,-27.3603],[152.9463,-27.3591],[152.9476,-27.3574],[152.9483,-27.3544],[152.9481,-27.3512],[152.9473,-27.3503],[152.9458,-27.3505],[152.9434,-27.348],[152.9413,-27.3474],[152.9353,-27.3511],[152.9285,-27.3504],[152.9263,-27.3509],[152.9264,-27.3568],[152.9271,-27.3592],[152.9288,-27.3612],[152.925,-27.3638],[152.9235,-27.3637],[152.9197,-27.3649],[152.9173,-27.3683],[152.9147,-27.3691],[152.9143,-27.37],[152.9101,-27.3725],[152.907,-27.3774],[152.907,-27.3798],[152.9048,-27.3825],[152.9004,-27.3815],[152.8995,-27.3819],[152.9022,-27.3829],[152.904,-27.3848],[152.9048,-27.387],[152.9042,-27.3899]]]}},{"type":"Feature","properties":{"name":"Thorneside","code":"301011005","centroid":[153.20079,-27.48439]},"geometry":{"type":"Polygon","coordinates":[[[153.1971,-27.4811],[153.1881,-27.484],[153.1868,-27.4862],[153.1867,-27.4875],[153.1964,-27.4889],[153.2015,-27.4915],[153.2089,-27.4926],[153.2083,-27.491],[153.2125,-27.4899],[153.2109,-27.4856],[153.2104,-27.4856],[153.2097,-27.4823],[153.2068,-27.4816],[153.2032,-27.4792],[153.204,-27.4785],[153.2026,-27.4731],[153.201,-27.4728],[153.1971,-27.4741],[153.1976,-27.4799],[153.1971,-27.4811]]]}},{"type":"Feature","properties":{"name":"Thornlands","code":"301021012","centroid":[153.26086,-27.56771]},"geometry":{"type":"Polygon","coordinates":[[[153.2389,-27.5559],[153.2376,-27.5594],[153.2369,-27.5598],[153.2344,-27.5729],[153.233,-27.576],[153.2321,-27.5802],[153.2309,-27.5818],[153.2306,-27.5832],[153.2312,-27.5853],[153.2286,-27.5888],[153.2287,-27.59],[153.2294,-27.5899],[153.2308,-27.5877],[153.2329,-27.5874],[153.2346,-27.5862],[153.2357,-27.5865],[153.236,-27.5873],[153.2388,-27.5874],[153.24,-27.588],[153.2421,-27.5876],[153.2434,-27.5881],[153.2439,-27.5865],[153.2451,-27.5854],[153.2488,-27.5859],[153.249,-27.5866],[153.2526,-27.5885],[153.2545,-27.5867],[153.2568,-27.5869],[153.2582,-27.5864],[153.2614,-27.5833],[153.2627,-27.5841],[153.2656,-27.5841],[153.2719,-27.5858],[153.2747,-27.5856],[153.2782,-27.584],[153.2799,-27.5818],[153.2815,-27.5814],[153.283,-27.5789],[153.2857,-27.5789],[153.2859,-27.5801],[153.2888,-27.5793],[153.2895,-27.5802],[153.29,-27.5795],[153.291,-27.5798],[153.292,-27.5783],[153.2934,-27.5787],[153.2947,-27.578],[153.2929,-27.5757],[153.2943,-27.5729],[153.2891,-27.5719],[153.29,-27.5697],[153.2891,-27.566],[153.2905,-27.561],[153.2902,-27.559],[153.2887,-27.5574],[153.286,-27.5578],[153.2862,-27.5566],[153.2845,-27.5543],[153.2852,-27.5525],[153.2825,-27.5521],[153.2811,-27.5493],[153.2403,-27.5468],[153.2395,-27.5474],[153.2394,-27.5504],[153.2376,-27.5524],[153.2383,-27.5528],[153.238,-27.5546],[153.2393,-27.5551],[153.2389,-27.5559]]]}},{"type":"Feature","properties":{"name":"Tingalpa","code":"301031018","centroid":[153.1271,-27.47364]},"geometry":{"type":"Polygon","coordinates":[[[153.1193,-27.4618],[153.1158,-27.4629],[153.1157,-27.4647],[153.1136,-27.4637],[153.1109,-27.4635],[153.1083,-27.4673],[153.1068,-27.4728],[153.1061,-27.4729],[153.1052,-27.4716],[153.1035,-27.473],[153.1059,-27.4753],[153.1056,-27.477],[153.1082,-27.4759],[153.1105,-27.4764],[153.1097,-27.4791],[153.1074,-27.4793],[153.109,-27.4813],[153.109,-27.4828],[153.1123,-27.4832],[153.1127,-27.4875],[153.1133,-27.4882],[153.1157,-27.4866],[153.1215,-27.4864],[153.1187,-27.4817],[153.1209,-27.4804],[153.1214,-27.4809],[153.1217,-27.4798],[153.1236,-27.4808],[153.1247,-27.4822],[153.1274,-27.4826],[153.1265,-27.4848],[153.1366,-27.4863],[153.1338,-27.4893],[153.1367,-27.4885],[153.1409,-27.489],[153.1415,-27.4858],[153.1394,-27.4835],[153.1408,-27.4759],[153.1452,-27.4748],[153.1503,-27.4696],[153.1549,-27.4662],[153.1222,-27.4616],[153.1216,-27.4637],[153.1244,-27.4662],[153.121,-27.4654],[153.1181,-27.466],[153.1207,-27.4618],[153.1224,-27.4604],[153.1224,-27.4593],[153.1205,-27.4588],[153.1193,-27.4618]]]}},{"type":"Feature","properties":{"name":"Toowong","code":"305041137","centroid":[152.98406,-27.48148]},"geometry":{"type":"Polygon","coordinates":[[[152.975,-27.4799],[152.9722,-27.4812],[152.9711,-27.4876],[152.9701,-27.4878],[152.972,-27.4887],[152.975,-27.4884],[152.9776,-27.4894],[152.9781,-27.4894],[152.9784,-27.488],[152.9828,-27.4884],[152.9828,-27.4894],[152.9894,-27.4914],[152.9926,-27.4907],[152.9939,-27.4888],[152.9946,-27.4888],[152.9951,-27.4856],[152.998,-27.4807],[152.9965,-27.48],[152.9964,-27.4787],[152.9955,-27.4776],[152.993,-27.4796],[152.9925,-27.4791],[152.9931,-27.4787],[152.9917,-27.4775],[152.9922,-27.4772],[152.9918,-27.4767],[152.991,-27.4774],[152.9898,-27.4762],[152.9881,-27.4759],[152.9891,-27.4706],[152.9886,-27.4704],[152.986,-27.4711],[152.9833,-27.4707],[152.9818,-27.4722],[152.9795,-27.4714],[152.977,-27.4715],[152.9746,-27.4702],[152.9721,-27.4707],[152.9715,-27.4711],[152.9717,-27.4729],[152.9787,-27.4748],[152.9806,-27.4767],[152.9801,-27.4778],[152.975,-27.4799]]]}},{"type":"Feature","properties":{"name":"Underwood","code":"311061335","centroid":[153.11135,-27.60885]},"geometry":{"type":"Polygon","coordinates":[[[153.1039,-27.604],[153.1011,-27.6181],[153.1174,-27.6206],[153.1194,-27.6194],[153.1198,-27.6169],[153.1212,-27.6144],[153.1246,-27.6167],[153.1225,-27.6114],[153.1111,-27.5939],[153.1058,-27.5932],[153.1039,-27.604]]]}},{"type":"Feature","properties":{"name":"Upper Caboolture","code":"313041376","centroid":[152.86703,-27.12286]},"geometry":{"type":"Polygon","coordinates":[[[152.8472,-27.1001],[152.8434,-27.0996],[152.8452,-27.0891],[152.8361,-27.088],[152.8343,-27.0859],[152.8268,-27.0831],[152.8192,-27.0865],[152.8186,-27.0906],[152.8143,-27.0899],[152.814,-27.0917],[152.8178,-27.0922],[152.8169,-27.0972],[152.8123,-27.0966],[152.8119,-27.099],[152.8077,-27.0987],[152.8062,-27.0992],[152.8086,-27.0995],[152.8073,-27.1081],[152.8202,-27.1101],[152.8194,-27.114],[152.8289,-27.1159],[152.8279,-27.1213],[152.8303,-27.1216],[152.8286,-27.1307],[152.8303,-27.1313],[152.8348,-27.1304],[152.8365,-27.1308],[152.8359,-27.1327],[152.8377,-27.134],[152.8396,-27.1366],[152.8426,-27.1358],[152.8473,-27.1387],[152.8511,-27.1397],[152.8483,-27.1545],[152.851,-27.1546],[152.8542,-27.1527],[152.854,-27.1539],[152.8576,-27.1544],[152.8551,-27.17],[152.8566,-27.1707],[152.858,-27.1693],[152.8592,-27.169],[152.8618,-27.1717],[152.8699,-27.1678],[152.8722,-27.1683],[152.8742,-27.1644],[152.8774,-27.1629],[152.877,-27.1652],[152.883,-27.1661],[152.8825,-27.1692],[152.8918,-27.1705],[152.8941,-27.1576],[152.8934,-27.1572],[152.8905,-27.1578],[152.8893,-27.1587],[152.8877,-27.1577],[152.8879,-27.1561],[152.8855,-27.1566],[152.8877,-27.1442],[152.8908,-27.1446],[152.8917,-27.1397],[152.8985,-27.1372],[152.9029,-27.1378],[152.904,-27.14],[152.905,-27.1343],[152.906,-27.1344],[152.907,-27.1285],[152.9062,-27.1284],[152.9072,-27.1259],[152.9083,-27.1263],[152.9104,-27.1252],[152.9115,-27.1257],[152.9125,-27.1248],[152.9128,-27.1233],[152.9147,-27.1218],[152.9176,-27.1207],[152.9202,-27.1174],[152.9238,-27.1186],[152.9279,-27.1187],[152.9289,-27.1173],[152.9285,-27.1157],[152.9299,-27.1159],[152.9306,-27.1139],[152.9223,-27.1127],[152.9231,-27.1084],[152.9226,-27.1078],[152.9209,-27.1087],[152.9195,-27.1087],[152.9167,-27.1071],[152.9113,-27.1059],[152.9122,-27.1013],[152.9103,-27.1011],[152.9109,-27.0976],[152.9104,-27.0968],[152.9117,-27.0953],[152.909,-27.0941],[152.9073,-27.0945],[152.9072,-27.0954],[152.9064,-27.0958],[152.9052,-27.0955],[152.9051,-27.0942],[152.9003,-27.0976],[152.8989,-27.0979],[152.8978,-27.0968],[152.8988,-27.0961],[152.8983,-27.0952],[152.8998,-27.0942],[152.8997,-27.0931],[152.8989,-27.0933],[152.8984,-27.0941],[152.8907,-27.0975],[152.89,-27.1013],[152.8874,-27.1015],[152.8842,-27.1046],[152.8802,-27.104],[152.881,-27.0997],[152.8756,-27.099],[152.8761,-27.0966],[152.8605,-27.0945],[152.86,-27.096],[152.8619,-27.0985],[152.8615,-27.1021],[152.8472,-27.1001]]]}},{"type":"Feature","properties":{"name":"Upper Kedron - Ferny Grove","code":"304041104","centroid":[152.92057,-27.41432]},"geometry":{"type":"Polygon","coordinates":[[[152.915,-27.4057],[152.8993,-27.4036],[152.8976,-27.4151],[152.8996,-27.4153],[152.8992,-27.418],[152.9022,-27.4184],[152.9018,-27.4211],[152.9035,-27.4214],[152.9026,-27.4261],[152.9053,-27.4265],[152.9044,-27.4319],[152.9088,-27.4333],[152.9129,-27.4326],[152.9143,-27.4335],[152.9173,-27.4334],[152.9188,-27.4342],[152.9214,-27.4342],[152.9226,-27.4347],[152.9234,-27.4342],[152.9232,-27.4319],[152.9239,-27.4312],[152.925,-27.4247],[152.9277,-27.425],[152.9291,-27.4266],[152.9304,-27.4268],[152.9325,-27.4258],[152.9404,-27.4273],[152.9415,-27.4208],[152.9369,-27.4201],[152.9393,-27.416],[152.943,-27.4131],[152.9397,-27.4046],[152.9408,-27.4043],[152.9404,-27.4031],[152.9371,-27.4013],[152.9359,-27.3998],[152.934,-27.3996],[152.9321,-27.3967],[152.9303,-27.3971],[152.9276,-27.3939],[152.9252,-27.3933],[152.9232,-27.3944],[152.921,-27.3938],[152.9169,-27.3942],[152.915,-27.4057]]]}},{"type":"Feature","properties":{"name":"Upper Mount Gravatt","code":"303031065","centroid":[153.08144,-27.55341]},"geometry":{"type":"Polygon","coordinates":[[[153.0702,-27.5539],[153.0741,-27.5586],[153.0784,-27.5625],[153.0878,-27.5685],[153.0893,-27.5681],[153.0883,-27.567],[153.0883,-27.5655],[153.0924,-27.5436],[153.0815,-27.542],[153.0816,-27.5457],[153.0753,-27.5448],[153.0747,-27.5483],[153.0639,-27.5466],[153.0702,-27.5539]]]}},{"type":"Feature","properties":{"name":"Victoria Point","code":"301021013","centroid":[153.28687,-27.58707]},"geometry":{"type":"Polygon","coordinates":[[[153.3163,-27.5822],[153.3174,-27.582],[153.318,-27.5826],[153.3181,-27.582],[153.3155,-27.579],[153.3122,-27.5817],[153.3095,-27.581],[153.3085,-27.5799],[153.3081,-27.578],[153.3051,-27.5745],[153.3056,-27.5717],[153.3087,-27.5691],[153.3089,-27.5671],[153.3083,-27.565],[153.3039,-27.5634],[153.2996,-27.5632],[153.295,-27.5644],[153.2919,-27.5641],[153.291,-27.5649],[153.2894,-27.5646],[153.2891,-27.566],[153.29,-27.5697],[153.2891,-27.5719],[153.2943,-27.5729],[153.2929,-27.5757],[153.2945,-27.5773],[153.2946,-27.5783],[153.2934,-27.5787],[153.292,-27.5783],[153.291,-27.5798],[153.29,-27.5795],[153.2895,-27.5802],[153.2888,-27.5793],[153.2859,-27.5801],[153.2857,-27.5789],[153.283,-27.5789],[153.2815,-27.5814],[153.2799,-27.5818],[153.2782,-27.584],[153.2747,-27.5856],[153.2719,-27.5858],[153.2656,-27.5841],[153.2627,-27.5841],[153.2614,-27.5833],[153.2582,-27.5864],[153.2557,-27.5867],[153.2555,-27.5881],[153.2593,-27.5931],[153.2599,-27.597],[153.2593,-27.6],[153.2584,-27.6016],[153.2886,-27.6065],[153.2878,-27.6045],[153.2875,-27.6002],[153.2888,-27.5992],[153.2921,-27.5988],[153.2931,-27.5978],[153.2934,-27.5984],[153.2964,-27.5961],[153.2983,-27.5963],[153.2972,-27.5932],[153.2984,-27.5924],[153.299,-27.5932],[153.2985,-27.5936],[153.3023,-27.5953],[153.3077,-27.59],[153.3098,-27.5891],[153.313,-27.5895],[153.3124,-27.5894],[153.3124,-27.5883],[153.3131,-27.5877],[153.3121,-27.5872],[153.312,-27.5852],[153.3137,-27.5835],[153.3163,-27.5822]]]}},{"type":"Feature","properties":{"name":"Wacol","code":"310011276","centroid":[152.92202,-27.58867]},"geometry":{"type":"Polygon","coordinates":[[[152.9157,-27.6052],[152.9215,-27.6061],[152.9286,-27.6113],[152.9327,-27.6127],[152.9384,-27.619],[152.9407,-27.6234],[152.945,-27.5975],[152.9431,-27.5967],[152.9451,-27.5932],[152.9358,-27.5891],[152.9369,-27.5871],[152.945,-27.5829],[152.9419,-27.5776],[152.9381,-27.5794],[152.9377,-27.5788],[152.938,-27.5769],[152.9409,-27.5759],[152.9405,-27.5755],[152.9413,-27.5748],[152.9415,-27.5732],[152.9422,-27.5728],[152.9408,-27.5703],[152.9317,-27.5705],[152.929,-27.5684],[152.9257,-27.5679],[152.9226,-27.5698],[152.9231,-27.5672],[152.9218,-27.5679],[152.9158,-27.5656],[152.913,-27.5666],[152.9092,-27.5657],[152.9063,-27.5668],[152.9042,-27.5656],[152.9027,-27.5684],[152.8957,-27.5747],[152.8948,-27.5766],[152.8946,-27.579],[152.8965,-27.585],[152.9004,-27.5898],[152.9031,-27.5915],[152.9059,-27.5962],[152.9067,-27.5987],[152.9064,-27.6017],[152.901,-27.6032],[152.9033,-27.6056],[152.9062,-27.6053],[152.9071,-27.6044],[152.9089,-27.6064],[152.9157,-27.6052]]]}},{"type":"Feature","properties":{"name":"Wakerley","code":"301031019","centroid":[153.15686,-27.48278]},"geometry":{"type":"Polygon","coordinates":[[[153.1406,-27.4768],[153.1394,-27.4835],[153.145,-27.4896],[153.1687,-27.4933],[153.1672,-27.4902],[153.1666,-27.4873],[153.1671,-27.4849],[153.1714,-27.4855],[153.1717,-27.4838],[153.1731,-27.4826],[153.1759,-27.483],[153.1764,-27.4803],[153.1728,-27.4797],[153.1748,-27.4776],[153.178,-27.4761],[153.1769,-27.4745],[153.1697,-27.4776],[153.1656,-27.4759],[153.1588,-27.4749],[153.1532,-27.476],[153.1452,-27.4748],[153.1408,-27.4759],[153.1406,-27.4768]]]}},{"type":"Feature","properties":{"name":"Wamuran","code":"313021369","centroid":[152.87226,-27.0425]},"geometry":{"type":"Polygon","coordinates":[[[152.8488,-27.0528],[152.8465,-27.053],[152.8393,-27.0557],[152.8366,-27.0556],[152.8333,-27.0573],[152.8291,-27.0603],[152.8294,-27.0618],[152.828,-27.0616],[152.8242,-27.0627],[152.8241,-27.0657],[152.823,-27.0665],[152.8231,-27.0673],[152.8205,-27.0684],[152.8196,-27.0682],[152.8192,-27.0669],[152.8186,-27.07],[152.8201,-27.072],[152.8232,-27.0738],[152.8264,-27.0785],[152.8278,-27.0792],[152.8264,-27.0824],[152.8268,-27.0831],[152.8343,-27.0859],[152.8361,-27.088],[152.8452,-27.0891],[152.8434,-27.0996],[152.8615,-27.1021],[152.8619,-27.0985],[152.86,-27.096],[152.8605,-27.0945],[152.8761,-27.0966],[152.8756,-27.099],[152.881,-27.0997],[152.8802,-27.104],[152.8842,-27.1046],[152.8874,-27.1015],[152.89,-27.1013],[152.8907,-27.0975],[152.8996,-27.0931],[152.8998,-27.0942],[152.8983,-27.0952],[152.8988,-27.0961],[152.8978,-27.0968],[152.8987,-27.0979],[152.9003,-27.0976],[152.9051,-27.0942],[152.9052,-27.0955],[152.9057,-27.0958],[152.907,-27.0956],[152.9071,-27.0946],[152.9085,-27.0941],[152.9115,-27.095],[152.9104,-27.0968],[152.912,-27.0985],[152.9175,-27.0972],[152.918,-27.0954],[152.9145,-27.0941],[152.9158,-27.0916],[152.9165,-27.0917],[152.9167,-27.0897],[152.9158,-27.0888],[152.9174,-27.088],[152.9164,-27.0858],[152.9168,-27.0848],[152.9192,-27.083],[152.9212,-27.0834],[152.9229,-27.0824],[152.9194,-27.0788],[152.9184,-27.0764],[152.9176,-27.0761],[152.9183,-27.0743],[152.9179,-27.0733],[152.9184,-27.0734],[152.9185,-27.0725],[152.9177,-27.0724],[152.9162,-27.0703],[152.9156,-27.0707],[152.9136,-27.0698],[152.9139,-27.0712],[152.9123,-27.0719],[152.9113,-27.0699],[152.9115,-27.0682],[152.9066,-27.0662],[152.9038,-27.0641],[152.9022,-27.0641],[152.9013,-27.0615],[152.9017,-27.0584],[152.8995,-27.0572],[152.9007,-27.0499],[152.9028,-27.0502],[152.9035,-27.0458],[152.9014,-27.0455],[152.902,-27.0417],[152.9004,-27.0414],[152.9006,-27.0404],[152.8975,-27.0399],[152.8983,-27.0352],[152.8999,-27.0354],[152.9084,-26.9894],[152.894,-26.9873],[152.8947,-26.9827],[152.8902,-26.9783],[152.8893,-26.9761],[152.8867,-26.9733],[152.8821,-26.9727],[152.8808,-26.9697],[152.8756,-26.968],[152.8745,-26.9644],[152.8735,-26.9637],[152.8694,-26.9632],[152.8628,-26.9643],[152.8607,-26.967],[152.8553,-26.9691],[152.8544,-26.9706],[152.8548,-26.9739],[152.8529,-26.9754],[152.8524,-26.9772],[152.852,-26.9788],[152.8557,-26.9834],[152.8544,-26.9861],[152.8545,-26.9875],[152.8604,-26.9917],[152.8609,-26.9945],[152.8639,-26.9952],[152.8608,-27.0121],[152.8543,-27.0111],[152.8504,-27.0058],[152.8413,-27.0116],[152.8433,-27.0168],[152.836,-27.0215],[152.8403,-27.0269],[152.8251,-27.0367],[152.8234,-27.0347],[152.8209,-27.0373],[152.8209,-27.0378],[152.825,-27.0395],[152.8278,-27.0388],[152.8301,-27.0399],[152.8309,-27.0412],[152.8321,-27.0417],[152.8309,-27.0443],[152.8391,-27.0389],[152.8486,-27.0506],[152.8492,-27.0502],[152.8488,-27.0528]]]}},{"type":"Feature","properties":{"name":"Waterford West","code":"311051328","centroid":[153.12554,-27.69272]},"geometry":{"type":"Polygon","coordinates":[[[153.107,-27.6863],[153.1025,-27.6924],[153.111,-27.6937],[153.1102,-27.6985],[153.1182,-27.6996],[153.1183,-27.6985],[153.1201,-27.6972],[153.1192,-27.6961],[153.1198,-27.6947],[153.1216,-27.6951],[153.1218,-27.6959],[153.1243,-27.6942],[153.1254,-27.6941],[153.1263,-27.6949],[153.1276,-27.6949],[153.1284,-27.6986],[153.13,-27.7006],[153.1368,-27.7035],[153.1413,-27.708],[153.1461,-27.7061],[153.1468,-27.7041],[153.1462,-27.7005],[153.1411,-27.696],[153.1388,-27.6919],[153.1416,-27.6908],[153.142,-27.6882],[153.1307,-27.6867],[153.13,-27.6874],[153.1266,-27.6873],[153.1227,-27.6865],[153.1215,-27.6771],[153.112,-27.6826],[153.107,-27.6863]]]}},{"type":"Feature","properties":{"name":"Wavell Heights","code":"302021034","centroid":[153.0475,-27.39225]},"geometry":{"type":"Polygon","coordinates":[[[153.0378,-27.3912],[153.0363,-27.3914],[153.036,-27.3933],[153.0356,-27.3932],[153.035,-27.398],[153.0365,-27.3982],[153.0356,-27.4023],[153.0423,-27.3999],[153.042,-27.4015],[153.0425,-27.4019],[153.0437,-27.401],[153.0436,-27.4022],[153.0447,-27.4036],[153.0457,-27.4024],[153.0457,-27.4029],[153.0478,-27.4032],[153.0487,-27.3977],[153.0513,-27.3966],[153.0593,-27.3979],[153.0595,-27.3889],[153.055,-27.3881],[153.0548,-27.3886],[153.0538,-27.3885],[153.0549,-27.3828],[153.0539,-27.3827],[153.0541,-27.381],[153.0459,-27.3796],[153.0444,-27.3879],[153.0428,-27.3877],[153.0421,-27.3913],[153.0402,-27.391],[153.0393,-27.3898],[153.0369,-27.3899],[153.0367,-27.3906],[153.0379,-27.3908],[153.0378,-27.3912]]]}},{"type":"Feature","properties":{"name":"Wellington Point","code":"301011006","centroid":[153.24143,-27.49482]},"geometry":{"type":"Polygon","coordinates":[[[153.229,-27.4971],[153.2287,-27.4991],[153.2306,-27.4995],[153.2302,-27.502],[153.228,-27.5036],[153.2279,-27.505],[153.2302,-27.5076],[153.2315,-27.508],[153.2314,-27.5085],[153.2304,-27.5084],[153.2295,-27.5137],[153.2308,-27.5138],[153.2342,-27.5124],[153.2344,-27.5141],[153.2356,-27.5154],[153.2361,-27.5152],[153.2366,-27.517],[153.2398,-27.5158],[153.2405,-27.5167],[153.2442,-27.5171],[153.2443,-27.5165],[153.2431,-27.5158],[153.2416,-27.5122],[153.2429,-27.5115],[153.2463,-27.5117],[153.2485,-27.5103],[153.2516,-27.5109],[153.2505,-27.509],[153.2516,-27.5083],[153.2518,-27.509],[153.2525,-27.5087],[153.2514,-27.5077],[153.2516,-27.5067],[153.2526,-27.5051],[153.2547,-27.5047],[153.254,-27.5024],[153.2524,-27.5023],[153.2522,-27.5014],[153.2504,-27.5008],[153.2514,-27.4989],[153.2507,-27.4969],[153.2511,-27.4939],[153.2498,-27.493],[153.2497,-27.4939],[153.2486,-27.494],[153.2476,-27.4926],[153.2502,-27.4904],[153.2515,-27.4909],[153.2525,-27.493],[153.2546,-27.4931],[153.2587,-27.4896],[153.26,-27.49],[153.2613,-27.4884],[153.2606,-27.4844],[153.2587,-27.4818],[153.2573,-27.4817],[153.2566,-27.4828],[153.2554,-27.4832],[153.255,-27.4825],[153.2542,-27.483],[153.2519,-27.4817],[153.2473,-27.4822],[153.2447,-27.4813],[153.2431,-27.4816],[153.2415,-27.4805],[153.241,-27.4784],[153.242,-27.4776],[153.2423,-27.4753],[153.2402,-27.4743],[153.2398,-27.473],[153.2412,-27.4688],[153.2415,-27.4658],[153.241,-27.465],[153.2402,-27.4649],[153.2389,-27.4668],[153.2376,-27.4673],[153.2373,-27.4703],[153.2389,-27.4725],[153.2368,-27.4754],[153.2371,-27.4776],[153.2351,-27.4799],[153.2341,-27.4799],[153.2315,-27.4818],[153.2288,-27.4821],[153.228,-27.4831],[153.2268,-27.4827],[153.2292,-27.4892],[153.2282,-27.4895],[153.2295,-27.4936],[153.229,-27.4971]]]}},{"type":"Feature","properties":{"name":"West End","code":"305011112","centroid":[153.00588,-27.4834]},"geometry":{"type":"Polygon","coordinates":[[[152.9993,-27.4829],[152.9965,-27.4871],[152.9962,-27.4884],[152.9968,-27.4893],[152.9991,-27.49],[153.0028,-27.49],[153.0029,-27.4905],[153.0035,-27.49],[153.0102,-27.4901],[153.0116,-27.4832],[153.0136,-27.4835],[153.014,-27.4813],[153.0156,-27.4814],[153.0127,-27.4772],[153.0108,-27.477],[153.0079,-27.4741],[153.0046,-27.4767],[152.9993,-27.4829]]]}},{"type":"Feature","properties":{"name":"Westlake","code":"304011085","centroid":[152.91275,-27.54866]},"geometry":{"type":"Polygon","coordinates":[[[152.9032,-27.5471],[152.9067,-27.5531],[152.9073,-27.5555],[152.9095,-27.5565],[152.9143,-27.5568],[152.9144,-27.5551],[152.9133,-27.5538],[152.9135,-27.5522],[152.9199,-27.5511],[152.9197,-27.5504],[152.9209,-27.55],[152.921,-27.5464],[152.9255,-27.5427],[152.9254,-27.5421],[152.9206,-27.5433],[152.9064,-27.544],[152.9041,-27.5451],[152.9032,-27.5471]]]}},{"type":"Feature","properties":{"name":"Wilston","code":"305031129","centroid":[153.01864,-27.43475]},"geometry":{"type":"Polygon","coordinates":[[[153.0133,-27.4327],[153.0131,-27.434],[153.0142,-27.4343],[153.014,-27.4355],[153.0145,-27.4355],[153.0136,-27.4407],[153.0113,-27.4407],[153.0123,-27.4419],[153.0136,-27.4425],[153.0173,-27.4407],[153.0218,-27.4424],[153.0242,-27.4292],[153.0233,-27.4272],[153.019,-27.4266],[153.0184,-27.4301],[153.0137,-27.4298],[153.0133,-27.4327]]]}},{"type":"Feature","properties":{"name":"Windsor","code":"305031130","centroid":[153.03015,-27.4342]},"geometry":{"type":"Polygon","coordinates":[[[153.0235,-27.4326],[153.0218,-27.4424],[153.0233,-27.4425],[153.0251,-27.4441],[153.0269,-27.444],[153.0281,-27.4446],[153.0296,-27.4435],[153.0316,-27.445],[153.0329,-27.4444],[153.0327,-27.4421],[153.0377,-27.4382],[153.0386,-27.4349],[153.0399,-27.4336],[153.0395,-27.4303],[153.0369,-27.4293],[153.0375,-27.4261],[153.0226,-27.4243],[153.0222,-27.427],[153.0233,-27.4272],[153.0243,-27.4285],[153.0235,-27.4326]]]}},{"type":"Feature","properties":{"name":"Wishart","code":"303031066","centroid":[153.10103,-27.55454]},"geometry":{"type":"Polygon","coordinates":[[[153.0905,-27.5536],[153.0883,-27.5655],[153.0888,-27.5676],[153.0893,-27.5681],[153.0908,-27.5677],[153.0924,-27.5647],[153.0967,-27.5629],[153.098,-27.5635],[153.0982,-27.5651],[153.0994,-27.5667],[153.1016,-27.5676],[153.1043,-27.5642],[153.1037,-27.5626],[153.1046,-27.561],[153.1089,-27.5615],[153.1129,-27.5542],[153.117,-27.5485],[153.1174,-27.5451],[153.1111,-27.5466],[153.0924,-27.5436],[153.0905,-27.5536]]]}},{"type":"Feature","properties":{"name":"Wolffdene - Bahrs Scrub","code":"311021310","centroid":[153.17529,-27.75982]},"geometry":{"type":"Polygon","coordinates":[[[153.1536,-27.7375],[153.153,-27.741],[153.1575,-27.7417],[153.1559,-27.7495],[153.1549,-27.7506],[153.1541,-27.7538],[153.1641,-27.7553],[153.1625,-27.7647],[153.1608,-27.7644],[153.1598,-27.7689],[153.1589,-27.7688],[153.1578,-27.7705],[153.1585,-27.7744],[153.1558,-27.7866],[153.1628,-27.7877],[153.16,-27.8024],[153.16,-27.8048],[153.1684,-27.806],[153.1685,-27.8032],[153.1692,-27.8033],[153.1689,-27.8012],[153.1695,-27.7999],[153.1821,-27.7948],[153.1844,-27.7886],[153.193,-27.78],[153.1929,-27.7791],[153.1912,-27.7772],[153.1878,-27.7771],[153.1864,-27.7754],[153.1873,-27.774],[153.1905,-27.7741],[153.1933,-27.7729],[153.1938,-27.772],[153.1934,-27.7678],[153.1946,-27.7664],[153.1969,-27.7656],[153.198,-27.7641],[153.1988,-27.759],[153.1973,-27.754],[153.1975,-27.747],[153.2001,-27.7435],[153.2012,-27.74],[153.2001,-27.7383],[153.1988,-27.7391],[153.1992,-27.738],[153.1984,-27.737],[153.1964,-27.7367],[153.1962,-27.7374],[153.1947,-27.7379],[153.1933,-27.7376],[153.1935,-27.7352],[153.1918,-27.7304],[153.192,-27.7285],[153.1889,-27.7297],[153.1863,-27.7288],[153.1853,-27.7298],[153.184,-27.7296],[153.1809,-27.7274],[153.1756,-27.7273],[153.1729,-27.7262],[153.1696,-27.7258],[153.1671,-27.7264],[153.163,-27.7257],[153.1598,-27.7231],[153.1592,-27.7207],[153.1571,-27.7204],[153.1536,-27.7375]]]}},{"type":"Feature","properties":{"name":"Woodford - D'Aguilar","code":"313031371","centroid":[152.76309,-26.95084]},"geometry":{"type":"Polygon","coordinates":[[[152.6812,-26.9709],[152.6803,-26.9722],[152.6812,-26.9731],[152.6814,-26.9749],[152.6797,-26.9773],[152.6799,-26.9784],[152.6811,-26.9798],[152.6831,-26.9806],[152.6852,-26.98],[152.6865,-26.9788],[152.687,-26.9814],[152.6862,-26.9845],[152.6893,-26.9845],[152.688,-26.9875],[152.6857,-26.9866],[152.6848,-26.987],[152.685,-26.99],[152.6836,-26.9909],[152.6834,-26.993],[152.6852,-26.9958],[152.6871,-26.9969],[152.6886,-26.9991],[152.6889,-27.0012],[152.6915,-27.0051],[152.6946,-27.0068],[152.697,-27.0092],[152.6967,-27.0101],[152.6957,-27.0106],[152.6955,-27.0124],[152.6976,-27.0135],[152.6977,-27.0145],[152.697,-27.0147],[152.6973,-27.0161],[152.7008,-27.0183],[152.7002,-27.0227],[152.7035,-27.0248],[152.7015,-27.0265],[152.7032,-27.0288],[152.7024,-27.0309],[152.6985,-27.0317],[152.6975,-27.0335],[152.6974,-27.0374],[152.698,-27.0395],[152.6967,-27.041],[152.6982,-27.0423],[152.6958,-27.0424],[152.6944,-27.0447],[152.6931,-27.045],[152.6927,-27.0463],[152.6891,-27.0483],[152.6893,-27.051],[152.6909,-27.0531],[152.6892,-27.0551],[152.6925,-27.0561],[152.6928,-27.0576],[152.6949,-27.0556],[152.6958,-27.0573],[152.6952,-27.059],[152.6777,-27.057],[152.6778,-27.0583],[152.681,-27.0611],[152.6809,-27.0621],[152.6842,-27.0673],[152.6856,-27.072],[152.684,-27.0747],[152.6857,-27.0766],[152.6871,-27.0824],[152.6869,-27.0833],[152.6823,-27.0861],[152.6782,-27.087],[152.6765,-27.0881],[152.6765,-27.09],[152.6793,-27.0948],[152.6833,-27.0952],[152.687,-27.0933],[152.6898,-27.0928],[152.6958,-27.0949],[152.7038,-27.0951],[152.7118,-27.0978],[152.712,-27.0989],[152.7126,-27.0985],[152.7151,-27.1],[152.7183,-27.1004],[152.7181,-27.1022],[152.7262,-27.1032],[152.7265,-27.1014],[152.7345,-27.1023],[152.7335,-27.1074],[152.7366,-27.1067],[152.7382,-27.1074],[152.74,-27.1062],[152.7416,-27.1062],[152.7423,-27.1075],[152.7654,-27.1109],[152.7669,-27.1022],[152.7803,-27.1042],[152.784,-27.0863],[152.7856,-27.0883],[152.7884,-27.0893],[152.7887,-27.0912],[152.7911,-27.0903],[152.7907,-27.0912],[152.7912,-27.0925],[152.7922,-27.0921],[152.7926,-27.0925],[152.7919,-27.0945],[152.7927,-27.0946],[152.7935,-27.0934],[152.7954,-27.0939],[152.7959,-27.0955],[152.797,-27.0952],[152.7977,-27.0963],[152.7997,-27.0964],[152.8008,-27.0975],[152.804,-27.0944],[152.8054,-27.0945],[152.8047,-27.0932],[152.8057,-27.0888],[152.8186,-27.0906],[152.8192,-27.0865],[152.8268,-27.0831],[152.8264,-27.0824],[152.8278,-27.0794],[152.8264,-27.0785],[152.8232,-27.0738],[152.8187,-27.0704],[152.8192,-27.0669],[152.8196,-27.0682],[152.8205,-27.0684],[152.8231,-27.0673],[152.823,-27.0665],[152.8241,-27.0657],[152.8242,-27.0627],[152.828,-27.0616],[152.8294,-27.0618],[152.8291,-27.0603],[152.8306,-27.0588],[152.8329,-27.058],[152.8333,-27.0573],[152.8362,-27.0558],[152.8393,-27.0557],[152.8465,-27.053],[152.8488,-27.0528],[152.8492,-27.0502],[152.8486,-27.0506],[152.8391,-27.0389],[152.8309,-27.0443],[152.8321,-27.0417],[152.8309,-27.0412],[152.8301,-27.0399],[152.8278,-27.0388],[152.825,-27.0395],[152.8209,-27.0378],[152.8209,-27.0373],[152.8234,-27.0347],[152.8251,-27.0367],[152.8403,-27.0269],[152.836,-27.0215],[152.8433,-27.0168],[152.8413,-27.0116],[152.8504,-27.0058],[152.8543,-27.0111],[152.8608,-27.0121],[152.8639,-26.9952],[152.8609,-26.9945],[152.8604,-26.9917],[152.8545,-26.9875],[152.8544,-26.9861],[152.8557,-26.9834],[152.852,-26.9788],[152.8524,-26.9772],[152.8529,-26.9754],[152.8548,-26.9739],[152.8544,-26.9706],[152.8553,-26.9691],[152.8607,-26.967],[152.8628,-26.9643],[152.8694,-26.9632],[152.8736,-26.9636],[152.874,-26.9583],[152.858,-26.9562],[152.8612,-26.9363],[152.8608,-26.9359],[152.8636,-26.9348],[152.8678,-26.9359],[152.8682,-26.9336],[152.8725,-26.9305],[152.8754,-26.9135],[152.8595,-26.9113],[152.8611,-26.9027],[152.8553,-26.9019],[152.8565,-26.8949],[152.8542,-26.8946],[152.8555,-26.8874],[152.8668,-26.8889],[152.8695,-26.8729],[152.8575,-26.8712],[152.8583,-26.8661],[152.8517,-26.8652],[152.8532,-26.8562],[152.854,-26.8559],[152.8486,-26.8551],[152.848,-26.8582],[152.8439,-26.8576],[152.8386,-26.855],[152.8321,-26.8564],[152.8319,-26.8533],[152.829,-26.8502],[152.8245,-26.8494],[152.8199,-26.8438],[152.8196,-26.842],[152.8181,-26.8402],[152.8181,-26.8363],[152.8151,-26.8342],[152.8147,-26.8328],[152.8127,-26.8307],[152.8125,-26.8281],[152.8081,-26.8272],[152.805,-26.8248],[152.8006,-26.8271],[152.7919,-26.8273],[152.7908,-26.825],[152.7867,-26.8223],[152.7865,-26.8204],[152.7885,-26.8181],[152.7887,-26.8157],[152.79,-26.8132],[152.7886,-26.813],[152.7894,-26.8096],[152.7843,-26.8117],[152.7805,-26.8099],[152.7772,-26.8095],[152.7795,-26.7971],[152.7775,-26.7966],[152.7765,-26.7955],[152.771,-26.796],[152.7669,-26.7933],[152.7635,-26.7923],[152.7611,-26.7924],[152.7592,-26.8031],[152.7572,-26.8004],[152.7531,-26.7974],[152.7495,-26.8163],[152.7486,-26.8164],[152.7421,-26.8102],[152.7399,-26.8098],[152.7392,-26.808],[152.7336,-26.8073],[152.7349,-26.8094],[152.7352,-26.8113],[152.733,-26.815],[152.7291,-26.8166],[152.7275,-26.816],[152.7264,-26.8142],[152.7266,-26.8115],[152.7222,-26.8068],[152.721,-26.8086],[152.7094,-26.8111],[152.6964,-26.8091],[152.6955,-26.8079],[152.6981,-26.8056],[152.698,-26.8034],[152.6988,-26.803],[152.6792,-26.7999],[152.68,-26.8016],[152.6781,-26.8044],[152.6779,-26.807],[152.6788,-26.8088],[152.681,-26.8091],[152.6813,-26.8099],[152.679,-26.8164],[152.6751,-26.8183],[152.6731,-26.8181],[152.672,-26.8189],[152.6718,-26.8198],[152.6731,-26.822],[152.6778,-26.8209],[152.6791,-26.8222],[152.6792,-26.8231],[152.6764,-26.826],[152.6785,-26.8287],[152.6785,-26.8304],[152.6768,-26.8316],[152.6761,-26.8314],[152.6753,-26.8327],[152.6727,-26.8343],[152.6673,-26.8359],[152.6665,-26.8395],[152.6684,-26.843],[152.6709,-26.8449],[152.6697,-26.8475],[152.6701,-26.8504],[152.6684,-26.8519],[152.6699,-26.8529],[152.67,-26.8548],[152.6716,-26.8577],[152.6743,-26.8564],[152.6752,-26.8573],[152.6758,-26.8589],[152.6753,-26.8604],[152.6768,-26.8615],[152.6777,-26.8634],[152.6759,-26.866],[152.6763,-26.8668],[152.6802,-26.8694],[152.6844,-26.8756],[152.6852,-26.8761],[152.6864,-26.8758],[152.6866,-26.8776],[152.6857,-26.8791],[152.6845,-26.8789],[152.684,-26.8795],[152.6853,-26.8805],[152.6869,-26.8802],[152.6877,-26.881],[152.6873,-26.8864],[152.688,-26.8879],[152.6893,-26.8889],[152.6899,-26.8915],[152.6885,-26.8926],[152.689,-26.8953],[152.6886,-26.8969],[152.679,-26.8956],[152.6786,-26.8978],[152.6674,-26.8962],[152.6678,-26.9002],[152.6667,-26.9063],[152.6652,-26.908],[152.6627,-26.9087],[152.6608,-26.9099],[152.6874,-26.9137],[152.6856,-26.9148],[152.6822,-26.9152],[152.6823,-26.9174],[152.6778,-26.9186],[152.6782,-26.9204],[152.6764,-26.9224],[152.6764,-26.9233],[152.6743,-26.9222],[152.673,-26.9226],[152.673,-26.9238],[152.6719,-26.9258],[152.6699,-26.9272],[152.6695,-26.9285],[152.67,-26.9309],[152.6718,-26.9333],[152.6707,-26.9331],[152.6703,-26.9337],[152.67,-26.9371],[152.671,-26.9382],[152.6676,-26.9401],[152.6668,-26.9429],[152.6676,-26.9436],[152.6669,-26.944],[152.6654,-26.9428],[152.6642,-26.9432],[152.6647,-26.9448],[152.6639,-26.9458],[152.6641,-26.9473],[152.6637,-26.9474],[152.6631,-26.9461],[152.6622,-26.946],[152.6631,-26.948],[152.6619,-26.9493],[152.6602,-26.9479],[152.6596,-26.948],[152.6591,-26.9499],[152.6568,-26.949],[152.6561,-26.9478],[152.6536,-26.9488],[152.6522,-26.9508],[152.6512,-26.9547],[152.6513,-26.9553],[152.6546,-26.954],[152.6576,-26.9539],[152.6577,-26.9564],[152.6633,-26.9587],[152.6659,-26.9578],[152.6677,-26.9591],[152.6681,-26.961],[152.667,-26.9615],[152.6663,-26.9637],[152.665,-26.965],[152.6637,-26.9648],[152.6626,-26.9657],[152.6628,-26.9666],[152.6645,-26.9668],[152.6648,-26.9691],[152.6659,-26.969],[152.6714,-26.9653],[152.6738,-26.9662],[152.6767,-26.9661],[152.6802,-26.9641],[152.685,-26.9655],[152.6853,-26.966],[152.6841,-26.9668],[152.6847,-26.9677],[152.6844,-26.9685],[152.6822,-26.9696],[152.6812,-26.9709]]]}},{"type":"Feature","properties":{"name":"Woodridge","code":"311061336","centroid":[153.10574,-27.62854]},"geometry":{"type":"Polygon","coordinates":[[[153.0975,-27.6229],[153.0967,-27.6273],[153.0915,-27.6263],[153.091,-27.6289],[153.0946,-27.6318],[153.0949,-27.63],[153.0962,-27.6303],[153.0946,-27.6393],[153.0982,-27.6399],[153.1021,-27.6388],[153.1024,-27.6379],[153.1018,-27.6376],[153.1025,-27.6347],[153.1052,-27.6358],[153.1084,-27.6352],[153.1082,-27.6366],[153.1188,-27.6381],[153.1185,-27.6285],[153.1166,-27.6243],[153.1158,-27.6204],[153.0947,-27.6174],[153.0937,-27.6208],[153.0958,-27.6211],[153.0975,-27.6229]]]}},{"type":"Feature","properties":{"name":"Woolloongabba","code":"303021058","centroid":[153.03658,-27.4931]},"geometry":{"type":"Polygon","coordinates":[[[153.0398,-27.4905],[153.0392,-27.4901],[153.0402,-27.4852],[153.0312,-27.4839],[153.0319,-27.4859],[153.029,-27.4856],[153.0288,-27.4876],[153.0272,-27.49],[153.0252,-27.4898],[153.0284,-27.4927],[153.0313,-27.4939],[153.0324,-27.4951],[153.0318,-27.4964],[153.0326,-27.4966],[153.0288,-27.5001],[153.0411,-27.502],[153.0418,-27.4979],[153.0472,-27.4966],[153.0481,-27.4947],[153.0478,-27.4927],[153.046,-27.4918],[153.0459,-27.4924],[153.0424,-27.4919],[153.0417,-27.4902],[153.0408,-27.4898],[153.0398,-27.4905]]]}},{"type":"Feature","properties":{"name":"Wooloowin - Lutwyche","code":"305031131","centroid":[153.04064,-27.41713]},"geometry":{"type":"Polygon","coordinates":[[[153.0398,-27.4108],[153.0353,-27.4141],[153.0319,-27.4176],[153.0311,-27.4211],[153.0279,-27.4222],[153.0243,-27.4224],[153.0239,-27.4244],[153.0375,-27.4261],[153.0377,-27.4252],[153.0421,-27.4258],[153.0422,-27.4251],[153.0453,-27.4255],[153.0457,-27.423],[153.045,-27.4229],[153.0453,-27.4211],[153.0472,-27.4214],[153.0484,-27.4146],[153.0507,-27.4149],[153.0521,-27.4058],[153.0501,-27.4041],[153.049,-27.4064],[153.0422,-27.408],[153.0398,-27.4108]]]}},{"type":"Feature","properties":{"name":"Wynnum","code":"301031020","centroid":[153.16716,-27.44038]},"geometry":{"type":"Polygon","coordinates":[[[153.1531,-27.4394],[153.1527,-27.442],[153.1568,-27.4409],[153.1587,-27.4411],[153.157,-27.4459],[153.1577,-27.4479],[153.166,-27.4491],[153.1656,-27.4497],[153.1672,-27.4543],[153.1726,-27.4553],[153.175,-27.4567],[153.1777,-27.4539],[153.1792,-27.4549],[153.1796,-27.4532],[153.1845,-27.446],[153.18,-27.4446],[153.1754,-27.4404],[153.1739,-27.4346],[153.1715,-27.4319],[153.1715,-27.4314],[153.1721,-27.4318],[153.1722,-27.4295],[153.1696,-27.4267],[153.1694,-27.4241],[153.1654,-27.4236],[153.1637,-27.4269],[153.1585,-27.4262],[153.1554,-27.4276],[153.1527,-27.439],[153.1531,-27.4394]]]}},{"type":"Feature","properties":{"name":"Wynnum West - Hemmant","code":"301031021","centroid":[153.14099,-27.44968]},"geometry":{"type":"Polygon","coordinates":[[[153.1194,-27.4477],[153.1216,-27.4481],[153.1226,-27.4503],[153.1219,-27.4512],[153.1194,-27.4514],[153.1183,-27.4541],[153.1164,-27.4558],[153.1203,-27.4558],[153.1229,-27.457],[153.1228,-27.454],[153.1237,-27.4537],[153.1263,-27.4567],[153.126,-27.4591],[153.1268,-27.462],[153.1549,-27.4662],[153.1576,-27.4643],[153.1595,-27.4638],[153.1672,-27.4543],[153.1656,-27.4497],[153.166,-27.4491],[153.1577,-27.4479],[153.157,-27.4459],[153.1587,-27.4411],[153.1568,-27.4409],[153.1527,-27.442],[153.1534,-27.4365],[153.1461,-27.4355],[153.1454,-27.4391],[153.1438,-27.4422],[153.1431,-27.4426],[153.1368,-27.4396],[153.1361,-27.4387],[153.139,-27.4359],[153.1398,-27.4336],[153.1383,-27.4312],[153.1367,-27.4325],[153.136,-27.4309],[153.1368,-27.4294],[153.1356,-27.4276],[153.1355,-27.4268],[153.1362,-27.4265],[153.1354,-27.425],[153.1314,-27.4268],[153.1295,-27.4285],[153.1293,-27.4333],[153.1283,-27.4358],[153.1257,-27.4394],[153.1216,-27.4415],[153.1139,-27.4434],[153.1113,-27.4451],[153.1153,-27.4459],[153.1161,-27.4467],[153.1161,-27.448],[153.1194,-27.4477]]]}},{"type":"Feature","properties":{"name":"Yarrabilba","code":"311041571","centroid":[153.13801,-27.82525]},"geometry":{"type":"Polygon","coordinates":[[[153.1425,-27.7991],[153.1415,-27.8049],[153.1391,-27.8089],[153.1248,-27.8064],[153.1236,-27.8032],[153.1207,-27.8027],[153.1218,-27.797],[153.0993,-27.7935],[153.1004,-27.798],[153.0975,-27.8059],[153.0976,-27.8168],[153.1043,-27.826],[153.1086,-27.8369],[153.1094,-27.8376],[153.1182,-27.8389],[153.1189,-27.8396],[153.1194,-27.8414],[153.1191,-27.845],[153.1215,-27.8512],[153.1204,-27.8601],[153.1209,-27.865],[153.1228,-27.8662],[153.124,-27.8659],[153.1239,-27.8629],[153.1344,-27.8625],[153.1347,-27.8615],[153.1324,-27.8551],[153.1377,-27.8523],[153.1407,-27.8534],[153.1415,-27.8547],[153.1435,-27.8546],[153.1432,-27.8535],[153.1439,-27.8531],[153.1458,-27.8533],[153.1478,-27.8559],[153.1526,-27.8587],[153.1577,-27.8593],[153.1578,-27.8557],[153.157,-27.8541],[153.1508,-27.85],[153.1537,-27.8493],[153.1582,-27.847],[153.1607,-27.8435],[153.1691,-27.842],[153.1696,-27.8407],[153.1688,-27.8386],[153.1712,-27.837],[153.1747,-27.8321],[153.1757,-27.8294],[153.1833,-27.82],[153.1805,-27.8152],[153.1776,-27.814],[153.1767,-27.8124],[153.178,-27.8113],[153.1762,-27.8084],[153.1692,-27.8033],[153.1685,-27.8032],[153.1684,-27.806],[153.16,-27.8048],[153.1604,-27.8004],[153.1428,-27.7977],[153.1425,-27.7991]]]}},{"type":"Feature","properties":{"name":"Yeronga","code":"303021059","centroid":[153.01064,-27.52131]},"geometry":{"type":"Polygon","coordinates":[[[153.002,-27.5088],[152.9997,-27.514],[153.0015,-27.5151],[153.0081,-27.5158],[153.0106,-27.5168],[153.0117,-27.5192],[153.0104,-27.5223],[153.009,-27.5233],[153.0065,-27.5239],[152.9949,-27.5237],[152.9963,-27.5258],[152.9961,-27.5269],[152.9947,-27.5271],[152.9924,-27.526],[152.9908,-27.5265],[152.99,-27.5283],[152.9941,-27.5321],[152.9956,-27.5304],[152.9971,-27.5306],[152.9983,-27.5296],[152.9995,-27.5303],[153.0003,-27.5323],[153.0009,-27.5313],[153.002,-27.5321],[153.0032,-27.5312],[153.003,-27.5325],[153.0045,-27.5332],[153.0039,-27.5373],[153.0043,-27.5381],[153.005,-27.5385],[153.0059,-27.5351],[153.009,-27.5358],[153.0087,-27.5376],[153.0095,-27.5388],[153.0105,-27.5388],[153.0112,-27.5409],[153.012,-27.5413],[153.0139,-27.5359],[153.0136,-27.5315],[153.0145,-27.5314],[153.0143,-27.5304],[153.0174,-27.529],[153.0172,-27.5277],[153.0193,-27.5257],[153.0205,-27.5261],[153.0216,-27.5255],[153.0221,-27.5244],[153.0235,-27.5245],[153.0288,-27.5187],[153.0239,-27.518],[153.0245,-27.5129],[153.0167,-27.5117],[153.0179,-27.5051],[153.0058,-27.5059],[153.004,-27.5065],[153.002,-27.5088]]]}},{"type":"Feature","properties":{"name":"Zillmere","code":"302041046","centroid":[153.0389,-27.35844]},"geometry":{"type":"Polygon","coordinates":[[[153.0279,-27.3579],[153.0264,-27.3653],[153.0434,-27.3678],[153.0436,-27.3665],[153.0429,-27.366],[153.0433,-27.364],[153.0465,-27.3645],[153.0472,-27.3608],[153.0502,-27.3613],[153.0511,-27.3604],[153.0526,-27.3522],[153.0353,-27.3496],[153.0352,-27.351],[153.0346,-27.3519],[153.0337,-27.352],[153.0334,-27.3533],[153.0309,-27.3526],[153.0307,-27.3536],[153.03,-27.3531],[153.0272,-27.3535],[153.0265,-27.3577],[153.0279,-27.3579]]]}}]}