{"type":"FeatureCollection","features":[{"type":"Feature","properties":{"name":"Abbotsford","centroid":[144.99958,-37.80413],"areaDeg2":0.00019964},"geometry":{"type":"Polygon","coordinates":[[[144.9914,-37.8096],[144.9937,-37.7953],[145.0012,-37.7953],[145.002,-37.7967],[145.0095,-37.8105],[145.0154,-37.8121],[144.9914,-37.8096]]]}},{"type":"Feature","properties":{"name":"Aberfeldie","centroid":[144.89773,-37.75925],"areaDeg2":0.0001498},"geometry":{"type":"Polygon","coordinates":[[[144.9016,-37.7654],[144.8891,-37.762],[144.8895,-37.7539],[144.9073,-37.756],[144.9064,-37.7606],[144.9016,-37.7654]]]}},{"type":"Feature","properties":{"name":"Aintree","centroid":[144.66851,-37.71966],"areaDeg2":0.0007175},"geometry":{"type":"Polygon","coordinates":[[[144.6801,-37.738],[144.671,-37.7348],[144.6515,-37.7235],[144.6547,-37.7192],[144.6577,-37.7001],[144.6645,-37.7024],[144.6796,-37.7135],[144.6843,-37.7204],[144.6801,-37.738]]]}},{"type":"Feature","properties":{"name":"Airport West","centroid":[144.88203,-37.72364],"areaDeg2":0.00037643},"geometry":{"type":"Polygon","coordinates":[[[144.8638,-37.7282],[144.8679,-37.7238],[144.8885,-37.7108],[144.893,-37.7135],[144.8908,-37.7314],[144.8931,-37.7335],[144.8929,-37.7347],[144.8723,-37.7299],[144.8638,-37.7282]]]}},{"type":"Feature","properties":{"name":"Albanvale","centroid":[144.76889,-37.74586],"areaDeg2":0.00018065},"geometry":{"type":"Polygon","coordinates":[[[144.7787,-37.7466],[144.7781,-37.7504],[144.7569,-37.7505],[144.7627,-37.7401],[144.7794,-37.742],[144.7787,-37.7466]]]}},{"type":"Feature","properties":{"name":"Albert Park","centroid":[144.95993,-37.84465],"areaDeg2":0.00029758},"geometry":{"type":"Polygon","coordinates":[[[144.9789,-37.8525],[144.9707,-37.8536],[144.9707,-37.8536],[144.9604,-37.8447],[144.9544,-37.8512],[144.9426,-37.8462],[144.9465,-37.841],[144.9569,-37.8372],[144.9676,-37.8374],[144.9707,-37.8455],[144.9789,-37.8525]]]}},{"type":"Feature","properties":{"name":"Albion","centroid":[144.8158,-37.77612],"areaDeg2":0.00025477},"geometry":{"type":"Polygon","coordinates":[[[144.8161,-37.7661],[144.8239,-37.7765],[144.8273,-37.7854],[144.8153,-37.7841],[144.8089,-37.7809],[144.8059,-37.7677],[144.8161,-37.7661]]]}},{"type":"Feature","properties":{"name":"Alphington","centroid":[145.03094,-37.77961],"areaDeg2":0.000264},"geometry":{"type":"Polygon","coordinates":[[[145.0274,-37.7662],[145.0312,-37.7666],[145.0366,-37.7705],[145.0347,-37.7786],[145.0402,-37.7842],[145.0403,-37.7898],[145.0197,-37.7866],[145.0251,-37.7792],[145.0274,-37.7662]]]}},{"type":"Feature","properties":{"name":"Altona","centroid":[144.81434,-37.86034],"areaDeg2":0.00165406},"geometry":{"type":"Polygon","coordinates":[[[144.8084,-37.882],[144.7983,-37.8789],[144.7916,-37.8704],[144.7892,-37.86],[144.7777,-37.859],[144.7802,-37.8489],[144.7851,-37.8445],[144.853,-37.8524],[144.8516,-37.8559],[144.8677,-37.859],[144.8509,-37.8639],[144.8435,-37.8575],[144.8381,-37.8713],[144.826,-37.8707],[144.8138,-37.8755],[144.8084,-37.882]]]}},{"type":"Feature","properties":{"name":"Altona Meadows","centroid":[144.78401,-37.87988],"areaDeg2":0.00110768},"geometry":{"type":"Polygon","coordinates":[[[144.8084,-37.882],[144.804,-37.8944],[144.7997,-37.8987],[144.7865,-37.9],[144.7733,-37.8853],[144.7667,-37.8839],[144.7633,-37.8732],[144.7536,-37.876],[144.7548,-37.8695],[144.7746,-37.8663],[144.7777,-37.859],[144.7892,-37.86],[144.7916,-37.8704],[144.7983,-37.8789],[144.8084,-37.882]]]}},{"type":"Feature","properties":{"name":"Altona North","centroid":[144.83472,-37.83826],"areaDeg2":0.00149819},"geometry":{"type":"Polygon","coordinates":[[[144.8657,-37.8331],[144.863,-37.8485],[144.853,-37.8524],[144.7851,-37.8445],[144.814,-37.831],[144.8208,-37.826],[144.8578,-37.8245],[144.8671,-37.8243],[144.8657,-37.8331]]]}},{"type":"Feature","properties":{"name":"Ardeer","centroid":[144.80129,-37.77662],"areaDeg2":0.00020114},"geometry":{"type":"Polygon","coordinates":[[[144.8153,-37.7841],[144.7914,-37.7816],[144.7953,-37.7704],[144.8059,-37.7677],[144.8089,-37.7809],[144.8153,-37.7841]]]}},{"type":"Feature","properties":{"name":"Armadale","centroid":[145.0203,-37.85687],"areaDeg2":0.00022919},"geometry":{"type":"Polygon","coordinates":[[[145.0271,-37.8661],[145.0105,-37.8602],[145.0101,-37.8602],[145.0123,-37.8493],[145.0299,-37.8516],[145.0271,-37.8661]]]}},{"type":"Feature","properties":{"name":"Arthurs Creek","centroid":[145.20967,-37.56481],"areaDeg2":0.00359149},"geometry":{"type":"Polygon","coordinates":[[[145.1869,-37.5817],[145.1732,-37.5801],[145.1731,-37.5701],[145.152,-37.5721],[145.1534,-37.5648],[145.1687,-37.5667],[145.1705,-37.5573],[145.1777,-37.5582],[145.1793,-37.5376],[145.2056,-37.5393],[145.2153,-37.5406],[145.2389,-37.5374],[145.2369,-37.5482],[145.245,-37.5493],[145.239,-37.5581],[145.2478,-37.5591],[145.258,-37.5697],[145.2511,-37.5839],[145.2399,-37.5795],[145.2243,-37.5864],[145.2196,-37.5932],[145.2097,-37.592],[145.1978,-37.5993],[145.1944,-37.599],[145.1955,-37.5827],[145.1869,-37.5817]]]}},{"type":"Feature","properties":{"name":"Ascot Vale","centroid":[144.91393,-37.77705],"areaDeg2":0.0003855},"geometry":{"type":"Polygon","coordinates":[[[144.9026,-37.7897],[144.9028,-37.789],[144.8961,-37.7727],[144.901,-37.77],[144.9366,-37.7738],[144.9371,-37.7778],[144.9323,-37.7809],[144.9136,-37.7794],[144.9026,-37.7897]]]}},{"type":"Feature","properties":{"name":"Ashburton","centroid":[145.08099,-37.86737],"areaDeg2":0.00027874},"geometry":{"type":"Polygon","coordinates":[[[145.0937,-37.8613],[145.0921,-37.8718],[145.0702,-37.8746],[145.0636,-37.8671],[145.0752,-37.867],[145.0776,-37.8591],[145.0937,-37.8613]]]}},{"type":"Feature","properties":{"name":"Ashwood","centroid":[145.10217,-37.86732],"areaDeg2":0.00024205},"geometry":{"type":"Polygon","coordinates":[[[145.113,-37.8611],[145.1107,-37.8732],[145.0918,-37.8742],[145.0921,-37.8718],[145.0937,-37.8613],[145.0937,-37.8609],[145.113,-37.8611]]]}},{"type":"Feature","properties":{"name":"Aspendale","centroid":[145.10231,-38.02225],"areaDeg2":0.00031433},"geometry":{"type":"Polygon","coordinates":[[[145.1034,-38.0119],[145.1006,-38.0136],[145.1184,-38.0295],[145.1043,-38.0349],[145.0979,-38.024],[145.0843,-38.0112],[145.1034,-38.0119]]]}},{"type":"Feature","properties":{"name":"Aspendale Gardens","centroid":[145.11971,-38.02203],"areaDeg2":0.00032991},"geometry":{"type":"Polygon","coordinates":[[[145.1335,-38.0254],[145.1231,-38.0338],[145.1184,-38.0295],[145.1006,-38.0136],[145.1034,-38.0119],[145.1194,-38.0163],[145.1373,-38.0213],[145.1335,-38.0254]]]}},{"type":"Feature","properties":{"name":"Attwood","centroid":[144.8854,-37.66676],"areaDeg2":0.00047987},"geometry":{"type":"Polygon","coordinates":[[[144.8605,-37.6658],[144.8691,-37.6663],[144.8707,-37.6583],[144.9059,-37.662],[144.8994,-37.6757],[144.8676,-37.671],[144.8605,-37.6658]]]}},{"type":"Feature","properties":{"name":"Avondale Heights","centroid":[144.86251,-37.76142],"areaDeg2":0.00057186},"geometry":{"type":"Polygon","coordinates":[[[144.8513,-37.7698],[144.8477,-37.7498],[144.8797,-37.7528],[144.8821,-37.7559],[144.8732,-37.7616],[144.8719,-37.7727],[144.864,-37.7742],[144.8578,-37.7758],[144.8513,-37.7698]]]}},{"type":"Feature","properties":{"name":"Balaclava","centroid":[144.99483,-37.87045],"areaDeg2":0.00008225},"geometry":{"type":"Polygon","coordinates":[[[144.9982,-37.876],[144.9912,-37.8745],[144.9897,-37.8721],[144.9912,-37.8654],[145,-37.8665],[144.9982,-37.876]]]}},{"type":"Feature","properties":{"name":"Balwyn","centroid":[145.08361,-37.80878],"areaDeg2":0.00043808},"geometry":{"type":"Polygon","coordinates":[[[145.0704,-37.8145],[145.0724,-37.8082],[145.0614,-37.8069],[145.0625,-37.8008],[145.0924,-37.8047],[145.1041,-37.8021],[145.1027,-37.8105],[145.1002,-37.8146],[145.0902,-37.8132],[145.0865,-37.8186],[145.0704,-37.8145]]]}},{"type":"Feature","properties":{"name":"Balwyn North","centroid":[145.08474,-37.79203],"areaDeg2":0.00092218},"geometry":{"type":"Polygon","coordinates":[[[145.1041,-37.8021],[145.0924,-37.8047],[145.0625,-37.8008],[145.065,-37.7879],[145.0633,-37.7815],[145.0672,-37.7809],[145.0953,-37.7794],[145.0997,-37.7826],[145.1086,-37.7928],[145.1041,-37.8021]]]}},{"type":"Feature","properties":{"name":"Bangholme","centroid":[145.17178,-38.04831],"areaDeg2":0.00243557},"geometry":{"type":"Polygon","coordinates":[[[145.1335,-38.0254],[145.1373,-38.0213],[145.1784,-38.0328],[145.1835,-38.0318],[145.1873,-38.0363],[145.2105,-38.0392],[145.206,-38.0584],[145.1947,-38.0721],[145.1563,-38.0674],[145.1503,-38.0673],[145.1446,-38.0516],[145.1335,-38.0254]]]}},{"type":"Feature","properties":{"name":"Baxter","centroid":[145.1573,-38.20093],"areaDeg2":0.00098575},"geometry":{"type":"Polygon","coordinates":[[[145.1095,-38.2139],[145.1155,-38.2065],[145.1288,-38.2001],[145.1526,-38.1945],[145.1593,-38.1817],[145.1818,-38.1991],[145.1967,-38.1995],[145.1966,-38.212],[145.1846,-38.2066],[145.1588,-38.2049],[145.1582,-38.2072],[145.1473,-38.2102],[145.1436,-38.204],[145.1258,-38.2109],[145.1095,-38.2139]]]}},{"type":"Feature","properties":{"name":"Bayswater","centroid":[145.26415,-37.84542],"areaDeg2":0.00082124},"geometry":{"type":"Polygon","coordinates":[[[145.2439,-37.8522],[145.2383,-37.8387],[145.2585,-37.8366],[145.2672,-37.837],[145.2873,-37.8336],[145.2862,-37.8518],[145.2692,-37.8525],[145.2666,-37.8596],[145.2543,-37.8563],[145.2439,-37.8522]]]}},{"type":"Feature","properties":{"name":"Bayswater North","centroid":[145.28293,-37.82738],"areaDeg2":0.00067585},"geometry":{"type":"Polygon","coordinates":[[[145.264,-37.828],[145.2669,-37.8176],[145.2785,-37.8193],[145.2965,-37.8175],[145.3043,-37.8215],[145.3012,-37.8379],[145.2873,-37.8336],[145.2672,-37.837],[145.2585,-37.8366],[145.264,-37.828]]]}},{"type":"Feature","properties":{"name":"Beaconsfield","centroid":[145.38256,-38.04126],"areaDeg2":0.00117273},"geometry":{"type":"Polygon","coordinates":[[[145.3795,-38.0204],[145.3965,-38.0273],[145.3998,-38.0146],[145.4042,-38.0135],[145.4105,-38.018],[145.4015,-38.0273],[145.4007,-38.0345],[145.3927,-38.0414],[145.3873,-38.0658],[145.376,-38.0643],[145.3592,-38.0524],[145.3661,-38.0386],[145.3753,-38.0289],[145.3795,-38.0204]]]}},{"type":"Feature","properties":{"name":"Beaumaris","centroid":[145.03857,-37.98229],"areaDeg2":0.00055128},"geometry":{"type":"Polygon","coordinates":[[[145.0359,-37.9708],[145.0542,-37.9735],[145.0517,-37.9868],[145.0385,-37.9958],[145.0315,-37.9945],[145.0238,-37.9858],[145.0265,-37.9738],[145.0359,-37.9708]]]}},{"type":"Feature","properties":{"name":"Belgrave","centroid":[145.35583,-37.9116],"areaDeg2":0.00041873},"geometry":{"type":"Polygon","coordinates":[[[145.3417,-37.9185],[145.3513,-37.8986],[145.3634,-37.9013],[145.3647,-37.9083],[145.3716,-37.9157],[145.3596,-37.9187],[145.3635,-37.9234],[145.3567,-37.9226],[145.3417,-37.9185]]]}},{"type":"Feature","properties":{"name":"Belgrave Heights","centroid":[145.3432,-37.92603],"areaDeg2":0.0002496},"geometry":{"type":"Polygon","coordinates":[[[145.3307,-37.93],[145.3318,-37.9238],[145.3417,-37.9185],[145.3567,-37.9226],[145.3488,-37.9336],[145.3307,-37.93]]]}},{"type":"Feature","properties":{"name":"Belgrave South","centroid":[145.35745,-37.94167],"areaDeg2":0.00126538},"geometry":{"type":"Polygon","coordinates":[[[145.3852,-37.934],[145.3837,-37.9381],[145.3851,-37.9516],[145.3747,-37.9516],[145.3756,-37.9591],[145.3565,-37.9529],[145.3476,-37.9538],[145.3365,-37.9504],[145.3283,-37.9498],[145.3307,-37.93],[145.3488,-37.9336],[145.3567,-37.9226],[145.3635,-37.9234],[145.3661,-37.9298],[145.3765,-37.934],[145.3852,-37.934]]]}},{"type":"Feature","properties":{"name":"Bellarine","centroid":[144.62189,-38.1365],"areaDeg2":0.00146276},"geometry":{"type":"Polygon","coordinates":[[[144.5968,-38.1465],[144.586,-38.1347],[144.6069,-38.124],[144.6204,-38.1153],[144.6286,-38.1163],[144.6265,-38.1275],[144.6535,-38.131],[144.6492,-38.1526],[144.5968,-38.1465]]]}},{"type":"Feature","properties":{"name":"Bellfield","centroid":[145.03874,-37.75319],"areaDeg2":0.00008708},"geometry":{"type":"Polygon","coordinates":[[[145.0333,-37.7489],[145.0461,-37.7511],[145.045,-37.7571],[145.0313,-37.7556],[145.0333,-37.7489]]]}},{"type":"Feature","properties":{"name":"Bend Of Islands","centroid":[145.28242,-37.69807],"areaDeg2":0.00045003},"geometry":{"type":"Polygon","coordinates":[[[145.2674,-37.7037],[145.2722,-37.6917],[145.2818,-37.6859],[145.3023,-37.6905],[145.2902,-37.6941],[145.2877,-37.7002],[145.2968,-37.7038],[145.2932,-37.7095],[145.2861,-37.7034],[145.2813,-37.7138],[145.2722,-37.7038],[145.2674,-37.7037]]]}},{"type":"Feature","properties":{"name":"Bentleigh","centroid":[145.03799,-37.92219],"areaDeg2":0.0005013},"geometry":{"type":"Polygon","coordinates":[[[145.0344,-37.933],[145.0344,-37.933],[145.0225,-37.9206],[145.0248,-37.9108],[145.0524,-37.9151],[145.0486,-37.9347],[145.0344,-37.933]]]}},{"type":"Feature","properties":{"name":"Bentleigh East","centroid":[145.06693,-37.92217],"areaDeg2":0.00092584},"geometry":{"type":"Polygon","coordinates":[[[145.0742,-37.9081],[145.0852,-37.9095],[145.0853,-37.9095],[145.0795,-37.9388],[145.0486,-37.9347],[145.0524,-37.9151],[145.0534,-37.9096],[145.0542,-37.9057],[145.0604,-37.9065],[145.0742,-37.9081]]]}},{"type":"Feature","properties":{"name":"Berwick","centroid":[145.34806,-38.03983],"areaDeg2":0.00350543},"geometry":{"type":"Polygon","coordinates":[[[145.3197,-38.0454],[145.3229,-38.0387],[145.3314,-38.0394],[145.3133,-38.0215],[145.3182,-38.0175],[145.3227,-38.0049],[145.3299,-38.0058],[145.347,-38.0075],[145.3613,-38.0046],[145.3697,-38.0098],[145.3853,-38.0133],[145.3795,-38.0204],[145.3753,-38.0289],[145.3661,-38.0386],[145.3592,-38.0524],[145.376,-38.0643],[145.3815,-38.0701],[145.3765,-38.0796],[145.3353,-38.0745],[145.3279,-38.0677],[145.3212,-38.0567],[145.3197,-38.0454]]]}},{"type":"Feature","properties":{"name":"Black Rock","centroid":[145.02119,-37.97028],"areaDeg2":0.00032586},"geometry":{"type":"Polygon","coordinates":[[[145.0359,-37.9708],[145.0265,-37.9738],[145.0238,-37.9858],[145.0103,-37.9702],[145.01,-37.9613],[145.0285,-37.9627],[145.0359,-37.9708]]]}},{"type":"Feature","properties":{"name":"Blackburn","centroid":[145.15242,-37.82143],"areaDeg2":0.00060675},"geometry":{"type":"Polygon","coordinates":[[[145.1601,-37.8333],[145.1363,-37.8304],[145.1363,-37.8304],[145.1395,-37.8154],[145.1406,-37.8091],[145.1665,-37.812],[145.1678,-37.8279],[145.1601,-37.8333]]]}},{"type":"Feature","properties":{"name":"Blackburn North","centroid":[145.15432,-37.80522],"areaDeg2":0.00028714},"geometry":{"type":"Polygon","coordinates":[[[145.1665,-37.812],[145.1406,-37.8091],[145.1426,-37.7974],[145.1678,-37.8025],[145.1696,-37.803],[145.1665,-37.812]]]}},{"type":"Feature","properties":{"name":"Blackburn South","centroid":[145.14611,-37.83969],"areaDeg2":0.00037742},"geometry":{"type":"Polygon","coordinates":[[[145.1332,-37.8475],[145.1335,-37.8458],[145.1363,-37.8304],[145.1601,-37.8333],[145.1569,-37.8458],[145.1529,-37.8481],[145.1332,-37.8475]]]}},{"type":"Feature","properties":{"name":"Blind Bight","centroid":[145.34034,-38.21318],"areaDeg2":0.00065141},"geometry":{"type":"Polygon","coordinates":[[[145.3267,-38.2352],[145.3288,-38.2234],[145.3255,-38.2146],[145.3397,-38.2041],[145.3381,-38.1955],[145.351,-38.1929],[145.3562,-38.2029],[145.3534,-38.2146],[145.3424,-38.2155],[145.3396,-38.2219],[145.3418,-38.2293],[145.333,-38.236],[145.3267,-38.2352]]]}},{"type":"Feature","properties":{"name":"Bonbeach","centroid":[145.12752,-38.06304],"areaDeg2":0.0002826},"geometry":{"type":"Polygon","coordinates":[[[145.132,-38.0692],[145.1205,-38.0733],[145.116,-38.0601],[145.1332,-38.0527],[145.1345,-38.055],[145.1397,-38.0647],[145.132,-38.0692]]]}},{"type":"Feature","properties":{"name":"Bonnie Brook","centroid":[144.66992,-37.69614],"areaDeg2":0.00134731},"geometry":{"type":"Polygon","coordinates":[[[144.6925,-37.7166],[144.6843,-37.7204],[144.6796,-37.7135],[144.6645,-37.7024],[144.6577,-37.7001],[144.6446,-37.7021],[144.6375,-37.6976],[144.6399,-37.6873],[144.6375,-37.6811],[144.6418,-37.6802],[144.6972,-37.6872],[144.6925,-37.7166]]]}},{"type":"Feature","properties":{"name":"Boronia","centroid":[145.28599,-37.85614],"areaDeg2":0.00114802},"geometry":{"type":"Polygon","coordinates":[[[145.2586,-37.8688],[145.2504,-37.8683],[145.2543,-37.8563],[145.2666,-37.8596],[145.2692,-37.8525],[145.2862,-37.8518],[145.2873,-37.8336],[145.3012,-37.8379],[145.318,-37.8439],[145.3178,-37.8449],[145.299,-37.8531],[145.306,-37.8632],[145.3062,-37.869],[145.2932,-37.8681],[145.2823,-37.873],[145.2733,-37.8676],[145.2586,-37.8688]]]}},{"type":"Feature","properties":{"name":"Botanic Ridge","centroid":[145.26529,-38.14144],"areaDeg2":0.00065201},"geometry":{"type":"Polygon","coordinates":[[[145.2841,-38.1403],[145.2935,-38.1418],[145.2912,-38.1534],[145.2455,-38.1478],[145.2492,-38.1241],[145.2682,-38.1266],[145.2577,-38.1328],[145.2707,-38.1439],[145.279,-38.1448],[145.2841,-38.1403]]]}},{"type":"Feature","properties":{"name":"Box Hill","centroid":[145.12612,-37.82152],"areaDeg2":0.00036195},"geometry":{"type":"Polygon","coordinates":[[[145.1158,-37.8126],[145.1395,-37.8154],[145.1363,-37.8304],[145.1129,-37.8277],[145.1135,-37.8249],[145.1158,-37.8126]]]}},{"type":"Feature","properties":{"name":"Box Hill North","centroid":[145.12966,-37.80546],"areaDeg2":0.00041235},"geometry":{"type":"Polygon","coordinates":[[[145.1188,-37.7964],[145.1249,-37.7988],[145.1326,-37.7953],[145.1426,-37.7974],[145.1406,-37.8091],[145.1395,-37.8154],[145.1158,-37.8126],[145.1188,-37.7964]]]}},{"type":"Feature","properties":{"name":"Box Hill South","centroid":[145.12322,-37.83675],"areaDeg2":0.00036724},"geometry":{"type":"Polygon","coordinates":[[[145.1363,-37.8304],[145.1363,-37.8304],[145.1335,-37.8458],[145.1102,-37.8431],[145.1111,-37.8377],[145.1129,-37.8277],[145.1363,-37.8304]]]}},{"type":"Feature","properties":{"name":"Braeside","centroid":[145.12324,-38.00044],"areaDeg2":0.00085075},"geometry":{"type":"Polygon","coordinates":[[[145.1408,-38.0107],[145.1208,-38.0093],[145.1194,-38.0163],[145.1034,-38.0119],[145.1092,-37.9866],[145.1447,-37.9909],[145.1408,-38.0107]]]}},{"type":"Feature","properties":{"name":"Braybrook","centroid":[144.85431,-37.78644],"areaDeg2":0.00044354},"geometry":{"type":"Polygon","coordinates":[[[144.8471,-37.7791],[144.8513,-37.7698],[144.8578,-37.7758],[144.864,-37.7742],[144.8639,-37.7895],[144.8607,-37.7994],[144.8425,-37.7973],[144.8471,-37.7791]]]}},{"type":"Feature","properties":{"name":"Briar Hill","centroid":[145.1232,-37.70637],"areaDeg2":0.00008899},"geometry":{"type":"Polygon","coordinates":[[[145.1149,-37.7117],[145.1202,-37.7003],[145.1281,-37.7047],[145.1316,-37.7077],[145.1326,-37.7097],[145.1206,-37.709],[145.1149,-37.7117]]]}},{"type":"Feature","properties":{"name":"Brighton","centroid":[144.99563,-37.90956],"areaDeg2":0.00088088},"geometry":{"type":"Polygon","coordinates":[[[145.0047,-37.8958],[145.0063,-37.8998],[145.0087,-37.9082],[145.0046,-37.9294],[144.9932,-37.9328],[144.9868,-37.9266],[144.9851,-37.9104],[144.9801,-37.9051],[144.9858,-37.8965],[144.9848,-37.891],[144.9907,-37.8917],[144.9971,-37.8839],[145.0047,-37.8958]]]}},{"type":"Feature","properties":{"name":"Brighton East","centroid":[145.01661,-37.91705],"areaDeg2":0.00056833},"geometry":{"type":"Polygon","coordinates":[[[145.0046,-37.9294],[145.0087,-37.9082],[145.0063,-37.8998],[145.0122,-37.9005],[145.026,-37.9022],[145.0258,-37.9062],[145.0248,-37.9108],[145.0225,-37.9206],[145.0344,-37.933],[145.025,-37.9318],[145.0046,-37.9294]]]}},{"type":"Feature","properties":{"name":"Broadmeadows","centroid":[144.93099,-37.68256],"areaDeg2":0.00082747},"geometry":{"type":"Polygon","coordinates":[[[144.9033,-37.681],[144.9161,-37.6718],[144.9187,-37.6631],[144.9221,-37.6638],[144.9255,-37.6642],[144.9233,-37.6752],[144.9375,-37.677],[144.95,-37.6743],[144.9563,-37.6894],[144.957,-37.6919],[144.9153,-37.6944],[144.9174,-37.6849],[144.9033,-37.681]]]}},{"type":"Feature","properties":{"name":"Brooklyn","centroid":[144.8412,-37.81633],"areaDeg2":0.00056774},"geometry":{"type":"Polygon","coordinates":[[[144.8598,-37.8138],[144.8578,-37.8245],[144.8208,-37.826],[144.8267,-37.8169],[144.8345,-37.8064],[144.833,-37.8029],[144.8437,-37.8029],[144.8559,-37.8149],[144.8598,-37.8138]]]}},{"type":"Feature","properties":{"name":"Brunswick","centroid":[144.96158,-37.7667],"areaDeg2":0.00050473},"geometry":{"type":"Polygon","coordinates":[[[144.9539,-37.7542],[144.977,-37.7569],[144.974,-37.7587],[144.9705,-37.7792],[144.9615,-37.7782],[144.9602,-37.778],[144.9497,-37.7768],[144.9487,-37.7696],[144.9539,-37.7542]]]}},{"type":"Feature","properties":{"name":"Brunswick East","centroid":[144.97802,-37.76959],"areaDeg2":0.00024512},"geometry":{"type":"Polygon","coordinates":[[[144.9868,-37.7743],[144.9781,-37.7801],[144.9705,-37.7792],[144.974,-37.7587],[144.977,-37.7569],[144.9802,-37.7573],[144.9808,-37.7589],[144.9868,-37.7743]]]}},{"type":"Feature","properties":{"name":"Brunswick West","centroid":[144.94257,-37.7623],"areaDeg2":0.00035031},"geometry":{"type":"Polygon","coordinates":[[[144.9497,-37.7768],[144.9366,-37.7738],[144.9385,-37.7615],[144.9338,-37.7594],[144.927,-37.7511],[144.9462,-37.7533],[144.9539,-37.7542],[144.9487,-37.7696],[144.9497,-37.7768]]]}},{"type":"Feature","properties":{"name":"Bulla","centroid":[144.79186,-37.63429],"areaDeg2":0.00361567},"geometry":{"type":"Polygon","coordinates":[[[144.8047,-37.6695],[144.8012,-37.6742],[144.7814,-37.6753],[144.7636,-37.6644],[144.7668,-37.6555],[144.7633,-37.6465],[144.7649,-37.6373],[144.7762,-37.6232],[144.7805,-37.6151],[144.76,-37.5986],[144.7601,-37.5826],[144.7684,-37.584],[144.7705,-37.5905],[144.7805,-37.5913],[144.7872,-37.5967],[144.7894,-37.6085],[144.8005,-37.6118],[144.8069,-37.6071],[144.8216,-37.6081],[144.8184,-37.6276],[144.8364,-37.6296],[144.8339,-37.644],[144.8159,-37.641],[144.8134,-37.6551],[144.8057,-37.6528],[144.8047,-37.6695]]]}},{"type":"Feature","properties":{"name":"Bulleen","centroid":[145.08659,-37.76859],"areaDeg2":0.00073475},"geometry":{"type":"Polygon","coordinates":[[[145.0997,-37.7826],[145.0953,-37.7794],[145.0672,-37.7809],[145.0721,-37.7667],[145.0772,-37.7601],[145.0825,-37.7514],[145.0938,-37.7524],[145.0928,-37.7579],[145.1012,-37.763],[145.1042,-37.7723],[145.0997,-37.7826]]]}},{"type":"Feature","properties":{"name":"Bundoora","centroid":[145.05901,-37.69844],"areaDeg2":0.00191084},"geometry":{"type":"Polygon","coordinates":[[[145.0257,-37.7139],[145.034,-37.712],[145.0325,-37.6973],[145.0409,-37.6953],[145.042,-37.6772],[145.0422,-37.6765],[145.0848,-37.6792],[145.1035,-37.6829],[145.0997,-37.6895],[145.0778,-37.6876],[145.081,-37.6931],[145.0795,-37.7021],[145.0749,-37.7088],[145.0696,-37.7082],[145.0566,-37.72],[145.0554,-37.7292],[145.0386,-37.7273],[145.0347,-37.7208],[145.0451,-37.7135],[145.0257,-37.7139]]]}},{"type":"Feature","properties":{"name":"Burnley","centroid":[145.01615,-37.82988],"areaDeg2":0.00005411},"geometry":{"type":"Polygon","coordinates":[[[145.0169,-37.8254],[145.0246,-37.8345],[145.014,-37.8308],[145.0064,-37.8316],[145.0062,-37.8315],[145.0169,-37.8254]]]}},{"type":"Feature","properties":{"name":"Burnside","centroid":[144.75296,-37.7493],"areaDeg2":0.00024972},"geometry":{"type":"Polygon","coordinates":[[[144.7477,-37.7417],[144.7624,-37.7381],[144.7627,-37.7401],[144.7569,-37.7505],[144.7572,-37.7635],[144.7484,-37.7594],[144.7495,-37.752],[144.742,-37.7514],[144.7477,-37.7417]]]}},{"type":"Feature","properties":{"name":"Burnside Heights","centroid":[144.75582,-37.73235],"areaDeg2":0.00021195},"geometry":{"type":"Polygon","coordinates":[[[144.7624,-37.7381],[144.7477,-37.7417],[144.7506,-37.724],[144.7641,-37.7253],[144.764,-37.7256],[144.7624,-37.7381]]]}},{"type":"Feature","properties":{"name":"Burwood","centroid":[145.11099,-37.85008],"areaDeg2":0.00063251},"geometry":{"type":"Polygon","coordinates":[[[145.1335,-37.8458],[145.1332,-37.8475],[145.1314,-37.8576],[145.114,-37.8555],[145.113,-37.8611],[145.0937,-37.8609],[145.0955,-37.8508],[145.0982,-37.8363],[145.1111,-37.8377],[145.1102,-37.8431],[145.1335,-37.8458]]]}},{"type":"Feature","properties":{"name":"Burwood East","centroid":[145.15154,-37.85379],"areaDeg2":0.00044334},"geometry":{"type":"Polygon","coordinates":[[[145.1691,-37.862],[145.1508,-37.8598],[145.1314,-37.8576],[145.1332,-37.8475],[145.1529,-37.8481],[145.1569,-37.8458],[145.1644,-37.8468],[145.1693,-37.8548],[145.1691,-37.862]]]}},{"type":"Feature","properties":{"name":"Cairnlea","centroid":[144.78797,-37.75953],"areaDeg2":0.00044716},"geometry":{"type":"Polygon","coordinates":[[[144.7787,-37.7466],[144.7926,-37.748],[144.7965,-37.7589],[144.8059,-37.7677],[144.7953,-37.7704],[144.7752,-37.7665],[144.7781,-37.7504],[144.7787,-37.7466]]]}},{"type":"Feature","properties":{"name":"Calder Park","centroid":[144.76107,-37.67616],"areaDeg2":0.00028203},"geometry":{"type":"Polygon","coordinates":[[[144.765,-37.6895],[144.7583,-37.681],[144.7548,-37.6766],[144.7443,-37.6631],[144.7472,-37.6633],[144.7627,-37.6707],[144.7752,-37.679],[144.765,-37.6895]]]}},{"type":"Feature","properties":{"name":"Camberwell","centroid":[145.07397,-37.83826],"areaDeg2":0.00079858},"geometry":{"type":"Polygon","coordinates":[[[145.0587,-37.8209],[145.0669,-37.8217],[145.0736,-37.83],[145.0857,-37.8341],[145.0982,-37.8363],[145.0955,-37.8508],[145.0534,-37.8457],[145.0587,-37.8209]]]}},{"type":"Feature","properties":{"name":"Campbellfield","centroid":[144.95912,-37.66383],"areaDeg2":0.0012454},"geometry":{"type":"Polygon","coordinates":[[[144.9563,-37.6894],[144.95,-37.6743],[144.9469,-37.6665],[144.9349,-37.6414],[144.9732,-37.6463],[144.9755,-37.6547],[144.9722,-37.6628],[144.974,-37.6691],[144.9762,-37.6727],[144.9713,-37.6842],[144.9721,-37.691],[144.9563,-37.6894]]]}},{"type":"Feature","properties":{"name":"Cannons Creek","centroid":[145.31057,-38.20648],"areaDeg2":0.00086795},"geometry":{"type":"Polygon","coordinates":[[[145.3381,-38.1955],[145.3397,-38.2041],[145.3255,-38.2146],[145.3104,-38.2154],[145.2976,-38.213],[145.2855,-38.2191],[145.2795,-38.2116],[145.2813,-38.2025],[145.2912,-38.2037],[145.3201,-38.1959],[145.3381,-38.1955]]]}},{"type":"Feature","properties":{"name":"Canterbury","centroid":[145.07516,-37.82256],"areaDeg2":0.00031234},"geometry":{"type":"Polygon","coordinates":[[[145.0857,-37.8341],[145.0736,-37.83],[145.0669,-37.8217],[145.0587,-37.8209],[145.0594,-37.8174],[145.0597,-37.8154],[145.0704,-37.8145],[145.0865,-37.8186],[145.0857,-37.8341]]]}},{"type":"Feature","properties":{"name":"Cardinia","centroid":[145.41825,-38.14289],"areaDeg2":0.00276648},"geometry":{"type":"Polygon","coordinates":[[[145.4002,-38.1114],[145.4167,-38.1133],[145.4261,-38.1171],[145.4343,-38.1257],[145.4522,-38.1281],[145.4509,-38.1346],[145.4481,-38.149],[145.445,-38.1638],[145.4261,-38.1614],[145.4231,-38.1758],[145.3932,-38.172],[145.3993,-38.143],[145.3834,-38.1256],[145.3885,-38.1205],[145.4017,-38.1192],[145.4002,-38.1114]]]}},{"type":"Feature","properties":{"name":"Carlton","centroid":[144.96763,-37.80036],"areaDeg2":0.00019413},"geometry":{"type":"Polygon","coordinates":[[[144.9732,-37.8079],[144.9714,-37.8077],[144.9599,-37.8063],[144.9588,-37.7999],[144.9652,-37.7931],[144.9757,-37.793],[144.9732,-37.8079]]]}},{"type":"Feature","properties":{"name":"Carlton North","centroid":[144.96888,-37.78668],"areaDeg2":0.00018673},"geometry":{"type":"Polygon","coordinates":[[[144.9602,-37.778],[144.9615,-37.7782],[144.9636,-37.785],[144.9695,-37.7856],[144.9705,-37.7792],[144.9781,-37.7801],[144.9757,-37.7929],[144.9757,-37.793],[144.9652,-37.7931],[144.9589,-37.789],[144.9602,-37.778]]]}},{"type":"Feature","properties":{"name":"Carnegie","centroid":[145.05594,-37.89324],"areaDeg2":0.00041327},"geometry":{"type":"Polygon","coordinates":[[[145.0604,-37.9065],[145.0542,-37.9057],[145.0451,-37.8982],[145.0461,-37.8873],[145.0496,-37.881],[145.0675,-37.8846],[145.0635,-37.9025],[145.0604,-37.9065]]]}},{"type":"Feature","properties":{"name":"Caroline Springs","centroid":[144.73716,-37.7345],"areaDeg2":0.00086885},"geometry":{"type":"Polygon","coordinates":[[[144.7484,-37.7594],[144.7237,-37.7508],[144.7291,-37.7212],[144.7326,-37.7062],[144.7419,-37.7044],[144.7385,-37.7224],[144.7506,-37.724],[144.7477,-37.7417],[144.742,-37.7514],[144.7495,-37.752],[144.7484,-37.7594]]]}},{"type":"Feature","properties":{"name":"Carrum","centroid":[145.12736,-38.07758],"areaDeg2":0.00015134},"geometry":{"type":"Polygon","coordinates":[[[145.1205,-38.0733],[145.132,-38.0692],[145.1336,-38.0833],[145.1228,-38.0851],[145.1205,-38.0733]]]}},{"type":"Feature","properties":{"name":"Carrum Downs","centroid":[145.17688,-38.09308],"areaDeg2":0.00212698},"geometry":{"type":"Polygon","coordinates":[[[145.1489,-38.0835],[145.1546,-38.0757],[145.1563,-38.0674],[145.1947,-38.0721],[145.2031,-38.0732],[145.2,-38.088],[145.194,-38.1172],[145.1875,-38.1236],[145.1819,-38.1268],[145.1738,-38.1219],[145.1753,-38.1149],[145.1574,-38.1127],[145.162,-38.1089],[145.1511,-38.0917],[145.1489,-38.0835]]]}},{"type":"Feature","properties":{"name":"Caulfield","centroid":[145.02633,-37.88406],"areaDeg2":0.00015094},"geometry":{"type":"Polygon","coordinates":[[[145.0163,-37.8792],[145.0346,-37.8814],[145.0382,-37.8863],[145.0377,-37.8889],[145.0149,-37.886],[145.0163,-37.8792]]]}},{"type":"Feature","properties":{"name":"Caulfield East","centroid":[145.04201,-37.88181],"areaDeg2":0.00011025},"geometry":{"type":"Polygon","coordinates":[[[145.0402,-37.8751],[145.0496,-37.881],[145.0461,-37.8873],[145.0382,-37.8863],[145.0346,-37.8814],[145.0402,-37.8751]]]}},{"type":"Feature","properties":{"name":"Caulfield North","centroid":[145.02173,-37.87237],"areaDeg2":0.00042257},"geometry":{"type":"Polygon","coordinates":[[[145.0346,-37.8814],[145.0163,-37.8792],[145.0072,-37.8781],[145.0105,-37.8602],[145.0271,-37.8661],[145.0376,-37.8731],[145.0402,-37.8751],[145.0346,-37.8814]]]}},{"type":"Feature","properties":{"name":"Caulfield South","centroid":[145.02492,-37.89467],"areaDeg2":0.00033513},"geometry":{"type":"Polygon","coordinates":[[[145.0129,-37.8967],[145.0149,-37.886],[145.0377,-37.8889],[145.0361,-37.8968],[145.0349,-37.9033],[145.026,-37.9022],[145.0122,-37.9005],[145.0129,-37.8967]]]}},{"type":"Feature","properties":{"name":"Chadstone","centroid":[145.10016,-37.88239],"areaDeg2":0.00032274},"geometry":{"type":"Polygon","coordinates":[[[145.0918,-37.8742],[145.1107,-37.8732],[145.107,-37.8927],[145.0948,-37.8911],[145.0894,-37.887],[145.0918,-37.8742]]]}},{"type":"Feature","properties":{"name":"Chelsea","centroid":[145.12133,-38.04958],"areaDeg2":0.00027617},"geometry":{"type":"Polygon","coordinates":[[[145.1332,-38.0527],[145.116,-38.0601],[145.11,-38.046],[145.1259,-38.0392],[145.1332,-38.0527]]]}},{"type":"Feature","properties":{"name":"Chelsea Heights","centroid":[145.13384,-38.04096],"areaDeg2":0.00031},"geometry":{"type":"Polygon","coordinates":[[[145.1335,-38.0254],[145.1446,-38.0516],[145.1345,-38.055],[145.1332,-38.0527],[145.1259,-38.0392],[145.1231,-38.0338],[145.1335,-38.0254]]]}},{"type":"Feature","properties":{"name":"Cheltenham","centroid":[145.06116,-37.96376],"areaDeg2":0.00110395},"geometry":{"type":"Polygon","coordinates":[[[145.0285,-37.9627],[145.0305,-37.9544],[145.0571,-37.958],[145.059,-37.9476],[145.0774,-37.9498],[145.0754,-37.9603],[145.0932,-37.9648],[145.0922,-37.9699],[145.0862,-37.9763],[145.0542,-37.9735],[145.0359,-37.9708],[145.0285,-37.9627]]]}},{"type":"Feature","properties":{"name":"Chirnside Park","centroid":[145.31396,-37.73862],"areaDeg2":0.00229579},"geometry":{"type":"Polygon","coordinates":[[[145.2934,-37.7122],[145.3039,-37.7159],[145.3122,-37.7139],[145.3425,-37.7165],[145.3409,-37.7265],[145.3343,-37.7611],[145.3161,-37.7584],[145.3042,-37.7717],[145.2982,-37.7708],[145.2972,-37.7693],[145.2964,-37.7635],[145.2923,-37.7554],[145.2869,-37.7353],[145.2939,-37.7229],[145.2934,-37.7122]]]}},{"type":"Feature","properties":{"name":"Christmas Hills","centroid":[145.31349,-37.65836],"areaDeg2":0.00510641},"geometry":{"type":"Polygon","coordinates":[[[145.3356,-37.6821],[145.3314,-37.6873],[145.318,-37.6913],[145.315,-37.6987],[145.3122,-37.7139],[145.3039,-37.7159],[145.2934,-37.7122],[145.2932,-37.7095],[145.2968,-37.7038],[145.2877,-37.7002],[145.2902,-37.6941],[145.3023,-37.6905],[145.2818,-37.6859],[145.2722,-37.6917],[145.2668,-37.6863],[145.2621,-37.6754],[145.2565,-37.672],[145.2746,-37.6565],[145.2859,-37.6505],[145.3051,-37.6421],[145.3078,-37.632],[145.3231,-37.6176],[145.3217,-37.612],[145.3264,-37.6091],[145.3427,-37.6094],[145.3467,-37.5997],[145.3551,-37.6007],[145.3579,-37.6186],[145.3532,-37.6399],[145.3458,-37.6557],[145.3355,-37.6624],[145.3304,-37.6719],[145.3356,-37.6821]]]}},{"type":"Feature","properties":{"name":"Clarinda","centroid":[145.10581,-37.94321],"areaDeg2":0.00036399},"geometry":{"type":"Polygon","coordinates":[[[145.0972,-37.9445],[145.1007,-37.9263],[145.1075,-37.9271],[145.1099,-37.9274],[145.1071,-37.9418],[145.1163,-37.9429],[145.1119,-37.9592],[145.1027,-37.9554],[145.0972,-37.9445]]]}},{"type":"Feature","properties":{"name":"Clayton","centroid":[145.13099,-37.91831],"areaDeg2":0.00083069},"geometry":{"type":"Polygon","coordinates":[[[145.1475,-37.9272],[145.1417,-37.9314],[145.1099,-37.9274],[145.1075,-37.9271],[145.1133,-37.9128],[145.1219,-37.9138],[145.1245,-37.8992],[145.1292,-37.8997],[145.1282,-37.9051],[145.1516,-37.9099],[145.1475,-37.9272]]]}},{"type":"Feature","properties":{"name":"Clayton South","centroid":[145.12506,-37.94385],"areaDeg2":0.00086197},"geometry":{"type":"Polygon","coordinates":[[[145.1417,-37.9314],[145.1366,-37.9605],[145.1297,-37.9615],[145.1119,-37.9592],[145.1163,-37.9429],[145.1071,-37.9418],[145.1099,-37.9274],[145.1417,-37.9314]]]}},{"type":"Feature","properties":{"name":"Clematis","centroid":[145.41965,-37.93284],"areaDeg2":0.00014184},"geometry":{"type":"Polygon","coordinates":[[[145.4197,-37.9262],[145.432,-37.9338],[145.4198,-37.9379],[145.41,-37.935],[145.4033,-37.9382],[145.4197,-37.9262]]]}},{"type":"Feature","properties":{"name":"Clifton Hill","centroid":[144.99765,-37.79023],"areaDeg2":0.00016167},"geometry":{"type":"Polygon","coordinates":[[[144.9851,-37.7939],[144.9956,-37.7847],[145.0042,-37.7844],[145.008,-37.7897],[145.0012,-37.7953],[144.9937,-37.7953],[144.9851,-37.7939]]]}},{"type":"Feature","properties":{"name":"Clifton Springs","centroid":[144.57255,-38.15303],"areaDeg2":0.00064489},"geometry":{"type":"Polygon","coordinates":[[[144.5491,-38.156],[144.5654,-38.1513],[144.586,-38.1347],[144.5968,-38.1465],[144.584,-38.1525],[144.5823,-38.1597],[144.5736,-38.1587],[144.5724,-38.1651],[144.56,-38.1656],[144.5531,-38.1692],[144.5491,-38.156]]]}},{"type":"Feature","properties":{"name":"Clyde","centroid":[145.35395,-38.1484],"areaDeg2":0.00412369},"geometry":{"type":"Polygon","coordinates":[[[145.3422,-38.184],[145.3194,-38.1622],[145.313,-38.1453],[145.3077,-38.1417],[145.315,-38.1323],[145.3179,-38.1176],[145.3834,-38.1256],[145.3993,-38.143],[145.3932,-38.172],[145.3735,-38.1694],[145.3714,-38.18],[145.3438,-38.1764],[145.3422,-38.184]]]}},{"type":"Feature","properties":{"name":"Clyde North","centroid":[145.35866,-38.10198],"areaDeg2":0.00300071},"geometry":{"type":"Polygon","coordinates":[[[145.3249,-38.0883],[145.3327,-38.0892],[145.3353,-38.0745],[145.3353,-38.0745],[145.3765,-38.0796],[145.3787,-38.0799],[145.3852,-38.0936],[145.399,-38.1017],[145.4002,-38.1114],[145.4017,-38.1192],[145.3885,-38.1205],[145.3834,-38.1256],[145.3179,-38.1176],[145.321,-38.1028],[145.3236,-38.0974],[145.316,-38.0965],[145.3163,-38.0947],[145.3234,-38.0956],[145.3249,-38.0884],[145.3249,-38.0883]]]}},{"type":"Feature","properties":{"name":"Cobblebank","centroid":[144.60064,-37.70746],"areaDeg2":0.00088296},"geometry":{"type":"Polygon","coordinates":[[[144.5849,-37.6941],[144.6095,-37.696],[144.621,-37.7024],[144.6175,-37.7227],[144.5992,-37.7207],[144.6,-37.7165],[144.5792,-37.7146],[144.5818,-37.6957],[144.5849,-37.6941]]]}},{"type":"Feature","properties":{"name":"Coburg","centroid":[144.9649,-37.74484],"areaDeg2":0.00071332},"geometry":{"type":"Polygon","coordinates":[[[144.9802,-37.7573],[144.977,-37.7569],[144.9539,-37.7542],[144.9462,-37.7533],[144.9496,-37.7357],[144.95,-37.7326],[144.9831,-37.736],[144.9808,-37.7503],[144.9802,-37.7573]]]}},{"type":"Feature","properties":{"name":"Coburg North","centroid":[144.96743,-37.72697],"areaDeg2":0.00048725},"geometry":{"type":"Polygon","coordinates":[[[144.9831,-37.736],[144.95,-37.7326],[144.9521,-37.7181],[144.963,-37.7192],[144.9787,-37.7192],[144.9849,-37.7276],[144.9831,-37.736]]]}},{"type":"Feature","properties":{"name":"Cocoroc","centroid":[144.62157,-37.96862],"areaDeg2":0.0066565},"geometry":{"type":"Polygon","coordinates":[[[144.6574,-37.9198],[144.6677,-37.9256],[144.6631,-37.9354],[144.6642,-37.9504],[144.6687,-37.954],[144.668,-37.967],[144.6713,-37.972],[144.6878,-37.9737],[144.6791,-37.9811],[144.6498,-38.0021],[144.622,-38.0003],[144.5916,-38.0044],[144.5773,-38.0016],[144.5667,-37.9863],[144.5547,-37.9848],[144.5484,-37.9743],[144.6001,-37.9453],[144.6274,-37.9297],[144.6574,-37.9198]]]}},{"type":"Feature","properties":{"name":"Coldstream","centroid":[145.40818,-37.70363],"areaDeg2":0.00572965},"geometry":{"type":"Polygon","coordinates":[[[145.4947,-37.6904],[145.477,-37.6904],[145.477,-37.6969],[145.421,-37.697],[145.4186,-37.7106],[145.426,-37.7164],[145.4302,-37.7405],[145.4277,-37.7511],[145.4117,-37.7478],[145.4133,-37.7392],[145.3763,-37.7349],[145.3694,-37.7361],[145.3409,-37.7265],[145.3425,-37.7165],[145.3122,-37.7139],[145.315,-37.6987],[145.4003,-37.7084],[145.4009,-37.6936],[145.4042,-37.6748],[145.4083,-37.6682],[145.4193,-37.6636],[145.426,-37.6584],[145.4304,-37.6678],[145.4374,-37.6719],[145.4561,-37.6711],[145.4686,-37.6758],[145.4724,-37.669],[145.4749,-37.6637],[145.4841,-37.6637],[145.4899,-37.6699],[145.4896,-37.6792],[145.4947,-37.6904]]]}},{"type":"Feature","properties":{"name":"Collingwood","centroid":[144.98817,-37.802],"areaDeg2":0.00013147},"geometry":{"type":"Polygon","coordinates":[[[144.9851,-37.7939],[144.9937,-37.7953],[144.9914,-37.8096],[144.9913,-37.8099],[144.9826,-37.8089],[144.9851,-37.7939]]]}},{"type":"Feature","properties":{"name":"Coolaroo","centroid":[144.93463,-37.65628],"areaDeg2":0.00030682},"geometry":{"type":"Polygon","coordinates":[[[144.9221,-37.6638],[144.9312,-37.6507],[144.9288,-37.6407],[144.9349,-37.6414],[144.9349,-37.6414],[144.9469,-37.6665],[144.9255,-37.6642],[144.9221,-37.6638]]]}},{"type":"Feature","properties":{"name":"Cottles Bridge","centroid":[145.22423,-37.60568],"areaDeg2":0.00179897},"geometry":{"type":"Polygon","coordinates":[[[145.1945,-37.6177],[145.1998,-37.6077],[145.1978,-37.5993],[145.2097,-37.592],[145.2196,-37.5932],[145.2243,-37.5864],[145.2399,-37.5795],[145.2511,-37.5839],[145.2512,-37.5921],[145.2449,-37.5979],[145.2429,-37.6083],[145.2512,-37.6142],[145.2459,-37.6203],[145.2361,-37.6234],[145.2184,-37.6228],[145.2177,-37.627],[145.2022,-37.6279],[145.1945,-37.6177]]]}},{"type":"Feature","properties":{"name":"Craigieburn","centroid":[144.92766,-37.58584],"areaDeg2":0.00360437},"geometry":{"type":"Polygon","coordinates":[[[144.8836,-37.6052],[144.8795,-37.5898],[144.8902,-37.5911],[144.895,-37.5642],[144.9405,-37.5697],[144.9455,-37.5401],[144.96,-37.5417],[144.9531,-37.5475],[144.9639,-37.5573],[144.9653,-37.5723],[144.9576,-37.5816],[144.953,-37.5964],[144.9546,-37.6153],[144.9536,-37.6226],[144.939,-37.6209],[144.9405,-37.6137],[144.9127,-37.6106],[144.8836,-37.6052]]]}},{"type":"Feature","properties":{"name":"Cranbourne","centroid":[145.27537,-38.11259],"areaDeg2":0.00168637},"geometry":{"type":"Polygon","coordinates":[[[145.2912,-38.1292],[145.2862,-38.1285],[145.2841,-38.1403],[145.279,-38.1448],[145.2707,-38.1439],[145.2577,-38.1328],[145.2682,-38.1266],[145.2492,-38.1241],[145.2539,-38.1096],[145.2651,-38.1108],[145.2693,-38.0889],[145.2648,-38.0808],[145.2954,-38.0845],[145.2882,-38.1215],[145.2912,-38.1292]]]}},{"type":"Feature","properties":{"name":"Cranbourne East","centroid":[145.30546,-38.11052],"areaDeg2":0.00139047},"geometry":{"type":"Polygon","coordinates":[[[145.3179,-38.1176],[145.315,-38.1323],[145.3077,-38.1417],[145.2999,-38.1362],[145.2912,-38.1292],[145.2882,-38.1215],[145.2954,-38.0845],[145.3138,-38.087],[145.3249,-38.0883],[145.3249,-38.0884],[145.3234,-38.0956],[145.3163,-38.0947],[145.316,-38.0965],[145.3236,-38.0974],[145.321,-38.1028],[145.3179,-38.1176]]]}},{"type":"Feature","properties":{"name":"Cranbourne North","centroid":[145.29908,-38.07754],"areaDeg2":0.00105235},"geometry":{"type":"Polygon","coordinates":[[[145.2635,-38.0806],[145.2625,-38.0777],[145.2662,-38.066],[145.2798,-38.0676],[145.3353,-38.0745],[145.3327,-38.0892],[145.3249,-38.0883],[145.3138,-38.087],[145.2954,-38.0845],[145.2648,-38.0808],[145.2635,-38.0806]]]}},{"type":"Feature","properties":{"name":"Cranbourne South","centroid":[145.25214,-38.15511],"areaDeg2":0.00201964},"geometry":{"type":"Polygon","coordinates":[[[145.2217,-38.169],[145.2295,-38.1269],[145.2306,-38.1217],[145.2492,-38.1241],[145.2455,-38.1478],[145.2912,-38.1534],[145.2867,-38.1767],[145.2217,-38.169]]]}},{"type":"Feature","properties":{"name":"Cranbourne West","centroid":[145.24937,-38.0996],"areaDeg2":0.00121735},"geometry":{"type":"Polygon","coordinates":[[[145.2635,-38.0806],[145.2648,-38.0808],[145.2693,-38.0889],[145.2651,-38.1108],[145.2539,-38.1096],[145.2492,-38.1241],[145.2306,-38.1217],[145.2394,-38.0777],[145.2635,-38.0806]]]}},{"type":"Feature","properties":{"name":"Cremorne","centroid":[144.99321,-37.8287],"areaDeg2":0.00006376},"geometry":{"type":"Polygon","coordinates":[[[144.9879,-37.8296],[144.9888,-37.8246],[144.9979,-37.8257],[144.9966,-37.8343],[144.9879,-37.8296]]]}},{"type":"Feature","properties":{"name":"Croydon","centroid":[145.28392,-37.79508],"areaDeg2":0.00143438},"geometry":{"type":"Polygon","coordinates":[[[145.2559,-37.7966],[145.2577,-37.7887],[145.2644,-37.7824],[145.2741,-37.7836],[145.2777,-37.7857],[145.2916,-37.7795],[145.2972,-37.7693],[145.2982,-37.7708],[145.3071,-37.7766],[145.3057,-37.7892],[145.3088,-37.794],[145.3042,-37.7941],[145.3022,-37.8082],[145.2973,-37.8132],[145.2881,-37.8134],[145.2596,-37.8093],[145.264,-37.8078],[145.2559,-37.7966]]]}},{"type":"Feature","properties":{"name":"Croydon Hills","centroid":[145.26612,-37.77492],"areaDeg2":0.00027375},"geometry":{"type":"Polygon","coordinates":[[[145.2591,-37.7652],[145.2726,-37.7685],[145.2762,-37.7705],[145.2741,-37.7836],[145.2644,-37.7824],[145.2561,-37.7813],[145.2591,-37.7652]]]}},{"type":"Feature","properties":{"name":"Croydon North","centroid":[145.28447,-37.77238],"areaDeg2":0.00040036},"geometry":{"type":"Polygon","coordinates":[[[145.2741,-37.7836],[145.2762,-37.7705],[145.2726,-37.7685],[145.2782,-37.7618],[145.2964,-37.7635],[145.2972,-37.7693],[145.2916,-37.7795],[145.2777,-37.7857],[145.2741,-37.7836]]]}},{"type":"Feature","properties":{"name":"Croydon South","centroid":[145.27837,-37.81493],"areaDeg2":0.0002106},"geometry":{"type":"Polygon","coordinates":[[[145.2965,-37.8175],[145.2785,-37.8193],[145.2669,-37.8176],[145.2596,-37.8093],[145.2881,-37.8134],[145.2973,-37.8132],[145.2965,-37.8175]]]}},{"type":"Feature","properties":{"name":"Dallas","centroid":[144.93584,-37.67081],"areaDeg2":0.00025675},"geometry":{"type":"Polygon","coordinates":[[[144.9255,-37.6642],[144.9469,-37.6665],[144.95,-37.6743],[144.9375,-37.677],[144.9233,-37.6752],[144.9255,-37.6642]]]}},{"type":"Feature","properties":{"name":"Dandenong","centroid":[145.21195,-37.98499],"areaDeg2":0.0011469},"geometry":{"type":"Polygon","coordinates":[[[145.196,-37.9678],[145.2341,-37.9723],[145.235,-37.9777],[145.2273,-37.9927],[145.2275,-38.0007],[145.2188,-37.9985],[145.2126,-38.0035],[145.1937,-38.0005],[145.1941,-37.9832],[145.1952,-37.9676],[145.196,-37.9678]]]}},{"type":"Feature","properties":{"name":"Dandenong North","centroid":[145.2144,-37.95593],"areaDeg2":0.00097094},"geometry":{"type":"Polygon","coordinates":[[[145.2334,-37.9657],[145.2341,-37.9723],[145.196,-37.9678],[145.2019,-37.9559],[145.1963,-37.9552],[145.1984,-37.9409],[145.195,-37.9378],[145.2192,-37.9401],[145.2292,-37.9521],[145.2341,-37.9567],[145.2334,-37.9657]]]}},{"type":"Feature","properties":{"name":"Dandenong South","centroid":[145.22079,-38.02794],"areaDeg2":0.00304671},"geometry":{"type":"Polygon","coordinates":[[[145.2355,-38.0017],[145.252,-38.0037],[145.249,-38.017],[145.247,-38.0357],[145.2451,-38.0491],[145.2423,-38.0628],[145.206,-38.0584],[145.2105,-38.0392],[145.1873,-38.0363],[145.1835,-38.0318],[145.1937,-38.0005],[145.2126,-38.0035],[145.2188,-37.9985],[145.2275,-38.0007],[145.2355,-38.0017]]]}},{"type":"Feature","properties":{"name":"Deanside","centroid":[144.70576,-37.73232],"areaDeg2":0.00120054},"geometry":{"type":"Polygon","coordinates":[[[144.7237,-37.7508],[144.7062,-37.7474],[144.6801,-37.738],[144.6843,-37.7204],[144.6925,-37.7166],[144.7291,-37.7212],[144.7237,-37.7508]]]}},{"type":"Feature","properties":{"name":"Deepdene","centroid":[145.0657,-37.81119],"areaDeg2":0.00008066},"geometry":{"type":"Polygon","coordinates":[[[145.0614,-37.8069],[145.0724,-37.8082],[145.0704,-37.8145],[145.0597,-37.8154],[145.0614,-37.8069]]]}},{"type":"Feature","properties":{"name":"Deer Park","centroid":[144.77167,-37.76915],"areaDeg2":0.00089712},"geometry":{"type":"Polygon","coordinates":[[[144.7548,-37.7814],[144.7572,-37.7635],[144.7569,-37.7505],[144.7781,-37.7504],[144.7752,-37.7665],[144.7953,-37.7704],[144.7914,-37.7816],[144.7896,-37.7843],[144.7548,-37.7814]]]}},{"type":"Feature","properties":{"name":"Delahey","centroid":[144.77709,-37.71975],"areaDeg2":0.00035226},"geometry":{"type":"Polygon","coordinates":[[[144.7681,-37.7097],[144.7821,-37.7112],[144.7933,-37.728],[144.782,-37.7276],[144.764,-37.7256],[144.7641,-37.7253],[144.7681,-37.7097]]]}},{"type":"Feature","properties":{"name":"Derrimut","centroid":[144.77583,-37.79958],"areaDeg2":0.0013032},"geometry":{"type":"Polygon","coordinates":[[[144.7692,-37.812],[144.7509,-37.8104],[144.7528,-37.796],[144.7548,-37.7814],[144.7896,-37.7843],[144.7876,-37.7958],[144.7906,-37.7991],[144.8047,-37.8018],[144.8081,-37.8153],[144.7692,-37.812]]]}},{"type":"Feature","properties":{"name":"Devon Meadows","centroid":[145.30875,-38.17604],"areaDeg2":0.00238227},"geometry":{"type":"Polygon","coordinates":[[[145.3381,-38.1955],[145.3201,-38.1959],[145.2912,-38.2037],[145.2813,-38.2025],[145.2867,-38.1767],[145.2912,-38.1534],[145.2935,-38.1418],[145.2999,-38.1362],[145.3077,-38.1417],[145.313,-38.1453],[145.3194,-38.1622],[145.3422,-38.184],[145.351,-38.1929],[145.3381,-38.1955]]]}},{"type":"Feature","properties":{"name":"Diamond Creek","centroid":[145.15702,-37.66809],"areaDeg2":0.00186917},"geometry":{"type":"Polygon","coordinates":[[[145.1797,-37.6861],[145.1785,-37.6912],[145.1646,-37.6896],[145.1555,-37.6884],[145.1429,-37.6868],[145.1335,-37.6847],[145.1221,-37.6807],[145.1307,-37.6746],[145.1338,-37.6621],[145.1383,-37.658],[145.1507,-37.6532],[145.1522,-37.6468],[145.1688,-37.6311],[145.1661,-37.6374],[145.1744,-37.6394],[145.1757,-37.6498],[145.1688,-37.6596],[145.1824,-37.6731],[145.1797,-37.6861]]]}},{"type":"Feature","properties":{"name":"Diggers Rest","centroid":[144.69632,-37.62014],"areaDeg2":0.00709727},"geometry":{"type":"Polygon","coordinates":[[[144.6724,-37.5678],[144.6951,-37.5981],[144.7095,-37.6142],[144.7485,-37.6187],[144.7585,-37.619],[144.771,-37.6248],[144.7762,-37.6232],[144.7649,-37.6373],[144.7633,-37.6465],[144.7668,-37.6555],[144.7636,-37.6644],[144.7472,-37.6633],[144.7443,-37.6631],[144.6846,-37.6563],[144.6561,-37.6396],[144.655,-37.6343],[144.6611,-37.6269],[144.658,-37.6162],[144.6514,-37.6051],[144.6368,-37.5958],[144.6307,-37.5869],[144.632,-37.5821],[144.6236,-37.5677],[144.6263,-37.5629],[144.6724,-37.5678]]]}},{"type":"Feature","properties":{"name":"Dingley Village","centroid":[145.12621,-37.97627],"areaDeg2":0.00081539},"geometry":{"type":"Polygon","coordinates":[[[145.1447,-37.9909],[145.1092,-37.9866],[145.1117,-37.9723],[145.1119,-37.9592],[145.1297,-37.9615],[145.1329,-37.9636],[145.146,-37.9832],[145.1447,-37.9909]]]}},{"type":"Feature","properties":{"name":"Docklands","centroid":[144.94107,-37.81824],"areaDeg2":0.00031759},"geometry":{"type":"Polygon","coordinates":[[[144.9491,-37.827],[144.9469,-37.8268],[144.9403,-37.8259],[144.9379,-37.823],[144.9201,-37.819],[144.9321,-37.8151],[144.9356,-37.8092],[144.9514,-37.8132],[144.956,-37.8231],[144.9484,-37.8234],[144.9491,-37.827]]]}},{"type":"Feature","properties":{"name":"Doncaster","centroid":[145.12399,-37.78467],"areaDeg2":0.00087994},"geometry":{"type":"Polygon","coordinates":[[[145.0997,-37.7826],[145.1042,-37.7723],[145.1142,-37.7742],[145.1232,-37.7796],[145.1315,-37.7673],[145.1354,-37.7733],[145.1451,-37.7786],[145.1426,-37.7974],[145.1326,-37.7953],[145.1249,-37.7988],[145.1188,-37.7964],[145.1086,-37.7928],[145.0997,-37.7826]]]}},{"type":"Feature","properties":{"name":"Doncaster East","centroid":[145.16397,-37.77845],"areaDeg2":0.0010926},"geometry":{"type":"Polygon","coordinates":[[[145.1678,-37.8025],[145.1426,-37.7974],[145.1451,-37.7786],[145.1462,-37.7731],[145.1644,-37.7752],[145.1691,-37.7492],[145.1755,-37.75],[145.1805,-37.7515],[145.1842,-37.7655],[145.1832,-37.7744],[145.1764,-37.7737],[145.1711,-37.7861],[145.1678,-37.8025]]]}},{"type":"Feature","properties":{"name":"Donvale","centroid":[145.19086,-37.78988],"areaDeg2":0.00119357},"geometry":{"type":"Polygon","coordinates":[[[145.1842,-37.7655],[145.1863,-37.7616],[145.1987,-37.7659],[145.1989,-37.7717],[145.1904,-37.776],[145.1952,-37.7855],[145.202,-37.7899],[145.2131,-37.7912],[145.2165,-37.7891],[145.2212,-37.7924],[145.2172,-37.7909],[145.2138,-37.8107],[145.2135,-37.8118],[145.2055,-37.8056],[145.1903,-37.8056],[145.1874,-37.8026],[145.1696,-37.803],[145.1678,-37.8025],[145.1711,-37.7861],[145.1764,-37.7737],[145.1832,-37.7744],[145.1842,-37.7655]]]}},{"type":"Feature","properties":{"name":"Doreen","centroid":[145.1427,-37.59715],"areaDeg2":0.00331942},"geometry":{"type":"Polygon","coordinates":[[[145.1085,-37.6171],[145.1031,-37.6045],[145.1063,-37.5961],[145.1138,-37.5879],[145.1121,-37.5804],[145.1185,-37.5737],[145.1356,-37.5694],[145.152,-37.5721],[145.1731,-37.5701],[145.1732,-37.5801],[145.1869,-37.5817],[145.1806,-37.5847],[145.1744,-37.5951],[145.1705,-37.6092],[145.1725,-37.6204],[145.1705,-37.6258],[145.1533,-37.625],[145.1287,-37.6192],[145.1228,-37.6224],[145.1085,-37.6171]]]}},{"type":"Feature","properties":{"name":"Doveton","centroid":[145.23884,-37.98912],"areaDeg2":0.00044962},"geometry":{"type":"Polygon","coordinates":[[[145.2334,-37.9657],[145.2412,-37.9784],[145.2544,-37.991],[145.2538,-37.9934],[145.2355,-38.0017],[145.2275,-38.0007],[145.2273,-37.9927],[145.235,-37.9777],[145.2341,-37.9723],[145.2334,-37.9657]]]}},{"type":"Feature","properties":{"name":"Drysdale","centroid":[144.59968,-38.17556],"areaDeg2":0.00413358},"geometry":{"type":"Polygon","coordinates":[[[144.5531,-38.1692],[144.56,-38.1656],[144.5724,-38.1651],[144.5736,-38.1587],[144.5823,-38.1597],[144.584,-38.1525],[144.5968,-38.1465],[144.6492,-38.1526],[144.6464,-38.1674],[144.6409,-38.1963],[144.6138,-38.1929],[144.6083,-38.1996],[144.5848,-38.1968],[144.5755,-38.1978],[144.5744,-38.2029],[144.5559,-38.2027],[144.5469,-38.1997],[144.5531,-38.1692]]]}},{"type":"Feature","properties":{"name":"Eaglemont","centroid":[145.0632,-37.76376],"areaDeg2":0.0002082},"geometry":{"type":"Polygon","coordinates":[[[145.0519,-37.7683],[145.0557,-37.7559],[145.0586,-37.7585],[145.0772,-37.7601],[145.0721,-37.7667],[145.0654,-37.7699],[145.0519,-37.7683]]]}},{"type":"Feature","properties":{"name":"East Melbourne","centroid":[144.98261,-37.81414],"areaDeg2":0.00018058},"geometry":{"type":"Polygon","coordinates":[[[144.9714,-37.8077],[144.9732,-37.8079],[144.9826,-37.8089],[144.9913,-37.8099],[144.9891,-37.8231],[144.9757,-37.8166],[144.9714,-37.8077]]]}},{"type":"Feature","properties":{"name":"Edithvale","centroid":[145.11495,-38.03744],"areaDeg2":0.00020166},"geometry":{"type":"Polygon","coordinates":[[[145.1043,-38.0349],[145.1184,-38.0295],[145.1231,-38.0338],[145.1259,-38.0392],[145.11,-38.046],[145.1043,-38.0349]]]}},{"type":"Feature","properties":{"name":"Elsternwick","centroid":[145.00688,-37.88591],"areaDeg2":0.00027191},"geometry":{"type":"Polygon","coordinates":[[[145.0047,-37.8958],[144.9971,-37.8839],[144.9968,-37.8834],[144.998,-37.8769],[145.0072,-37.8781],[145.0163,-37.8792],[145.0149,-37.886],[145.0129,-37.8967],[145.0047,-37.8958]]]}},{"type":"Feature","properties":{"name":"Eltham","centroid":[145.159,-37.71719],"areaDeg2":0.00166184},"geometry":{"type":"Polygon","coordinates":[[[145.1357,-37.7409],[145.1342,-37.7319],[145.1371,-37.7166],[145.1326,-37.7097],[145.1316,-37.7077],[145.147,-37.7094],[145.1531,-37.7031],[145.1512,-37.6925],[145.1555,-37.6884],[145.1646,-37.6896],[145.1771,-37.6981],[145.173,-37.7239],[145.1913,-37.7236],[145.1938,-37.7318],[145.1815,-37.7298],[145.1777,-37.7384],[145.1767,-37.7357],[145.1554,-37.734],[145.1357,-37.7409]]]}},{"type":"Feature","properties":{"name":"Eltham North","centroid":[145.14213,-37.69824],"areaDeg2":0.00041741},"geometry":{"type":"Polygon","coordinates":[[[145.1429,-37.6868],[145.1555,-37.6884],[145.1512,-37.6925],[145.1531,-37.7031],[145.147,-37.7094],[145.1316,-37.7077],[145.1281,-37.7047],[145.1344,-37.6969],[145.1321,-37.6896],[145.1429,-37.6868]]]}},{"type":"Feature","properties":{"name":"Elwood","centroid":[144.98598,-37.88178],"areaDeg2":0.00027815},"geometry":{"type":"Polygon","coordinates":[[[144.9897,-37.8721],[144.9912,-37.8745],[144.9968,-37.8834],[144.9971,-37.8839],[144.9907,-37.8917],[144.9848,-37.891],[144.9756,-37.882],[144.9745,-37.8763],[144.9897,-37.8721]]]}},{"type":"Feature","properties":{"name":"Endeavour Hills","centroid":[145.25604,-37.97035],"areaDeg2":0.00156348},"geometry":{"type":"Polygon","coordinates":[[[145.2334,-37.9657],[145.2341,-37.9567],[145.2292,-37.9521],[145.2337,-37.9427],[145.2439,-37.9432],[145.2454,-37.9486],[145.2588,-37.9585],[145.2821,-37.962],[145.2768,-37.987],[145.2731,-37.9933],[145.2652,-37.9961],[145.2538,-37.9934],[145.2544,-37.991],[145.2412,-37.9784],[145.2334,-37.9657]]]}},{"type":"Feature","properties":{"name":"Epping","centroid":[145.01019,-37.63783],"areaDeg2":0.00343977},"geometry":{"type":"Polygon","coordinates":[[[144.9732,-37.6463],[144.9536,-37.6226],[144.9546,-37.6153],[145.0442,-37.6245],[145.0645,-37.6264],[145.0604,-37.6329],[145.0662,-37.6494],[145.0422,-37.6521],[145.0365,-37.6614],[144.9755,-37.6547],[144.9732,-37.6463]]]}},{"type":"Feature","properties":{"name":"Essendon","centroid":[144.91046,-37.74907],"areaDeg2":0.00062895},"geometry":{"type":"Polygon","coordinates":[[[144.9064,-37.7606],[144.9073,-37.756],[144.8895,-37.7539],[144.8904,-37.7489],[144.8925,-37.7374],[144.9082,-37.7413],[144.9347,-37.7441],[144.927,-37.7511],[144.9338,-37.7594],[144.9163,-37.7569],[144.9064,-37.7606]]]}},{"type":"Feature","properties":{"name":"Essendon Fields","centroid":[144.90079,-37.72649],"areaDeg2":0.00029638},"geometry":{"type":"Polygon","coordinates":[[[144.904,-37.7346],[144.8931,-37.7335],[144.8908,-37.7314],[144.893,-37.7135],[144.9017,-37.7192],[144.917,-37.7307],[144.904,-37.7346]]]}},{"type":"Feature","properties":{"name":"Essendon North","centroid":[144.89993,-37.73692],"areaDeg2":0.00006615},"geometry":{"type":"Polygon","coordinates":[[[144.8929,-37.7347],[144.8931,-37.7335],[144.904,-37.7346],[144.9082,-37.7413],[144.8925,-37.7374],[144.8929,-37.7347]]]}},{"type":"Feature","properties":{"name":"Essendon West","centroid":[144.88557,-37.75344],"areaDeg2":0.00009075},"geometry":{"type":"Polygon","coordinates":[[[144.8797,-37.7528],[144.8815,-37.7479],[144.8904,-37.7489],[144.8895,-37.7539],[144.8891,-37.762],[144.8821,-37.7559],[144.8797,-37.7528]]]}},{"type":"Feature","properties":{"name":"Eumemmerring","centroid":[145.24711,-37.99957],"areaDeg2":0.00008664},"geometry":{"type":"Polygon","coordinates":[[[145.2538,-37.9934],[145.252,-38.0037],[145.2355,-38.0017],[145.2538,-37.9934]]]}},{"type":"Feature","properties":{"name":"Fairfield","centroid":[145.01629,-37.78377],"areaDeg2":0.00039141},"geometry":{"type":"Polygon","coordinates":[[[145.002,-37.7967],[145.0012,-37.7953],[145.008,-37.7897],[145.0042,-37.7844],[145.0145,-37.7834],[145.0176,-37.7652],[145.0274,-37.7662],[145.0251,-37.7792],[145.0197,-37.7866],[145.0209,-37.7988],[145.002,-37.7967]]]}},{"type":"Feature","properties":{"name":"Fawkner","centroid":[144.96881,-37.70436],"areaDeg2":0.00053415},"geometry":{"type":"Polygon","coordinates":[[[144.9787,-37.7192],[144.963,-37.7192],[144.9593,-37.7044],[144.957,-37.6919],[144.9563,-37.6894],[144.9721,-37.691],[144.9824,-37.7027],[144.9771,-37.7103],[144.9787,-37.7192]]]}},{"type":"Feature","properties":{"name":"Ferntree Gully","centroid":[145.2809,-37.88453],"areaDeg2":0.00150842},"geometry":{"type":"Polygon","coordinates":[[[145.3062,-37.869],[145.3085,-37.871],[145.3052,-37.8878],[145.2946,-37.9006],[145.2815,-37.9053],[145.2746,-37.8997],[145.2632,-37.9023],[145.257,-37.8914],[145.2562,-37.8734],[145.2586,-37.8688],[145.2733,-37.8676],[145.2823,-37.873],[145.2932,-37.8681],[145.3062,-37.869]]]}},{"type":"Feature","properties":{"name":"Ferny Creek","centroid":[145.33518,-37.87679],"areaDeg2":0.00043942},"geometry":{"type":"Polygon","coordinates":[[[145.3266,-37.8666],[145.3423,-37.8623],[145.3434,-37.8753],[145.3455,-37.8898],[145.3429,-37.8902],[145.3321,-37.889],[145.323,-37.8779],[145.3266,-37.8666]]]}},{"type":"Feature","properties":{"name":"Fieldstone","centroid":[144.65014,-37.75061],"areaDeg2":0.00039768},"geometry":{"type":"Polygon","coordinates":[[[144.6295,-37.7538],[144.6319,-37.7455],[144.6678,-37.7447],[144.6659,-37.7581],[144.6295,-37.7538]]]}},{"type":"Feature","properties":{"name":"Fitzroy","centroid":[144.97916,-37.80091],"areaDeg2":0.00014349},"geometry":{"type":"Polygon","coordinates":[[[144.9826,-37.8089],[144.9732,-37.8079],[144.9757,-37.793],[144.9757,-37.7929],[144.9851,-37.7939],[144.9826,-37.8089]]]}},{"type":"Feature","properties":{"name":"Fitzroy North","centroid":[144.98474,-37.78499],"areaDeg2":0.00023643},"geometry":{"type":"Polygon","coordinates":[[[144.9851,-37.7939],[144.9757,-37.7929],[144.9781,-37.7801],[144.9868,-37.7743],[144.9956,-37.7847],[144.9851,-37.7939]]]}},{"type":"Feature","properties":{"name":"Flemington","centroid":[144.9201,-37.78629],"areaDeg2":0.00031881},"geometry":{"type":"Polygon","coordinates":[[[144.9323,-37.7809],[144.9399,-37.787],[144.9403,-37.7875],[144.9378,-37.7889],[144.9229,-37.7891],[144.9129,-37.7952],[144.9026,-37.7897],[144.9136,-37.7794],[144.9323,-37.7809]]]}},{"type":"Feature","properties":{"name":"Footscray","centroid":[144.89728,-37.79813],"areaDeg2":0.00052973},"geometry":{"type":"Polygon","coordinates":[[[144.9055,-37.8153],[144.8985,-37.8108],[144.8974,-37.804],[144.8862,-37.8022],[144.8793,-37.8012],[144.8827,-37.7908],[144.8835,-37.7864],[144.9028,-37.789],[144.9026,-37.7897],[144.9129,-37.7952],[144.9165,-37.7983],[144.9103,-37.8008],[144.9055,-37.8153]]]}},{"type":"Feature","properties":{"name":"Forest Hill","centroid":[145.17067,-37.83888],"areaDeg2":0.00041641},"geometry":{"type":"Polygon","coordinates":[[[145.1569,-37.8458],[145.1601,-37.8333],[145.1678,-37.8279],[145.1843,-37.8322],[145.1823,-37.8458],[145.1708,-37.8454],[145.1693,-37.8548],[145.1644,-37.8468],[145.1569,-37.8458]]]}},{"type":"Feature","properties":{"name":"Frankston","centroid":[145.14538,-38.14802],"areaDeg2":0.00205024},"geometry":{"type":"Polygon","coordinates":[[[145.1732,-38.1395],[145.1712,-38.1516],[145.1664,-38.1592],[145.1613,-38.1769],[145.1507,-38.1752],[145.1365,-38.1634],[145.1095,-38.1534],[145.1174,-38.1447],[145.1222,-38.1293],[145.1321,-38.1298],[145.1393,-38.1249],[145.1637,-38.1279],[145.1627,-38.1322],[145.1734,-38.1352],[145.1732,-38.1395]]]}},{"type":"Feature","properties":{"name":"Frankston North","centroid":[145.16388,-38.1234],"areaDeg2":0.00049729},"geometry":{"type":"Polygon","coordinates":[[[145.1732,-38.1395],[145.1734,-38.1352],[145.1627,-38.1322],[145.1637,-38.1279],[145.1393,-38.1249],[145.1574,-38.1127],[145.1753,-38.1149],[145.1738,-38.1219],[145.1819,-38.1268],[145.1732,-38.1395]]]}},{"type":"Feature","properties":{"name":"Frankston South","centroid":[145.13,-38.1771],"areaDeg2":0.00150924},"geometry":{"type":"Polygon","coordinates":[[[145.1593,-38.1817],[145.1526,-38.1945],[145.1288,-38.2001],[145.1021,-38.1659],[145.0981,-38.1629],[145.1095,-38.1534],[145.1365,-38.1634],[145.1507,-38.1752],[145.1613,-38.1769],[145.1593,-38.1817]]]}},{"type":"Feature","properties":{"name":"Fraser Rise","centroid":[144.7124,-37.70457],"areaDeg2":0.00106096},"geometry":{"type":"Polygon","coordinates":[[[144.7291,-37.7212],[144.6925,-37.7166],[144.6972,-37.6872],[144.7248,-37.69],[144.7326,-37.7062],[144.7291,-37.7212]]]}},{"type":"Feature","properties":{"name":"Gardenvale","centroid":[145.00906,-37.89811],"areaDeg2":0.00002731},"geometry":{"type":"Polygon","coordinates":[[[145.0122,-37.9005],[145.0063,-37.8998],[145.0047,-37.8958],[145.0129,-37.8967],[145.0122,-37.9005]]]}},{"type":"Feature","properties":{"name":"Gladstone Park","centroid":[144.89388,-37.69039],"areaDeg2":0.00038396},"geometry":{"type":"Polygon","coordinates":[[[144.8821,-37.6904],[144.8866,-37.6805],[144.9033,-37.681],[144.907,-37.6938],[144.9021,-37.6948],[144.8893,-37.7046],[144.8821,-37.6904]]]}},{"type":"Feature","properties":{"name":"Glen Huntly","centroid":[145.04139,-37.89226],"areaDeg2":0.00009287},"geometry":{"type":"Polygon","coordinates":[[[145.0451,-37.8982],[145.0361,-37.8968],[145.0377,-37.8889],[145.0382,-37.8863],[145.0461,-37.8873],[145.0451,-37.8982]]]}},{"type":"Feature","properties":{"name":"Glen Iris","centroid":[145.06551,-37.85626],"areaDeg2":0.0008437},"geometry":{"type":"Polygon","coordinates":[[[145.0636,-37.8671],[145.0401,-37.8635],[145.0439,-37.8481],[145.0534,-37.8457],[145.0955,-37.8508],[145.0937,-37.8609],[145.0937,-37.8613],[145.0776,-37.8591],[145.0752,-37.867],[145.0636,-37.8671]]]}},{"type":"Feature","properties":{"name":"Glen Waverley","centroid":[145.16808,-37.88156],"areaDeg2":0.00171812},"geometry":{"type":"Polygon","coordinates":[[[145.1691,-37.862],[145.1957,-37.8652],[145.1909,-37.879],[145.1961,-37.8882],[145.2002,-37.893],[145.1764,-37.8903],[145.1736,-37.9049],[145.1614,-37.9035],[145.1528,-37.9026],[145.1429,-37.9013],[145.1508,-37.8598],[145.1691,-37.862]]]}},{"type":"Feature","properties":{"name":"Glenroy","centroid":[144.9273,-37.70283],"areaDeg2":0.00091783},"geometry":{"type":"Polygon","coordinates":[[[144.9365,-37.7137],[144.9291,-37.7157],[144.901,-37.7122],[144.8981,-37.7092],[144.9038,-37.7042],[144.907,-37.6938],[144.9153,-37.6944],[144.957,-37.6919],[144.9593,-37.7044],[144.9386,-37.7019],[144.9365,-37.7137]]]}},{"type":"Feature","properties":{"name":"Gowanbrae","centroid":[144.89825,-37.70272],"areaDeg2":0.0001481},"geometry":{"type":"Polygon","coordinates":[[[144.907,-37.6938],[144.9038,-37.7042],[144.8981,-37.7092],[144.8908,-37.7101],[144.8893,-37.7046],[144.9021,-37.6948],[144.907,-37.6938]]]}},{"type":"Feature","properties":{"name":"Grangefields","centroid":[144.63834,-37.702],"areaDeg2":0.00076839},"geometry":{"type":"Polygon","coordinates":[[[144.6577,-37.7001],[144.6547,-37.7192],[144.6515,-37.7235],[144.6371,-37.7139],[144.621,-37.7024],[144.6245,-37.6823],[144.6375,-37.6811],[144.6399,-37.6873],[144.6375,-37.6976],[144.6446,-37.7021],[144.6577,-37.7001]]]}},{"type":"Feature","properties":{"name":"Greensborough","centroid":[145.1081,-37.69927],"areaDeg2":0.00110816},"geometry":{"type":"Polygon","coordinates":[[[145.1281,-37.7047],[145.1202,-37.7003],[145.1149,-37.7117],[145.1109,-37.7203],[145.0943,-37.7185],[145.0911,-37.7181],[145.0936,-37.7122],[145.0898,-37.7032],[145.0927,-37.6947],[145.0778,-37.6876],[145.0997,-37.6895],[145.1035,-37.6829],[145.1221,-37.6807],[145.1335,-37.6847],[145.1168,-37.6879],[145.1344,-37.6969],[145.1281,-37.7047]]]}},{"type":"Feature","properties":{"name":"Greenvale","centroid":[144.87993,-37.63617],"areaDeg2":0.00314688},"geometry":{"type":"Polygon","coordinates":[[[144.8339,-37.644],[144.8364,-37.6296],[144.8541,-37.6314],[144.8698,-37.6253],[144.8715,-37.6102],[144.8682,-37.6035],[144.8836,-37.6052],[144.9127,-37.6106],[144.9152,-37.6221],[144.9104,-37.6382],[144.9059,-37.6617],[144.9059,-37.662],[144.8707,-37.6583],[144.8691,-37.6663],[144.8605,-37.6658],[144.8556,-37.6591],[144.8454,-37.6548],[144.8427,-37.645],[144.8339,-37.644]]]}},{"type":"Feature","properties":{"name":"Guys Hill","centroid":[145.39116,-38.01401],"areaDeg2":0.00034855},"geometry":{"type":"Polygon","coordinates":[[[145.3853,-38.0133],[145.3817,-38.0044],[145.3905,-38.0009],[145.4042,-38.0135],[145.3998,-38.0146],[145.3965,-38.0273],[145.3795,-38.0204],[145.3853,-38.0133]]]}},{"type":"Feature","properties":{"name":"Hadfield","centroid":[144.9497,-37.71047],"areaDeg2":0.00032603},"geometry":{"type":"Polygon","coordinates":[[[144.9365,-37.7137],[144.9386,-37.7019],[144.9593,-37.7044],[144.963,-37.7192],[144.9521,-37.7181],[144.9365,-37.7137]]]}},{"type":"Feature","properties":{"name":"Hallam","centroid":[145.26896,-38.00751],"areaDeg2":0.00084017},"geometry":{"type":"Polygon","coordinates":[[[145.252,-38.0037],[145.2538,-37.9934],[145.2652,-37.9961],[145.2731,-37.9933],[145.2768,-37.987],[145.275,-37.9977],[145.2895,-37.9997],[145.2848,-38.0121],[145.2868,-38.0216],[145.249,-38.017],[145.252,-38.0037]]]}},{"type":"Feature","properties":{"name":"Hampton","centroid":[145.00919,-37.93798],"areaDeg2":0.00045034},"geometry":{"type":"Polygon","coordinates":[[[144.9929,-37.9422],[144.9932,-37.9328],[145.0046,-37.9294],[145.025,-37.9318],[145.0234,-37.9432],[145.0226,-37.9469],[144.9975,-37.9443],[144.9929,-37.9422]]]}},{"type":"Feature","properties":{"name":"Hampton East","centroid":[145.03058,-37.93875],"areaDeg2":0.00014581},"geometry":{"type":"Polygon","coordinates":[[[145.0394,-37.9449],[145.0234,-37.9432],[145.025,-37.9318],[145.0344,-37.933],[145.0344,-37.933],[145.0394,-37.9449]]]}},{"type":"Feature","properties":{"name":"Hampton Park","centroid":[145.2688,-38.03857],"areaDeg2":0.0013744},"geometry":{"type":"Polygon","coordinates":[[[145.2798,-38.0676],[145.2662,-38.066],[145.2626,-38.058],[145.2654,-38.0448],[145.2553,-38.0471],[145.247,-38.0357],[145.249,-38.017],[145.2868,-38.0216],[145.2886,-38.0248],[145.2798,-38.0676]]]}},{"type":"Feature","properties":{"name":"Harkaway","centroid":[145.3603,-37.99348],"areaDeg2":0.00130145},"geometry":{"type":"Polygon","coordinates":[[[145.3299,-38.0058],[145.3354,-37.992],[145.3539,-37.981],[145.361,-37.9721],[145.3791,-37.9751],[145.382,-37.9809],[145.3759,-37.9896],[145.3817,-38.0044],[145.3853,-38.0133],[145.3697,-38.0098],[145.3613,-38.0046],[145.347,-38.0075],[145.3299,-38.0058]]]}},{"type":"Feature","properties":{"name":"Hawthorn","centroid":[145.03149,-37.82508],"areaDeg2":0.00061483},"geometry":{"type":"Polygon","coordinates":[[[145.0246,-37.8345],[145.0169,-37.8254],[145.0154,-37.8121],[145.0465,-37.8158],[145.0403,-37.845],[145.0403,-37.8448],[145.0327,-37.8374],[145.0246,-37.8345]]]}},{"type":"Feature","properties":{"name":"Hawthorn East","centroid":[145.04966,-37.83171],"areaDeg2":0.00040109},"geometry":{"type":"Polygon","coordinates":[[[145.0465,-37.8158],[145.0594,-37.8174],[145.0587,-37.8209],[145.0534,-37.8457],[145.0439,-37.8481],[145.0403,-37.845],[145.0465,-37.8158]]]}},{"type":"Feature","properties":{"name":"Heatherton","centroid":[145.0932,-37.95657],"areaDeg2":0.00070359},"geometry":{"type":"Polygon","coordinates":[[[145.0922,-37.9699],[145.0932,-37.9648],[145.0754,-37.9603],[145.0774,-37.9498],[145.0795,-37.9388],[145.0972,-37.9445],[145.1027,-37.9554],[145.1119,-37.9592],[145.1117,-37.9723],[145.0922,-37.9699]]]}},{"type":"Feature","properties":{"name":"Heathmont","centroid":[145.24417,-37.83073],"areaDeg2":0.0004535},"geometry":{"type":"Polygon","coordinates":[[[145.2383,-37.8387],[145.229,-37.8395],[145.2277,-37.827],[145.2373,-37.8264],[145.2411,-37.8176],[145.252,-37.8251],[145.264,-37.828],[145.2585,-37.8366],[145.2383,-37.8387]]]}},{"type":"Feature","properties":{"name":"Heidelberg","centroid":[145.06946,-37.75316],"areaDeg2":0.00028125},"geometry":{"type":"Polygon","coordinates":[[[145.0772,-37.7601],[145.0586,-37.7585],[145.0557,-37.7559],[145.0564,-37.755],[145.0578,-37.7473],[145.079,-37.7484],[145.0838,-37.7433],[145.0825,-37.7514],[145.0772,-37.7601]]]}},{"type":"Feature","properties":{"name":"Heidelberg Heights","centroid":[145.0536,-37.74214],"areaDeg2":0.00024013},"geometry":{"type":"Polygon","coordinates":[[[145.0576,-37.7294],[145.0608,-37.7298],[145.0578,-37.7473],[145.0564,-37.755],[145.0461,-37.7511],[145.0491,-37.7345],[145.0576,-37.7294]]]}},{"type":"Feature","properties":{"name":"Heidelberg West","centroid":[145.04215,-37.73887],"areaDeg2":0.00032031},"geometry":{"type":"Polygon","coordinates":[[[145.0333,-37.7489],[145.0321,-37.7385],[145.0384,-37.7337],[145.0386,-37.7273],[145.0554,-37.7292],[145.0576,-37.7294],[145.0491,-37.7345],[145.0461,-37.7511],[145.0333,-37.7489]]]}},{"type":"Feature","properties":{"name":"Highett","centroid":[145.04029,-37.95044],"areaDeg2":0.00037707},"geometry":{"type":"Polygon","coordinates":[[[145.0305,-37.9544],[145.0214,-37.9534],[145.0226,-37.9469],[145.0234,-37.9432],[145.0394,-37.9449],[145.059,-37.9476],[145.0571,-37.958],[145.0305,-37.9544]]]}},{"type":"Feature","properties":{"name":"Hillside","centroid":[144.74187,-37.69014],"areaDeg2":0.00085725},"geometry":{"type":"Polygon","coordinates":[[[144.7563,-37.7062],[144.7419,-37.7044],[144.7326,-37.7062],[144.7248,-37.69],[144.7277,-37.6755],[144.7548,-37.6766],[144.7583,-37.681],[144.7555,-37.6998],[144.7563,-37.7062]]]}},{"type":"Feature","properties":{"name":"Hoppers Crossing","centroid":[144.69558,-37.86638],"areaDeg2":0.00187415},"geometry":{"type":"Polygon","coordinates":[[[144.6651,-37.8717],[144.6695,-37.8464],[144.7133,-37.8513],[144.7207,-37.8617],[144.7313,-37.8633],[144.7366,-37.8728],[144.7189,-37.8772],[144.7074,-37.8806],[144.6805,-37.8916],[144.6829,-37.8776],[144.6645,-37.8756],[144.6651,-37.8717]]]}},{"type":"Feature","properties":{"name":"Hughesdale","centroid":[145.08123,-37.89938],"areaDeg2":0.00020957},"geometry":{"type":"Polygon","coordinates":[[[145.0882,-37.893],[145.0852,-37.9095],[145.0742,-37.9081],[145.0782,-37.8872],[145.0882,-37.893]]]}},{"type":"Feature","properties":{"name":"Huntingdale","centroid":[145.10847,-37.90765],"areaDeg2":0.00008166},"geometry":{"type":"Polygon","coordinates":[[[145.1034,-37.9116],[145.1055,-37.9008],[145.1138,-37.906],[145.1126,-37.9127],[145.1034,-37.9116]]]}},{"type":"Feature","properties":{"name":"Hurstbridge","centroid":[145.19583,-37.63714],"areaDeg2":0.00151419},"geometry":{"type":"Polygon","coordinates":[[[145.1688,-37.6311],[145.1705,-37.6258],[145.1725,-37.6204],[145.1873,-37.6168],[145.1945,-37.6177],[145.2022,-37.6279],[145.2177,-37.627],[145.2252,-37.6329],[145.2177,-37.645],[145.2222,-37.6493],[145.2194,-37.6579],[145.2104,-37.6568],[145.1964,-37.6513],[145.1757,-37.6498],[145.1744,-37.6394],[145.1661,-37.6374],[145.1688,-37.6311]]]}},{"type":"Feature","properties":{"name":"Indented Head","centroid":[144.70032,-38.13612],"areaDeg2":0.00038928},"geometry":{"type":"Polygon","coordinates":[[[144.7173,-38.1503],[144.7069,-38.1451],[144.6884,-38.1428],[144.6927,-38.1205],[144.7061,-38.1297],[144.7173,-38.1503]]]}},{"type":"Feature","properties":{"name":"Ivanhoe","centroid":[145.04402,-37.76766],"areaDeg2":0.00054453},"geometry":{"type":"Polygon","coordinates":[[[145.0402,-37.7842],[145.0347,-37.7786],[145.0366,-37.7705],[145.0312,-37.7666],[145.0314,-37.7557],[145.0313,-37.7556],[145.045,-37.7571],[145.0461,-37.7511],[145.0564,-37.755],[145.0557,-37.7559],[145.0519,-37.7683],[145.0496,-37.7744],[145.0632,-37.7815],[145.0466,-37.7806],[145.0402,-37.7842]]]}},{"type":"Feature","properties":{"name":"Ivanhoe East","centroid":[145.06108,-37.77396],"areaDeg2":0.00019096},"geometry":{"type":"Polygon","coordinates":[[[145.0519,-37.7683],[145.0654,-37.7699],[145.0721,-37.7667],[145.0672,-37.7809],[145.0633,-37.7815],[145.0632,-37.7815],[145.0496,-37.7744],[145.0519,-37.7683]]]}},{"type":"Feature","properties":{"name":"Jacana","centroid":[144.91052,-37.68803],"areaDeg2":0.00012277},"geometry":{"type":"Polygon","coordinates":[[[144.9033,-37.681],[144.9174,-37.6849],[144.9153,-37.6944],[144.907,-37.6938],[144.9033,-37.681]]]}},{"type":"Feature","properties":{"name":"Junction Village","centroid":[145.29089,-38.1356],"areaDeg2":0.00013465},"geometry":{"type":"Polygon","coordinates":[[[145.2912,-38.1292],[145.2999,-38.1362],[145.2935,-38.1418],[145.2841,-38.1403],[145.2862,-38.1285],[145.2912,-38.1292]]]}},{"type":"Feature","properties":{"name":"Kallista","centroid":[145.40454,-37.9007],"areaDeg2":0.00123059},"geometry":{"type":"Polygon","coordinates":[[[145.3709,-37.9068],[145.3717,-37.8857],[145.3704,-37.8763],[145.3866,-37.8804],[145.3867,-37.8834],[145.3884,-37.8909],[145.3993,-37.9013],[145.4183,-37.8992],[145.4288,-37.8946],[145.4403,-37.8948],[145.4428,-37.9],[145.4387,-37.9146],[145.4285,-37.9135],[145.4229,-37.9192],[145.4075,-37.9164],[145.408,-37.909],[145.3968,-37.9013],[145.386,-37.9072],[145.3709,-37.9068]]]}},{"type":"Feature","properties":{"name":"Kalorama","centroid":[145.38332,-37.81797],"areaDeg2":0.00080459},"geometry":{"type":"Polygon","coordinates":[[[145.405,-37.8076],[145.402,-37.8285],[145.3825,-37.8253],[145.3735,-37.8279],[145.37,-37.8339],[145.3575,-37.8193],[145.3744,-37.8088],[145.3819,-37.8061],[145.405,-37.8076]]]}},{"type":"Feature","properties":{"name":"Kangaroo Ground","centroid":[145.23193,-37.68964],"areaDeg2":0.00340631},"geometry":{"type":"Polygon","coordinates":[[[145.2365,-37.7199],[145.2118,-37.7116],[145.2114,-37.7071],[145.1973,-37.7017],[145.199,-37.6926],[145.1917,-37.6895],[145.1984,-37.6825],[145.2,-37.6666],[145.2104,-37.6568],[145.2194,-37.6579],[145.2249,-37.6635],[145.2365,-37.6654],[145.2433,-37.6626],[145.2514,-37.665],[145.2508,-37.6685],[145.2621,-37.6754],[145.2668,-37.6863],[145.2722,-37.6917],[145.2674,-37.7037],[145.2579,-37.7101],[145.2539,-37.7171],[145.2414,-37.7254],[145.2365,-37.7199]]]}},{"type":"Feature","properties":{"name":"Kealba","centroid":[144.82753,-37.7372],"areaDeg2":0.00023325},"geometry":{"type":"Polygon","coordinates":[[[144.8153,-37.7297],[144.8248,-37.726],[144.8302,-37.7285],[144.8298,-37.7342],[144.8392,-37.7462],[144.8327,-37.7503],[144.8153,-37.7297]]]}},{"type":"Feature","properties":{"name":"Keilor","centroid":[144.82669,-37.70751],"areaDeg2":0.00106333},"geometry":{"type":"Polygon","coordinates":[[[144.8403,-37.7206],[144.8406,-37.7274],[144.8302,-37.7285],[144.8248,-37.726],[144.8109,-37.7142],[144.8115,-37.7087],[144.8019,-37.7019],[144.8074,-37.699],[144.8201,-37.6925],[144.8205,-37.6843],[144.8346,-37.6918],[144.8447,-37.7004],[144.8426,-37.7098],[144.8403,-37.7206]]]}},{"type":"Feature","properties":{"name":"Keilor Downs","centroid":[144.80305,-37.72091],"areaDeg2":0.00047355},"geometry":{"type":"Polygon","coordinates":[[[144.7821,-37.7112],[144.8109,-37.7142],[144.8248,-37.726],[144.8153,-37.7297],[144.7933,-37.728],[144.7821,-37.7112]]]}},{"type":"Feature","properties":{"name":"Keilor East","centroid":[144.85634,-37.73869],"areaDeg2":0.00104246},"geometry":{"type":"Polygon","coordinates":[[[144.8723,-37.7299],[144.8798,-37.7379],[144.8815,-37.7479],[144.8797,-37.7528],[144.8477,-37.7498],[144.8392,-37.7462],[144.8298,-37.7342],[144.8302,-37.7285],[144.8406,-37.7274],[144.8403,-37.7206],[144.8499,-37.7264],[144.8638,-37.7282],[144.8723,-37.7299]]]}},{"type":"Feature","properties":{"name":"Keilor Lodge","centroid":[144.79908,-37.698],"areaDeg2":0.00007521},"geometry":{"type":"Polygon","coordinates":[[[144.8074,-37.699],[144.8019,-37.7019],[144.7909,-37.6995],[144.7976,-37.6929],[144.8074,-37.699]]]}},{"type":"Feature","properties":{"name":"Keilor North","centroid":[144.79337,-37.68185],"areaDeg2":0.00077124},"geometry":{"type":"Polygon","coordinates":[[[144.8074,-37.699],[144.7976,-37.6929],[144.7752,-37.679],[144.7627,-37.6707],[144.7472,-37.6633],[144.7636,-37.6644],[144.7814,-37.6753],[144.8012,-37.6742],[144.8047,-37.6695],[144.8034,-37.6756],[144.8095,-37.6815],[144.8205,-37.6843],[144.8201,-37.6925],[144.8074,-37.699]]]}},{"type":"Feature","properties":{"name":"Keilor Park","centroid":[144.85277,-37.71931],"areaDeg2":0.0003161},"geometry":{"type":"Polygon","coordinates":[[[144.8426,-37.7098],[144.8475,-37.7104],[144.8594,-37.7124],[144.8601,-37.7184],[144.8679,-37.7238],[144.8638,-37.7282],[144.8499,-37.7264],[144.8403,-37.7206],[144.8426,-37.7098]]]}},{"type":"Feature","properties":{"name":"Kensington","centroid":[144.92738,-37.79495],"areaDeg2":0.00022841},"geometry":{"type":"Polygon","coordinates":[[[144.936,-37.8024],[144.9165,-37.7983],[144.9129,-37.7952],[144.9229,-37.7891],[144.9378,-37.7889],[144.936,-37.8024]]]}},{"type":"Feature","properties":{"name":"Kew","centroid":[145.03385,-37.80382],"areaDeg2":0.00106216},"geometry":{"type":"Polygon","coordinates":[[[145.0465,-37.8158],[145.0154,-37.8121],[145.0095,-37.8105],[145.002,-37.7967],[145.0209,-37.7988],[145.0197,-37.7866],[145.0403,-37.7898],[145.0372,-37.795],[145.0463,-37.7984],[145.0625,-37.8008],[145.0614,-37.8069],[145.0597,-37.8154],[145.0594,-37.8174],[145.0465,-37.8158]]]}},{"type":"Feature","properties":{"name":"Kew East","centroid":[145.05241,-37.79025],"areaDeg2":0.00042593},"geometry":{"type":"Polygon","coordinates":[[[145.0625,-37.8008],[145.0463,-37.7984],[145.0372,-37.795],[145.0403,-37.7898],[145.0402,-37.7842],[145.0466,-37.7806],[145.0632,-37.7815],[145.0633,-37.7815],[145.065,-37.7879],[145.0625,-37.8008]]]}},{"type":"Feature","properties":{"name":"Keysborough","centroid":[145.16715,-38.00534],"areaDeg2":0.00222593},"geometry":{"type":"Polygon","coordinates":[[[145.1447,-37.9909],[145.146,-37.9832],[145.1586,-37.9812],[145.1834,-37.9841],[145.1941,-37.9832],[145.1937,-38.0005],[145.1835,-38.0318],[145.1784,-38.0328],[145.1373,-38.0213],[145.1408,-38.0107],[145.1447,-37.9909]]]}},{"type":"Feature","properties":{"name":"Kilsyth","centroid":[145.3173,-37.81459],"areaDeg2":0.00098144},"geometry":{"type":"Polygon","coordinates":[[[145.326,-37.8466],[145.3178,-37.8449],[145.318,-37.8439],[145.3187,-37.8317],[145.3168,-37.8182],[145.3043,-37.8215],[145.2965,-37.8175],[145.2973,-37.8132],[145.3022,-37.8082],[145.3042,-37.7941],[145.3088,-37.794],[145.3143,-37.7917],[145.3288,-37.8002],[145.3391,-37.8014],[145.3229,-37.8149],[145.3261,-37.8269],[145.3337,-37.8315],[145.326,-37.8466]]]}},{"type":"Feature","properties":{"name":"Kilsyth South","centroid":[145.31095,-37.831],"areaDeg2":0.00032613},"geometry":{"type":"Polygon","coordinates":[[[145.318,-37.8439],[145.3012,-37.8379],[145.3043,-37.8215],[145.3168,-37.8182],[145.3187,-37.8317],[145.318,-37.8439]]]}},{"type":"Feature","properties":{"name":"Kings Park","centroid":[144.77194,-37.73372],"areaDeg2":0.00025834},"geometry":{"type":"Polygon","coordinates":[[[144.782,-37.7276],[144.7794,-37.742],[144.7627,-37.7401],[144.7624,-37.7381],[144.764,-37.7256],[144.782,-37.7276]]]}},{"type":"Feature","properties":{"name":"Kingsbury","centroid":[145.03517,-37.71606],"areaDeg2":0.00006948},"geometry":{"type":"Polygon","coordinates":[[[145.0257,-37.7139],[145.0451,-37.7135],[145.0347,-37.7208],[145.0257,-37.7139]]]}},{"type":"Feature","properties":{"name":"Kingsville","centroid":[144.87961,-37.80767],"areaDeg2":0.00004818},"geometry":{"type":"Polygon","coordinates":[[[144.8854,-37.8026],[144.8842,-37.8092],[144.8692,-37.8112],[144.8854,-37.8026]]]}},{"type":"Feature","properties":{"name":"Knoxfield","centroid":[145.24978,-37.89057],"areaDeg2":0.00051297},"geometry":{"type":"Polygon","coordinates":[[[145.2399,-37.8878],[145.2479,-37.8819],[145.2504,-37.8683],[145.2586,-37.8688],[145.2562,-37.8734],[145.257,-37.8914],[145.2632,-37.9023],[145.2372,-37.9052],[145.2399,-37.8878]]]}},{"type":"Feature","properties":{"name":"Kooyong","centroid":[145.03481,-37.84198],"areaDeg2":0.00002917},"geometry":{"type":"Polygon","coordinates":[[[145.0327,-37.8374],[145.0403,-37.8448],[145.0314,-37.8438],[145.0327,-37.8374]]]}},{"type":"Feature","properties":{"name":"Kurunjang","centroid":[144.59159,-37.66075],"areaDeg2":0.00104138},"geometry":{"type":"Polygon","coordinates":[[[144.5704,-37.6729],[144.5757,-37.6452],[144.6085,-37.6485],[144.613,-37.6539],[144.6127,-37.6637],[144.6054,-37.6709],[144.6052,-37.6764],[144.5704,-37.6729]]]}},{"type":"Feature","properties":{"name":"Lalor","centroid":[145.00758,-37.66587],"areaDeg2":0.00098201},"geometry":{"type":"Polygon","coordinates":[[[145.042,-37.6772],[145.0152,-37.6748],[145.0097,-37.6723],[144.974,-37.6691],[144.9722,-37.6628],[144.9755,-37.6547],[145.0365,-37.6614],[145.0356,-37.6656],[145.0454,-37.6726],[145.0422,-37.6765],[145.042,-37.6772]]]}},{"type":"Feature","properties":{"name":"Langwarrin","centroid":[145.19743,-38.15413],"areaDeg2":0.00301137},"geometry":{"type":"Polygon","coordinates":[[[145.1613,-38.1769],[145.1664,-38.1592],[145.1712,-38.1516],[145.1732,-38.1395],[145.1819,-38.1268],[145.1875,-38.1236],[145.2145,-38.127],[145.2295,-38.1269],[145.2217,-38.169],[145.2187,-38.1849],[145.2042,-38.1822],[145.1613,-38.1769]]]}},{"type":"Feature","properties":{"name":"Langwarrin South","centroid":[145.19118,-38.18905],"areaDeg2":0.00091256},"geometry":{"type":"Polygon","coordinates":[[[145.1613,-38.1769],[145.2042,-38.1822],[145.2187,-38.1849],[145.2158,-38.2007],[145.1967,-38.1995],[145.1818,-38.1991],[145.1593,-38.1817],[145.1613,-38.1769]]]}},{"type":"Feature","properties":{"name":"Laverton","centroid":[144.76775,-37.85858],"areaDeg2":0.00037361},"geometry":{"type":"Polygon","coordinates":[[[144.7525,-37.8545],[144.7616,-37.8553],[144.7762,-37.8468],[144.7851,-37.8445],[144.7802,-37.8489],[144.7777,-37.859],[144.7746,-37.8663],[144.7548,-37.8695],[144.7512,-37.8698],[144.7578,-37.8651],[144.7525,-37.8545]]]}},{"type":"Feature","properties":{"name":"Laverton North","centroid":[144.78644,-37.83026],"areaDeg2":0.00157909},"geometry":{"type":"Polygon","coordinates":[[[144.7692,-37.812],[144.8081,-37.8153],[144.8267,-37.8169],[144.8208,-37.826],[144.814,-37.831],[144.7851,-37.8445],[144.7762,-37.8468],[144.7616,-37.8553],[144.7525,-37.8545],[144.7465,-37.854],[144.7656,-37.8387],[144.7692,-37.812]]]}},{"type":"Feature","properties":{"name":"Lilydale","centroid":[145.3678,-37.75565],"areaDeg2":0.00299397},"geometry":{"type":"Polygon","coordinates":[[[145.3409,-37.7265],[145.3694,-37.7361],[145.3763,-37.7349],[145.4133,-37.7392],[145.4117,-37.7478],[145.408,-37.7675],[145.4042,-37.7671],[145.375,-37.7641],[145.375,-37.7726],[145.363,-37.7735],[145.3642,-37.78],[145.3594,-37.7968],[145.3532,-37.7942],[145.3535,-37.787],[145.3451,-37.7847],[145.3444,-37.7764],[145.3317,-37.775],[145.3343,-37.7611],[145.3409,-37.7265]]]}},{"type":"Feature","properties":{"name":"Lower Plenty","centroid":[145.11653,-37.73848],"areaDeg2":0.00065767},"geometry":{"type":"Polygon","coordinates":[[[145.0982,-37.749],[145.1079,-37.7374],[145.1071,-37.73],[145.1106,-37.7225],[145.1189,-37.7233],[145.1342,-37.7319],[145.1357,-37.7409],[145.1254,-37.7402],[145.1175,-37.7527],[145.1094,-37.7554],[145.0982,-37.749]]]}},{"type":"Feature","properties":{"name":"Lynbrook","centroid":[145.25628,-38.05624],"areaDeg2":0.00042598},"geometry":{"type":"Polygon","coordinates":[[[145.247,-38.0357],[145.2553,-38.0471],[145.2654,-38.0448],[145.2626,-38.058],[145.2662,-38.066],[145.2625,-38.0777],[145.2537,-38.0662],[145.2451,-38.0491],[145.247,-38.0357]]]}},{"type":"Feature","properties":{"name":"Lyndhurst","centroid":[145.23072,-38.06852],"areaDeg2":0.00095663},"geometry":{"type":"Polygon","coordinates":[[[145.1947,-38.0721],[145.206,-38.0584],[145.2423,-38.0628],[145.2451,-38.0491],[145.2537,-38.0662],[145.2625,-38.0777],[145.2635,-38.0806],[145.2394,-38.0777],[145.2215,-38.0755],[145.2031,-38.0732],[145.1947,-38.0721]]]}},{"type":"Feature","properties":{"name":"Lysterfield","centroid":[145.301,-37.93545],"areaDeg2":0.00318122},"geometry":{"type":"Polygon","coordinates":[[[145.3107,-37.91],[145.324,-37.9192],[145.3351,-37.9205],[145.3318,-37.9238],[145.3307,-37.93],[145.3283,-37.9498],[145.3365,-37.9504],[145.3274,-37.9653],[145.3192,-37.9663],[145.317,-37.9678],[145.289,-37.9628],[145.2796,-37.9476],[145.2657,-37.9459],[145.2718,-37.9146],[145.2815,-37.9053],[145.2946,-37.9006],[145.3107,-37.91]]]}},{"type":"Feature","properties":{"name":"Lysterfield South","centroid":[145.26668,-37.95269],"areaDeg2":0.00048196},"geometry":{"type":"Polygon","coordinates":[[[145.2439,-37.9432],[145.2657,-37.9459],[145.2796,-37.9476],[145.289,-37.9628],[145.2821,-37.962],[145.2588,-37.9585],[145.2454,-37.9486],[145.2439,-37.9432]]]}},{"type":"Feature","properties":{"name":"Macleod","centroid":[145.06967,-37.72176],"areaDeg2":0.00044177},"geometry":{"type":"Polygon","coordinates":[[[145.0576,-37.7294],[145.0554,-37.7292],[145.0566,-37.72],[145.0696,-37.7082],[145.0749,-37.7088],[145.0745,-37.7162],[145.0911,-37.7181],[145.0943,-37.7185],[145.0812,-37.7195],[145.0788,-37.7332],[145.0608,-37.7298],[145.0576,-37.7294]]]}},{"type":"Feature","properties":{"name":"Maidstone","centroid":[144.87403,-37.78179],"areaDeg2":0.00033147},"geometry":{"type":"Polygon","coordinates":[[[144.8719,-37.7727],[144.8855,-37.7756],[144.8835,-37.7864],[144.8827,-37.7908],[144.8639,-37.7895],[144.864,-37.7742],[144.8719,-37.7727]]]}},{"type":"Feature","properties":{"name":"Malvern","centroid":[145.03534,-37.85715],"areaDeg2":0.00031419},"geometry":{"type":"Polygon","coordinates":[[[145.0299,-37.8516],[145.0314,-37.8438],[145.0403,-37.8448],[145.0403,-37.845],[145.0439,-37.8481],[145.0401,-37.8635],[145.0376,-37.8731],[145.0271,-37.8661],[145.0299,-37.8516]]]}},{"type":"Feature","properties":{"name":"Malvern East","centroid":[145.06546,-37.87666],"areaDeg2":0.00077721},"geometry":{"type":"Polygon","coordinates":[[[145.0918,-37.8742],[145.0894,-37.887],[145.0882,-37.893],[145.0782,-37.8872],[145.0675,-37.8846],[145.0496,-37.881],[145.0402,-37.8751],[145.0376,-37.8731],[145.0401,-37.8635],[145.0636,-37.8671],[145.0702,-37.8746],[145.0921,-37.8718],[145.0918,-37.8742]]]}},{"type":"Feature","properties":{"name":"Mambourin","centroid":[144.5533,-37.89963],"areaDeg2":0.00357985},"geometry":{"type":"Polygon","coordinates":[[[144.5164,-37.874],[144.5532,-37.8783],[144.5973,-37.8826],[144.6048,-37.8863],[144.6028,-37.8915],[144.593,-37.8976],[144.5878,-37.9257],[144.5083,-37.9171],[144.5164,-37.874]]]}},{"type":"Feature","properties":{"name":"Mannerim","centroid":[144.60364,-38.21818],"areaDeg2":0.00304883},"geometry":{"type":"Polygon","coordinates":[[[144.6409,-38.1963],[144.6319,-38.2425],[144.6297,-38.2452],[144.619,-38.2393],[144.6127,-38.2467],[144.6054,-38.2426],[144.5981,-38.2513],[144.593,-38.2445],[144.5768,-38.2371],[144.5813,-38.2316],[144.5808,-38.2185],[144.5534,-38.2153],[144.5559,-38.2027],[144.5744,-38.2029],[144.5755,-38.1978],[144.5848,-38.1968],[144.6083,-38.1996],[144.6138,-38.1929],[144.6409,-38.1963]]]}},{"type":"Feature","properties":{"name":"Manor Lakes","centroid":[144.58085,-37.86667],"areaDeg2":0.00160722},"geometry":{"type":"Polygon","coordinates":[[[144.6048,-37.8863],[144.5973,-37.8826],[144.5532,-37.8783],[144.5601,-37.8411],[144.5748,-37.8457],[144.6098,-37.8691],[144.6183,-37.8784],[144.6048,-37.8863]]]}},{"type":"Feature","properties":{"name":"Marcus Hill","centroid":[144.57076,-38.23959],"areaDeg2":0.00130999},"geometry":{"type":"Polygon","coordinates":[[[144.5775,-38.2669],[144.558,-38.2593],[144.5687,-38.2469],[144.5491,-38.2368],[144.5534,-38.2153],[144.5808,-38.2185],[144.5813,-38.2316],[144.5768,-38.2371],[144.593,-38.2445],[144.5981,-38.2513],[144.5911,-38.2515],[144.5775,-38.2669]]]}},{"type":"Feature","properties":{"name":"Maribyrnong","centroid":[144.88775,-37.77223],"areaDeg2":0.00056799},"geometry":{"type":"Polygon","coordinates":[[[144.9028,-37.789],[144.8835,-37.7864],[144.8855,-37.7756],[144.8719,-37.7727],[144.8732,-37.7616],[144.8821,-37.7559],[144.8891,-37.762],[144.9016,-37.7654],[144.901,-37.77],[144.8961,-37.7727],[144.9028,-37.789]]]}},{"type":"Feature","properties":{"name":"Mckinnon","centroid":[145.03951,-37.91049],"areaDeg2":0.00014388},"geometry":{"type":"Polygon","coordinates":[[[145.0248,-37.9108],[145.0258,-37.9062],[145.0534,-37.9096],[145.0524,-37.9151],[145.0248,-37.9108]]]}},{"type":"Feature","properties":{"name":"Meadow Heights","centroid":[144.91821,-37.65092],"areaDeg2":0.00047334},"geometry":{"type":"Polygon","coordinates":[[[144.9288,-37.6407],[144.9312,-37.6507],[144.9221,-37.6638],[144.9187,-37.6631],[144.9059,-37.6617],[144.9104,-37.6382],[144.9288,-37.6407]]]}},{"type":"Feature","properties":{"name":"Melbourne","centroid":[144.9715,-37.82552],"areaDeg2":0.00077621},"geometry":{"type":"Polygon","coordinates":[[[144.985,-37.8457],[144.9842,-37.8507],[144.9829,-37.8546],[144.9789,-37.8525],[144.9707,-37.8455],[144.9676,-37.8374],[144.9704,-37.8302],[144.9683,-37.8192],[144.956,-37.8231],[144.9514,-37.8132],[144.956,-37.8059],[144.9551,-37.7994],[144.9588,-37.7999],[144.9599,-37.8063],[144.9714,-37.8077],[144.9757,-37.8166],[144.9891,-37.8231],[144.9888,-37.8246],[144.9879,-37.8296],[144.9774,-37.8372],[144.985,-37.8457]]]}},{"type":"Feature","properties":{"name":"Melbourne Airport","centroid":[144.83909,-37.67412],"areaDeg2":0.00278961},"geometry":{"type":"Polygon","coordinates":[[[144.8676,-37.671],[144.8663,-37.6781],[144.8716,-37.6818],[144.8742,-37.6928],[144.8696,-37.707],[144.8518,-37.7018],[144.8475,-37.7104],[144.8426,-37.7098],[144.8447,-37.7004],[144.8346,-37.6918],[144.8205,-37.6843],[144.8095,-37.6815],[144.8034,-37.6756],[144.8047,-37.6695],[144.8057,-37.6528],[144.8134,-37.6551],[144.8159,-37.641],[144.8339,-37.644],[144.8427,-37.645],[144.8454,-37.6548],[144.8556,-37.6591],[144.8605,-37.6658],[144.8676,-37.671]]]}},{"type":"Feature","properties":{"name":"Melton","centroid":[144.61107,-37.67589],"areaDeg2":0.00206075},"geometry":{"type":"Polygon","coordinates":[[[144.6375,-37.6811],[144.6245,-37.6823],[144.621,-37.7024],[144.6095,-37.696],[144.5849,-37.6941],[144.567,-37.6902],[144.5703,-37.6731],[144.5704,-37.6729],[144.6052,-37.6764],[144.6054,-37.6709],[144.6127,-37.6637],[144.613,-37.6539],[144.6085,-37.6485],[144.6437,-37.6526],[144.6465,-37.6586],[144.6429,-37.6725],[144.6375,-37.6811]]]}},{"type":"Feature","properties":{"name":"Melton South","centroid":[144.57026,-37.70707],"areaDeg2":0.00055035},"geometry":{"type":"Polygon","coordinates":[[[144.5495,-37.7153],[144.5644,-37.7045],[144.567,-37.6902],[144.5849,-37.6941],[144.5818,-37.6957],[144.5792,-37.7146],[144.5822,-37.7206],[144.5619,-37.7184],[144.5495,-37.7153]]]}},{"type":"Feature","properties":{"name":"Mentone","centroid":[145.06839,-37.98189],"areaDeg2":0.00045205},"geometry":{"type":"Polygon","coordinates":[[[145.0517,-37.9868],[145.0542,-37.9735],[145.0862,-37.9763],[145.0952,-37.9849],[145.0943,-37.9848],[145.0713,-37.9822],[145.0688,-37.995],[145.0517,-37.9868]]]}},{"type":"Feature","properties":{"name":"Menzies Creek","centroid":[145.40072,-37.92328],"areaDeg2":0.00083141},"geometry":{"type":"Polygon","coordinates":[[[145.4033,-37.9382],[145.3993,-37.9401],[145.3837,-37.9381],[145.3852,-37.934],[145.3841,-37.9296],[145.3933,-37.9125],[145.3913,-37.9047],[145.3968,-37.9013],[145.408,-37.909],[145.4075,-37.9164],[145.4229,-37.9192],[145.4197,-37.9262],[145.4033,-37.9382]]]}},{"type":"Feature","properties":{"name":"Mernda","centroid":[145.08355,-37.59205],"areaDeg2":0.00228683},"geometry":{"type":"Polygon","coordinates":[[[145.06,-37.5728],[145.061,-37.5674],[145.0977,-37.5711],[145.1185,-37.5737],[145.1121,-37.5804],[145.1138,-37.5879],[145.1063,-37.5961],[145.1031,-37.6045],[145.1085,-37.6171],[145.0506,-37.6105],[145.0541,-37.5918],[145.0633,-37.5915],[145.0642,-37.5824],[145.06,-37.5728]]]}},{"type":"Feature","properties":{"name":"Middle Park","centroid":[144.96248,-37.85147],"areaDeg2":0.00009765},"geometry":{"type":"Polygon","coordinates":[[[144.9657,-37.8575],[144.9544,-37.8512],[144.9604,-37.8447],[144.9707,-37.8536],[144.9657,-37.8575]]]}},{"type":"Feature","properties":{"name":"Mill Park","centroid":[145.06424,-37.66386],"areaDeg2":0.00129409},"geometry":{"type":"Polygon","coordinates":[[[145.0365,-37.6614],[145.0422,-37.6521],[145.0662,-37.6494],[145.0814,-37.6505],[145.0945,-37.6625],[145.0841,-37.6701],[145.0848,-37.6792],[145.0422,-37.6765],[145.0454,-37.6726],[145.0356,-37.6656],[145.0365,-37.6614]]]}},{"type":"Feature","properties":{"name":"Mitcham","centroid":[145.19891,-37.81833],"areaDeg2":0.00069104},"geometry":{"type":"Polygon","coordinates":[[[145.1888,-37.8309],[145.1855,-37.8264],[145.1845,-37.8095],[145.1874,-37.8026],[145.1903,-37.8056],[145.2055,-37.8056],[145.2135,-37.8118],[145.2133,-37.8309],[145.1888,-37.8309]]]}},{"type":"Feature","properties":{"name":"Mont Albert","centroid":[145.10807,-37.81747],"areaDeg2":0.000167},"geometry":{"type":"Polygon","coordinates":[[[145.1027,-37.8105],[145.1158,-37.8126],[145.1135,-37.8249],[145.1028,-37.8233],[145.1002,-37.8146],[145.1027,-37.8105]]]}},{"type":"Feature","properties":{"name":"Mont Albert North","centroid":[145.11092,-37.80326],"areaDeg2":0.00022225},"geometry":{"type":"Polygon","coordinates":[[[145.1086,-37.7928],[145.1188,-37.7964],[145.1158,-37.8126],[145.1027,-37.8105],[145.1041,-37.8021],[145.1086,-37.7928]]]}},{"type":"Feature","properties":{"name":"Montmorency","centroid":[145.12539,-37.71861],"areaDeg2":0.0003822},"geometry":{"type":"Polygon","coordinates":[[[145.1109,-37.7203],[145.1149,-37.7117],[145.1206,-37.709],[145.1326,-37.7097],[145.1371,-37.7166],[145.1342,-37.7319],[145.1189,-37.7233],[145.1106,-37.7225],[145.1109,-37.7203]]]}},{"type":"Feature","properties":{"name":"Montrose","centroid":[145.34644,-37.81269],"areaDeg2":0.00114856},"geometry":{"type":"Polygon","coordinates":[[[145.3391,-37.8014],[145.3446,-37.8028],[145.3471,-37.7901],[145.3535,-37.787],[145.3532,-37.7942],[145.3594,-37.7968],[145.369,-37.7971],[145.3744,-37.8088],[145.3575,-37.8193],[145.3433,-37.821],[145.3386,-37.8349],[145.3337,-37.8355],[145.3328,-37.8474],[145.326,-37.8466],[145.3337,-37.8315],[145.3261,-37.8269],[145.3229,-37.8149],[145.3391,-37.8014]]]}},{"type":"Feature","properties":{"name":"Moonee Ponds","centroid":[144.92097,-37.76546],"areaDeg2":0.00046204},"geometry":{"type":"Polygon","coordinates":[[[144.9016,-37.7654],[144.9064,-37.7606],[144.9163,-37.7569],[144.9338,-37.7594],[144.9385,-37.7615],[144.9366,-37.7738],[144.901,-37.77],[144.9016,-37.7654]]]}},{"type":"Feature","properties":{"name":"Moorabbin","centroid":[145.05768,-37.94148],"areaDeg2":0.00047501},"geometry":{"type":"Polygon","coordinates":[[[145.0774,-37.9498],[145.059,-37.9476],[145.0394,-37.9449],[145.0344,-37.933],[145.0486,-37.9347],[145.0795,-37.9388],[145.0774,-37.9498]]]}},{"type":"Feature","properties":{"name":"Moorabbin Airport","centroid":[145.10012,-37.97784],"areaDeg2":0.00029954},"geometry":{"type":"Polygon","coordinates":[[[145.0922,-37.9699],[145.1117,-37.9723],[145.1092,-37.9866],[145.0952,-37.9849],[145.0862,-37.9763],[145.0922,-37.9699]]]}},{"type":"Feature","properties":{"name":"Moorooduc","centroid":[145.11894,-38.24705],"areaDeg2":0.00441495},"geometry":{"type":"Polygon","coordinates":[[[145.1483,-38.2473],[145.1456,-38.2586],[145.1456,-38.2847],[145.1272,-38.2847],[145.0984,-38.2758],[145.0712,-38.2719],[145.0707,-38.2698],[145.0789,-38.2547],[145.0871,-38.2364],[145.0992,-38.225],[145.1095,-38.2139],[145.1258,-38.2109],[145.1436,-38.204],[145.1473,-38.2102],[145.1582,-38.2072],[145.1483,-38.2473]]]}},{"type":"Feature","properties":{"name":"Mooroolbark","centroid":[145.32563,-37.78115],"areaDeg2":0.00128388},"geometry":{"type":"Polygon","coordinates":[[[145.3535,-37.787],[145.3471,-37.7901],[145.3446,-37.8028],[145.3391,-37.8014],[145.3288,-37.8002],[145.3143,-37.7917],[145.3088,-37.794],[145.3057,-37.7892],[145.3071,-37.7766],[145.2982,-37.7708],[145.3042,-37.7717],[145.3161,-37.7584],[145.3343,-37.7611],[145.3317,-37.775],[145.3444,-37.7764],[145.3451,-37.7847],[145.3535,-37.787]]]}},{"type":"Feature","properties":{"name":"Mordialloc","centroid":[145.09624,-37.99978],"areaDeg2":0.00049069},"geometry":{"type":"Polygon","coordinates":[[[145.0952,-37.9849],[145.1092,-37.9866],[145.1034,-38.0119],[145.0843,-38.0112],[145.081,-38.0052],[145.0821,-37.9981],[145.0915,-37.9992],[145.0943,-37.9848],[145.0952,-37.9849]]]}},{"type":"Feature","properties":{"name":"Mornington","centroid":[145.06006,-38.23053],"areaDeg2":0.00216231},"geometry":{"type":"Polygon","coordinates":[[[145.061,-38.2009],[145.0633,-38.2151],[145.0777,-38.2192],[145.0935,-38.2166],[145.0992,-38.225],[145.0871,-38.2364],[145.0789,-38.2547],[145.0462,-38.2463],[145.0273,-38.2428],[145.0254,-38.2275],[145.0314,-38.2237],[145.0326,-38.2157],[145.0455,-38.2133],[145.061,-38.2009]]]}},{"type":"Feature","properties":{"name":"Mount Cottrell","centroid":[144.62076,-37.78968],"areaDeg2":0.0059166},"geometry":{"type":"Polygon","coordinates":[[[144.5801,-37.8203],[144.5783,-37.7999],[144.5909,-37.7891],[144.5781,-37.7701],[144.5823,-37.7581],[144.5752,-37.7482],[144.5768,-37.7482],[144.6123,-37.7517],[144.6295,-37.7538],[144.6659,-37.7581],[144.6595,-37.8009],[144.654,-37.8298],[144.6178,-37.8259],[144.6147,-37.8421],[144.6031,-37.8324],[144.6031,-37.8271],[144.5914,-37.8225],[144.5883,-37.8161],[144.5801,-37.8203]]]}},{"type":"Feature","properties":{"name":"Mount Dandenong","centroid":[145.35071,-37.83688],"areaDeg2":0.00085845},"geometry":{"type":"Polygon","coordinates":[[[145.37,-37.8339],[145.3681,-37.8416],[145.3483,-37.8535],[145.3385,-37.8524],[145.3328,-37.8474],[145.3337,-37.8355],[145.3386,-37.8349],[145.3433,-37.821],[145.3575,-37.8193],[145.37,-37.8339]]]}},{"type":"Feature","properties":{"name":"Mount Eliza","centroid":[145.09257,-38.19491],"areaDeg2":0.00244062},"geometry":{"type":"Polygon","coordinates":[[[145.061,-38.2009],[145.0716,-38.1864],[145.0782,-38.1737],[145.0875,-38.1642],[145.0981,-38.1629],[145.1021,-38.1659],[145.1288,-38.2001],[145.1155,-38.2065],[145.1095,-38.2139],[145.0992,-38.225],[145.0935,-38.2166],[145.0777,-38.2192],[145.0633,-38.2151],[145.061,-38.2009]]]}},{"type":"Feature","properties":{"name":"Mount Evelyn","centroid":[145.38786,-37.78748],"areaDeg2":0.00177222},"geometry":{"type":"Polygon","coordinates":[[[145.418,-37.8007],[145.405,-37.8076],[145.3819,-37.8061],[145.3744,-37.8088],[145.369,-37.7971],[145.3594,-37.7968],[145.3642,-37.78],[145.363,-37.7735],[145.375,-37.7726],[145.375,-37.7641],[145.4042,-37.7671],[145.4083,-37.7861],[145.418,-37.8007]]]}},{"type":"Feature","properties":{"name":"Mount Waverley","centroid":[145.12848,-37.87841],"areaDeg2":0.00155663},"geometry":{"type":"Polygon","coordinates":[[[145.1061,-37.897],[145.107,-37.8927],[145.1107,-37.8732],[145.113,-37.8611],[145.114,-37.8555],[145.1314,-37.8576],[145.1508,-37.8598],[145.1429,-37.9013],[145.1292,-37.8997],[145.1245,-37.8992],[145.1061,-37.897]]]}},{"type":"Feature","properties":{"name":"Mulgrave","centroid":[145.17575,-37.92564],"areaDeg2":0.00109117},"geometry":{"type":"Polygon","coordinates":[[[145.2192,-37.9401],[145.195,-37.9378],[145.1834,-37.9365],[145.1567,-37.9331],[145.1475,-37.9272],[145.1516,-37.9099],[145.1528,-37.9026],[145.1614,-37.9035],[145.1606,-37.9088],[145.1738,-37.9204],[145.2056,-37.9244],[145.2064,-37.9312],[145.2192,-37.9401]]]}},{"type":"Feature","properties":{"name":"Murrumbeena","centroid":[145.07037,-37.89693],"areaDeg2":0.00025425},"geometry":{"type":"Polygon","coordinates":[[[145.0675,-37.8846],[145.0782,-37.8872],[145.0742,-37.9081],[145.0604,-37.9065],[145.0635,-37.9025],[145.0675,-37.8846]]]}},{"type":"Feature","properties":{"name":"Narre Warren","centroid":[145.30589,-38.01886],"areaDeg2":0.00136595},"geometry":{"type":"Polygon","coordinates":[[[145.2886,-38.0248],[145.2868,-38.0216],[145.2848,-38.0121],[145.2895,-37.9997],[145.3021,-37.9953],[145.316,-37.9972],[145.3227,-38.0049],[145.3182,-38.0175],[145.3133,-38.0215],[145.3314,-38.0394],[145.3229,-38.0387],[145.3197,-38.0454],[145.3016,-38.0427],[145.2991,-38.0306],[145.2886,-38.0248]]]}},{"type":"Feature","properties":{"name":"Narre Warren East","centroid":[145.36016,-37.96277],"areaDeg2":0.00104235},"geometry":{"type":"Polygon","coordinates":[[[145.3192,-37.9663],[145.3274,-37.9653],[145.3365,-37.9504],[145.3476,-37.9538],[145.3565,-37.9529],[145.3756,-37.9591],[145.3747,-37.9516],[145.3851,-37.9516],[145.3883,-37.9573],[145.388,-37.971],[145.3791,-37.9751],[145.361,-37.9721],[145.3192,-37.9663]]]}},{"type":"Feature","properties":{"name":"Narre Warren North","centroid":[145.31226,-37.98201],"areaDeg2":0.00225745},"geometry":{"type":"Polygon","coordinates":[[[145.2895,-37.9997],[145.275,-37.9977],[145.2768,-37.987],[145.2821,-37.962],[145.289,-37.9628],[145.317,-37.9678],[145.3192,-37.9663],[145.361,-37.9721],[145.3539,-37.981],[145.3354,-37.992],[145.3299,-38.0058],[145.3227,-38.0049],[145.316,-37.9972],[145.3021,-37.9953],[145.2895,-37.9997]]]}},{"type":"Feature","properties":{"name":"Narre Warren South","centroid":[145.30211,-38.05468],"areaDeg2":0.0013375},"geometry":{"type":"Polygon","coordinates":[[[145.3353,-38.0745],[145.3353,-38.0745],[145.2798,-38.0676],[145.2886,-38.0248],[145.2991,-38.0306],[145.3016,-38.0427],[145.3197,-38.0454],[145.3212,-38.0567],[145.3279,-38.0677],[145.3353,-38.0745]]]}},{"type":"Feature","properties":{"name":"Newport","centroid":[144.8819,-37.84355],"areaDeg2":0.00056729},"geometry":{"type":"Polygon","coordinates":[[[144.889,-37.8578],[144.8747,-37.8491],[144.863,-37.8485],[144.8657,-37.8331],[144.8818,-37.8348],[144.8971,-37.8383],[144.9028,-37.8471],[144.899,-37.8511],[144.8863,-37.8515],[144.889,-37.8578]]]}},{"type":"Feature","properties":{"name":"Niddrie","centroid":[144.88493,-37.73941],"areaDeg2":0.00019779},"geometry":{"type":"Polygon","coordinates":[[[144.8925,-37.7374],[144.8904,-37.7489],[144.8815,-37.7479],[144.8798,-37.7379],[144.8723,-37.7299],[144.8929,-37.7347],[144.8925,-37.7374]]]}},{"type":"Feature","properties":{"name":"Noble Park","centroid":[145.17703,-37.97023],"areaDeg2":0.00086564},"geometry":{"type":"Polygon","coordinates":[[[145.1586,-37.9812],[145.161,-37.9635],[145.1759,-37.9504],[145.1952,-37.9676],[145.1941,-37.9832],[145.1834,-37.9841],[145.1586,-37.9812]]]}},{"type":"Feature","properties":{"name":"Noble Park North","centroid":[145.19088,-37.95142],"areaDeg2":0.00038807},"geometry":{"type":"Polygon","coordinates":[[[145.1759,-37.9504],[145.1807,-37.951],[145.1872,-37.9414],[145.1834,-37.9365],[145.195,-37.9378],[145.1984,-37.9409],[145.1963,-37.9552],[145.2019,-37.9559],[145.196,-37.9678],[145.1952,-37.9676],[145.1759,-37.9504]]]}},{"type":"Feature","properties":{"name":"North Melbourne","centroid":[144.94493,-37.79798],"areaDeg2":0.00021331},"geometry":{"type":"Polygon","coordinates":[[[144.956,-37.8059],[144.936,-37.8024],[144.9378,-37.7889],[144.9403,-37.7875],[144.9551,-37.7994],[144.956,-37.8059]]]}},{"type":"Feature","properties":{"name":"North Warrandyte","centroid":[145.21641,-37.7242],"areaDeg2":0.00074447},"geometry":{"type":"Polygon","coordinates":[[[145.242,-37.7361],[145.236,-37.7314],[145.226,-37.7363],[145.2142,-37.7344],[145.212,-37.7296],[145.1938,-37.7318],[145.1913,-37.7236],[145.2009,-37.7225],[145.2021,-37.7109],[145.2118,-37.7116],[145.2365,-37.7199],[145.2368,-37.7271],[145.242,-37.7361]]]}},{"type":"Feature","properties":{"name":"Northcote","centroid":[145.00048,-37.77233],"areaDeg2":0.00061573},"geometry":{"type":"Polygon","coordinates":[[[145.0042,-37.7844],[144.9956,-37.7847],[144.9868,-37.7743],[144.9808,-37.7589],[144.9998,-37.7633],[145.0176,-37.7652],[145.0145,-37.7834],[145.0042,-37.7844]]]}},{"type":"Feature","properties":{"name":"Notting Hill","centroid":[145.14104,-37.90439],"areaDeg2":0.00015478},"geometry":{"type":"Polygon","coordinates":[[[145.1429,-37.9013],[145.1528,-37.9026],[145.1516,-37.9099],[145.1282,-37.9051],[145.1292,-37.8997],[145.1429,-37.9013]]]}},{"type":"Feature","properties":{"name":"Nunawading","centroid":[145.17681,-37.81682],"areaDeg2":0.00049651},"geometry":{"type":"Polygon","coordinates":[[[145.1874,-37.8026],[145.1845,-37.8095],[145.1855,-37.8264],[145.1888,-37.8309],[145.1843,-37.8322],[145.1678,-37.8279],[145.1665,-37.812],[145.1696,-37.803],[145.1874,-37.8026]]]}},{"type":"Feature","properties":{"name":"Nutfield","centroid":[145.18499,-37.60219],"areaDeg2":0.00079589},"geometry":{"type":"Polygon","coordinates":[[[145.1869,-37.5817],[145.1955,-37.5827],[145.1944,-37.599],[145.1978,-37.5993],[145.1998,-37.6077],[145.1945,-37.6177],[145.1873,-37.6168],[145.1725,-37.6204],[145.1705,-37.6092],[145.1744,-37.5951],[145.1806,-37.5847],[145.1869,-37.5817]]]}},{"type":"Feature","properties":{"name":"Oak Park","centroid":[144.91486,-37.71772],"areaDeg2":0.00018219},"geometry":{"type":"Polygon","coordinates":[[[144.9195,-37.725],[144.9023,-37.7168],[144.901,-37.7122],[144.9291,-37.7157],[144.9195,-37.725]]]}},{"type":"Feature","properties":{"name":"Oaklands Junction","centroid":[144.84084,-37.58911],"areaDeg2":0.00364707},"geometry":{"type":"Polygon","coordinates":[[[144.8364,-37.6296],[144.8184,-37.6276],[144.8216,-37.6081],[144.8069,-37.6071],[144.8119,-37.6048],[144.8135,-37.5947],[144.8106,-37.5812],[144.8221,-37.5784],[144.8189,-37.5724],[144.8317,-37.5633],[144.8286,-37.5552],[144.8331,-37.5482],[144.8355,-37.5336],[144.8279,-37.5248],[144.8558,-37.528],[144.8518,-37.5379],[144.8581,-37.5412],[144.8494,-37.5513],[144.8524,-37.5579],[144.8473,-37.5669],[144.844,-37.5857],[144.8697,-37.5885],[144.8682,-37.6035],[144.8715,-37.6102],[144.8698,-37.6253],[144.8541,-37.6314],[144.8364,-37.6296]]]}},{"type":"Feature","properties":{"name":"Oakleigh","centroid":[145.09591,-37.90069],"areaDeg2":0.00036628},"geometry":{"type":"Polygon","coordinates":[[[145.1034,-37.9116],[145.0853,-37.9095],[145.0852,-37.9095],[145.0882,-37.893],[145.0894,-37.887],[145.0948,-37.8911],[145.107,-37.8927],[145.1061,-37.897],[145.1055,-37.9008],[145.1034,-37.9116]]]}},{"type":"Feature","properties":{"name":"Oakleigh East","centroid":[145.11633,-37.90445],"areaDeg2":0.00019261},"geometry":{"type":"Polygon","coordinates":[[[145.1126,-37.9127],[145.1138,-37.906],[145.1055,-37.9008],[145.1061,-37.897],[145.1245,-37.8992],[145.1219,-37.9138],[145.1133,-37.9128],[145.1126,-37.9127]]]}},{"type":"Feature","properties":{"name":"Oakleigh South","centroid":[145.09418,-37.92488],"areaDeg2":0.00070501},"geometry":{"type":"Polygon","coordinates":[[[145.0853,-37.9095],[145.1034,-37.9116],[145.1126,-37.9127],[145.1133,-37.9128],[145.1075,-37.9271],[145.1007,-37.9263],[145.0972,-37.9445],[145.0795,-37.9388],[145.0853,-37.9095]]]}},{"type":"Feature","properties":{"name":"Officer","centroid":[145.41251,-38.05436],"areaDeg2":0.00283372},"geometry":{"type":"Polygon","coordinates":[[[145.376,-38.0643],[145.3873,-38.0658],[145.3927,-38.0414],[145.4007,-38.0345],[145.4015,-38.0273],[145.4105,-38.018],[145.4132,-38.0148],[145.4333,-38.0208],[145.4346,-38.0316],[145.4324,-38.0502],[145.4414,-38.0514],[145.4383,-38.0584],[145.4331,-38.0833],[145.4045,-38.0832],[145.3787,-38.0799],[145.3765,-38.0796],[145.3815,-38.0701],[145.376,-38.0643]]]}},{"type":"Feature","properties":{"name":"Olinda","centroid":[145.38013,-37.8527],"areaDeg2":0.00181449},"geometry":{"type":"Polygon","coordinates":[[[145.3704,-37.8763],[145.362,-37.8737],[145.3626,-37.8628],[145.3483,-37.8535],[145.3681,-37.8416],[145.37,-37.8339],[145.3735,-37.8279],[145.3825,-37.8253],[145.402,-37.8285],[145.4022,-37.8505],[145.3893,-37.8527],[145.3924,-37.8618],[145.4053,-37.8633],[145.392,-37.8671],[145.3952,-37.8804],[145.3919,-37.8821],[145.3867,-37.8834],[145.3866,-37.8804],[145.3704,-37.8763]]]}},{"type":"Feature","properties":{"name":"Ormond","centroid":[145.04112,-37.90389],"areaDeg2":0.00020343},"geometry":{"type":"Polygon","coordinates":[[[145.0534,-37.9096],[145.0258,-37.9062],[145.026,-37.9022],[145.0349,-37.9033],[145.0361,-37.8968],[145.0451,-37.8982],[145.0542,-37.9057],[145.0534,-37.9096]]]}},{"type":"Feature","properties":{"name":"Panton Hill","centroid":[145.24688,-37.64305],"areaDeg2":0.00213834},"geometry":{"type":"Polygon","coordinates":[[[145.2746,-37.6565],[145.2617,-37.6573],[145.2607,-37.6628],[145.2514,-37.665],[145.2433,-37.6626],[145.2365,-37.6654],[145.2249,-37.6635],[145.2194,-37.6579],[145.2222,-37.6493],[145.2177,-37.645],[145.2252,-37.6329],[145.2177,-37.627],[145.2184,-37.6228],[145.2361,-37.6234],[145.2459,-37.6203],[145.2512,-37.6142],[145.256,-37.6168],[145.2541,-37.6221],[145.2689,-37.6312],[145.2804,-37.6471],[145.2859,-37.6505],[145.2746,-37.6565]]]}},{"type":"Feature","properties":{"name":"Park Orchards","centroid":[145.21467,-37.77724],"areaDeg2":0.00102506},"geometry":{"type":"Polygon","coordinates":[[[145.2212,-37.7924],[145.2165,-37.7891],[145.2131,-37.7912],[145.202,-37.7899],[145.1952,-37.7855],[145.1904,-37.776],[145.1989,-37.7717],[145.2044,-37.7608],[145.2319,-37.7637],[145.2317,-37.7739],[145.2351,-37.791],[145.2212,-37.7924]]]}},{"type":"Feature","properties":{"name":"Parkdale","centroid":[145.08113,-37.99165],"areaDeg2":0.0003757},"geometry":{"type":"Polygon","coordinates":[[[145.0943,-37.9848],[145.0915,-37.9992],[145.0821,-37.9981],[145.081,-38.0052],[145.0688,-37.995],[145.0713,-37.9822],[145.0943,-37.9848]]]}},{"type":"Feature","properties":{"name":"Parkville","centroid":[144.9507,-37.78612],"areaDeg2":0.00040914},"geometry":{"type":"Polygon","coordinates":[[[144.9652,-37.7931],[144.9588,-37.7999],[144.9551,-37.7994],[144.9403,-37.7875],[144.9399,-37.787],[144.9371,-37.7778],[144.9366,-37.7738],[144.9497,-37.7768],[144.9602,-37.778],[144.9589,-37.789],[144.9652,-37.7931]]]}},{"type":"Feature","properties":{"name":"Pascoe Vale","centroid":[144.93723,-37.72499],"areaDeg2":0.00051849},"geometry":{"type":"Polygon","coordinates":[[[144.9291,-37.7157],[144.9365,-37.7137],[144.9521,-37.7181],[144.95,-37.7326],[144.9496,-37.7357],[144.9258,-37.7333],[144.9195,-37.725],[144.9291,-37.7157]]]}},{"type":"Feature","properties":{"name":"Pascoe Vale South","centroid":[144.93908,-37.74308],"areaDeg2":0.00031203},"geometry":{"type":"Polygon","coordinates":[[[144.927,-37.7511],[144.9347,-37.7441],[144.9258,-37.7333],[144.9496,-37.7357],[144.9462,-37.7533],[144.927,-37.7511]]]}},{"type":"Feature","properties":{"name":"Patterson Lakes","centroid":[145.14311,-38.07027],"areaDeg2":0.000487},"geometry":{"type":"Polygon","coordinates":[[[145.1563,-38.0674],[145.1546,-38.0757],[145.1489,-38.0835],[145.1336,-38.0833],[145.132,-38.0692],[145.1397,-38.0647],[145.1345,-38.055],[145.1446,-38.0516],[145.1503,-38.0673],[145.1563,-38.0674]]]}},{"type":"Feature","properties":{"name":"Pearcedale","centroid":[145.2476,-38.19765],"areaDeg2":0.00341371},"geometry":{"type":"Polygon","coordinates":[[[145.2547,-38.2237],[145.23,-38.2206],[145.2202,-38.2121],[145.1966,-38.212],[145.1967,-38.1995],[145.2158,-38.2007],[145.2187,-38.1849],[145.2217,-38.169],[145.2867,-38.1767],[145.2813,-38.2025],[145.2795,-38.2116],[145.2855,-38.2191],[145.2788,-38.2239],[145.2684,-38.2246],[145.2618,-38.2212],[145.2547,-38.2237]]]}},{"type":"Feature","properties":{"name":"Plenty","centroid":[145.112,-37.66792],"areaDeg2":0.00113807},"geometry":{"type":"Polygon","coordinates":[[[145.0945,-37.6625],[145.1006,-37.663],[145.1076,-37.6534],[145.1176,-37.6544],[145.1321,-37.6492],[145.1383,-37.658],[145.1338,-37.6621],[145.1307,-37.6746],[145.1221,-37.6807],[145.1035,-37.6829],[145.0848,-37.6792],[145.0841,-37.6701],[145.0945,-37.6625]]]}},{"type":"Feature","properties":{"name":"Plumpton","centroid":[144.68845,-37.66897],"areaDeg2":0.00299906},"geometry":{"type":"Polygon","coordinates":[[[144.6437,-37.6526],[144.6561,-37.6396],[144.6846,-37.6563],[144.7443,-37.6631],[144.7548,-37.6766],[144.7277,-37.6755],[144.7248,-37.69],[144.6972,-37.6872],[144.6418,-37.6802],[144.6375,-37.6811],[144.6429,-37.6725],[144.6465,-37.6586],[144.6437,-37.6526]]]}},{"type":"Feature","properties":{"name":"Point Cook","centroid":[144.75162,-37.90564],"areaDeg2":0.00401004},"geometry":{"type":"Polygon","coordinates":[[[144.7366,-37.8728],[144.7512,-37.8698],[144.7548,-37.8695],[144.7536,-37.876],[144.7517,-37.8867],[144.7624,-37.8886],[144.7667,-37.8839],[144.7733,-37.8853],[144.7865,-37.9],[144.7997,-37.8987],[144.804,-37.8944],[144.7984,-37.9056],[144.7975,-37.9196],[144.7914,-37.9277],[144.7718,-37.93],[144.7614,-37.9371],[144.7405,-37.9414],[144.7428,-37.9288],[144.7281,-37.9271],[144.7135,-37.9149],[144.7169,-37.8961],[144.7043,-37.9004],[144.7101,-37.8897],[144.709,-37.8834],[144.7189,-37.8772],[144.7366,-37.8728]]]}},{"type":"Feature","properties":{"name":"Port Melbourne","centroid":[144.92208,-37.83272],"areaDeg2":0.00097484},"geometry":{"type":"Polygon","coordinates":[[[144.9028,-37.8471],[144.8971,-37.8383],[144.8978,-37.8306],[144.9055,-37.8229],[144.9055,-37.8228],[144.9201,-37.819],[144.9379,-37.823],[144.9403,-37.8259],[144.9498,-37.8341],[144.9465,-37.841],[144.9426,-37.8462],[144.9351,-37.8421],[144.9185,-37.8397],[144.9028,-37.8471]]]}},{"type":"Feature","properties":{"name":"Portarlington","centroid":[144.66351,-38.13766],"areaDeg2":0.00255311},"geometry":{"type":"Polygon","coordinates":[[[144.6464,-38.1674],[144.6492,-38.1526],[144.6535,-38.131],[144.6265,-38.1275],[144.6286,-38.1163],[144.6204,-38.1153],[144.6336,-38.1078],[144.6499,-38.1128],[144.6691,-38.1129],[144.6927,-38.1205],[144.6884,-38.1428],[144.6827,-38.1718],[144.6464,-38.1674]]]}},{"type":"Feature","properties":{"name":"Prahran","centroid":[145.00048,-37.85183],"areaDeg2":0.00019198},"geometry":{"type":"Polygon","coordinates":[[[144.9842,-37.8507],[144.985,-37.8457],[145.0032,-37.8481],[145.0123,-37.8493],[145.0101,-37.8602],[145.0014,-37.859],[145.0024,-37.8531],[144.9842,-37.8507]]]}},{"type":"Feature","properties":{"name":"Preston","centroid":[145.00791,-37.74171],"areaDeg2":0.00116015},"geometry":{"type":"Polygon","coordinates":[[[145.0333,-37.7489],[145.0313,-37.7556],[145.0314,-37.7557],[144.9808,-37.7503],[144.9831,-37.736],[144.9849,-37.7276],[145.0384,-37.7337],[145.0321,-37.7385],[145.0333,-37.7489]]]}},{"type":"Feature","properties":{"name":"Princes Hill","centroid":[144.96626,-37.78176],"areaDeg2":0.00004938},"geometry":{"type":"Polygon","coordinates":[[[144.9705,-37.7792],[144.9695,-37.7856],[144.9636,-37.785],[144.9615,-37.7782],[144.9705,-37.7792]]]}},{"type":"Feature","properties":{"name":"Ravenhall","centroid":[144.73652,-37.77546],"areaDeg2":0.00138594},"geometry":{"type":"Polygon","coordinates":[[[144.7237,-37.7508],[144.7484,-37.7594],[144.7572,-37.7635],[144.7548,-37.7814],[144.7528,-37.796],[144.7163,-37.7928],[144.7211,-37.7598],[144.7237,-37.7508]]]}},{"type":"Feature","properties":{"name":"Research","centroid":[145.18814,-37.70666],"areaDeg2":0.00095331},"geometry":{"type":"Polygon","coordinates":[[[145.1797,-37.6861],[145.1917,-37.6895],[145.199,-37.6926],[145.1973,-37.7017],[145.2114,-37.7071],[145.2118,-37.7116],[145.2021,-37.7109],[145.2009,-37.7225],[145.1913,-37.7236],[145.173,-37.7239],[145.1771,-37.6981],[145.1646,-37.6896],[145.1785,-37.6912],[145.1797,-37.6861]]]}},{"type":"Feature","properties":{"name":"Reservoir","centroid":[145.00659,-37.71241],"areaDeg2":0.001947},"geometry":{"type":"Polygon","coordinates":[[[144.9849,-37.7276],[144.9787,-37.7192],[144.9771,-37.7103],[144.9824,-37.7027],[144.9721,-37.691],[145.0325,-37.6973],[145.034,-37.712],[145.0257,-37.7139],[145.0347,-37.7208],[145.0386,-37.7273],[145.0384,-37.7337],[144.9849,-37.7276]]]}},{"type":"Feature","properties":{"name":"Richmond","centroid":[145.00305,-37.82042],"areaDeg2":0.00047595},"geometry":{"type":"Polygon","coordinates":[[[145.0062,-37.8315],[144.9966,-37.8343],[144.9979,-37.8257],[144.9888,-37.8246],[144.9891,-37.8231],[144.9913,-37.8099],[144.9914,-37.8096],[145.0154,-37.8121],[145.0169,-37.8254],[145.0062,-37.8315]]]}},{"type":"Feature","properties":{"name":"Ringwood","centroid":[145.23326,-37.81178],"areaDeg2":0.0010305},"geometry":{"type":"Polygon","coordinates":[[[145.229,-37.8395],[145.2166,-37.8382],[145.2133,-37.8309],[145.2135,-37.8118],[145.2138,-37.8107],[145.2301,-37.8047],[145.2475,-37.7901],[145.2492,-37.7806],[145.2561,-37.7813],[145.2644,-37.7824],[145.2577,-37.7887],[145.2559,-37.7966],[145.2391,-37.8104],[145.2411,-37.8176],[145.2373,-37.8264],[145.2277,-37.827],[145.229,-37.8395]]]}},{"type":"Feature","properties":{"name":"Ringwood East","centroid":[145.2538,-37.81354],"areaDeg2":0.00050868},"geometry":{"type":"Polygon","coordinates":[[[145.2559,-37.7966],[145.264,-37.8078],[145.2596,-37.8093],[145.2669,-37.8176],[145.264,-37.828],[145.252,-37.8251],[145.2411,-37.8176],[145.2391,-37.8104],[145.2559,-37.7966]]]}},{"type":"Feature","properties":{"name":"Ringwood North","centroid":[145.23189,-37.79273],"areaDeg2":0.00054993},"geometry":{"type":"Polygon","coordinates":[[[145.2492,-37.7806],[145.2475,-37.7901],[145.2301,-37.8047],[145.2138,-37.8107],[145.2172,-37.7909],[145.2212,-37.7924],[145.2351,-37.791],[145.2317,-37.7739],[145.2387,-37.7754],[145.2492,-37.7806]]]}},{"type":"Feature","properties":{"name":"Ripponlea","centroid":[144.99536,-37.87799],"areaDeg2":0.00002713},"geometry":{"type":"Polygon","coordinates":[[[144.9968,-37.8834],[144.9912,-37.8745],[144.9982,-37.876],[144.998,-37.8769],[144.9968,-37.8834]]]}},{"type":"Feature","properties":{"name":"Rockbank","centroid":[144.64896,-37.73391],"areaDeg2":0.00075351},"geometry":{"type":"Polygon","coordinates":[[[144.6678,-37.7447],[144.6319,-37.7455],[144.6371,-37.7139],[144.6515,-37.7235],[144.671,-37.7348],[144.6678,-37.7447]]]}},{"type":"Feature","properties":{"name":"Rosanna","centroid":[145.07009,-37.74001],"areaDeg2":0.00036226},"geometry":{"type":"Polygon","coordinates":[[[145.0798,-37.7344],[145.0838,-37.7433],[145.079,-37.7484],[145.0578,-37.7473],[145.0608,-37.7298],[145.0788,-37.7332],[145.0798,-37.7344]]]}},{"type":"Feature","properties":{"name":"Rowville","centroid":[145.24395,-37.9244],"areaDeg2":0.0022432},"geometry":{"type":"Polygon","coordinates":[[[145.2657,-37.9459],[145.2439,-37.9432],[145.2337,-37.9427],[145.2292,-37.9521],[145.2192,-37.9401],[145.2064,-37.9312],[145.2056,-37.9244],[145.2053,-37.9227],[145.2121,-37.9179],[145.2208,-37.9177],[145.2372,-37.9052],[145.2632,-37.9023],[145.2746,-37.8997],[145.2815,-37.9053],[145.2718,-37.9146],[145.2657,-37.9459]]]}},{"type":"Feature","properties":{"name":"Roxburgh Park","centroid":[144.92552,-37.62588],"areaDeg2":0.00068868},"geometry":{"type":"Polygon","coordinates":[[[144.9127,-37.6106],[144.9405,-37.6137],[144.939,-37.6209],[144.9349,-37.6414],[144.9288,-37.6407],[144.9104,-37.6382],[144.9152,-37.6221],[144.9127,-37.6106]]]}},{"type":"Feature","properties":{"name":"Sandhurst","centroid":[145.21071,-38.08172],"areaDeg2":0.00027838},"geometry":{"type":"Polygon","coordinates":[[[145.2,-38.088],[145.2031,-38.0732],[145.2215,-38.0755],[145.2184,-38.0902],[145.2,-38.088]]]}},{"type":"Feature","properties":{"name":"Sandringham","centroid":[145.01394,-37.95342],"areaDeg2":0.00037351},"geometry":{"type":"Polygon","coordinates":[[[144.9929,-37.9422],[144.9975,-37.9443],[145.0226,-37.9469],[145.0214,-37.9534],[145.0305,-37.9544],[145.0285,-37.9627],[145.01,-37.9613],[144.9929,-37.9422]]]}},{"type":"Feature","properties":{"name":"Sassafras","centroid":[145.34772,-37.86349],"areaDeg2":0.00043784},"geometry":{"type":"Polygon","coordinates":[[[145.362,-37.8737],[145.3571,-37.8722],[145.3434,-37.8753],[145.3423,-37.8623],[145.3266,-37.8666],[145.3385,-37.8524],[145.3483,-37.8535],[145.3626,-37.8628],[145.362,-37.8737]]]}},{"type":"Feature","properties":{"name":"Scoresby","centroid":[145.21871,-37.90154],"areaDeg2":0.00094855},"geometry":{"type":"Polygon","coordinates":[[[145.2372,-37.9052],[145.2208,-37.9177],[145.2121,-37.9179],[145.2053,-37.9227],[145.2038,-37.9025],[145.2002,-37.893],[145.1961,-37.8882],[145.233,-37.8888],[145.2399,-37.8878],[145.2372,-37.9052]]]}},{"type":"Feature","properties":{"name":"Seabrook","centroid":[144.75921,-37.8814],"areaDeg2":0.00016331},"geometry":{"type":"Polygon","coordinates":[[[144.7667,-37.8839],[144.7624,-37.8886],[144.7517,-37.8867],[144.7536,-37.876],[144.7633,-37.8732],[144.7667,-37.8839]]]}},{"type":"Feature","properties":{"name":"Seaford","centroid":[145.13849,-38.10504],"areaDeg2":0.00127914},"geometry":{"type":"Polygon","coordinates":[[[145.1574,-38.1127],[145.1393,-38.1249],[145.1321,-38.1298],[145.1222,-38.1293],[145.1245,-38.1076],[145.1228,-38.0851],[145.1336,-38.0833],[145.1489,-38.0835],[145.1511,-38.0917],[145.162,-38.1089],[145.1574,-38.1127]]]}},{"type":"Feature","properties":{"name":"Seaholme","centroid":[144.84416,-37.86425],"areaDeg2":0.00006844},"geometry":{"type":"Polygon","coordinates":[[[144.8509,-37.8639],[144.8381,-37.8713],[144.8435,-37.8575],[144.8509,-37.8639]]]}},{"type":"Feature","properties":{"name":"Seddon","centroid":[144.8913,-37.8066],"areaDeg2":0.00009129},"geometry":{"type":"Polygon","coordinates":[[[144.8842,-37.8092],[144.8854,-37.8026],[144.8862,-37.8022],[144.8974,-37.804],[144.8985,-37.8108],[144.8842,-37.8092]]]}},{"type":"Feature","properties":{"name":"Selby","centroid":[145.37767,-37.91908],"areaDeg2":0.00061451},"geometry":{"type":"Polygon","coordinates":[[[145.3968,-37.9013],[145.3913,-37.9047],[145.3933,-37.9125],[145.3841,-37.9296],[145.3852,-37.934],[145.3765,-37.934],[145.3661,-37.9298],[145.3635,-37.9234],[145.3596,-37.9187],[145.3716,-37.9157],[145.3647,-37.9083],[145.3709,-37.9068],[145.386,-37.9072],[145.3968,-37.9013]]]}},{"type":"Feature","properties":{"name":"Sherbrooke","centroid":[145.35916,-37.88764],"areaDeg2":0.00070601},"geometry":{"type":"Polygon","coordinates":[[[145.3513,-37.8986],[145.3455,-37.8898],[145.3434,-37.8753],[145.3571,-37.8722],[145.362,-37.8737],[145.3704,-37.8763],[145.3717,-37.8857],[145.3709,-37.9068],[145.3647,-37.9083],[145.3634,-37.9013],[145.3513,-37.8986]]]}},{"type":"Feature","properties":{"name":"Skye","centroid":[145.21659,-38.1043],"areaDeg2":0.00163591},"geometry":{"type":"Polygon","coordinates":[[[145.1875,-38.1236],[145.194,-38.1172],[145.2,-38.088],[145.2184,-38.0902],[145.2215,-38.0755],[145.2394,-38.0777],[145.2306,-38.1217],[145.2295,-38.1269],[145.2145,-38.127],[145.1875,-38.1236]]]}},{"type":"Feature","properties":{"name":"Smiths Gully","centroid":[145.28884,-37.62697],"areaDeg2":0.00153293},"geometry":{"type":"Polygon","coordinates":[[[145.2859,-37.6505],[145.2804,-37.6471],[145.2689,-37.6312],[145.2541,-37.6221],[145.256,-37.6168],[145.2628,-37.62],[145.2707,-37.6106],[145.2936,-37.611],[145.3017,-37.6167],[145.3217,-37.612],[145.3231,-37.6176],[145.3078,-37.632],[145.3051,-37.6421],[145.2859,-37.6505]]]}},{"type":"Feature","properties":{"name":"Somerton","centroid":[144.95079,-37.63445],"areaDeg2":0.00056009},"geometry":{"type":"Polygon","coordinates":[[[144.939,-37.6209],[144.9536,-37.6226],[144.9732,-37.6463],[144.9349,-37.6414],[144.9349,-37.6414],[144.939,-37.6209]]]}},{"type":"Feature","properties":{"name":"Somerville","centroid":[145.20037,-38.2321],"areaDeg2":0.00396911},"geometry":{"type":"Polygon","coordinates":[[[145.1483,-38.2473],[145.1582,-38.2072],[145.1588,-38.2049],[145.1846,-38.2066],[145.1966,-38.212],[145.2202,-38.2121],[145.23,-38.2206],[145.2547,-38.2237],[145.2549,-38.2374],[145.2616,-38.2431],[145.2503,-38.2469],[145.2438,-38.2567],[145.2337,-38.2526],[145.2047,-38.2527],[145.1908,-38.2509],[145.1692,-38.251],[145.1483,-38.2473]]]}},{"type":"Feature","properties":{"name":"South Kingsville","centroid":[144.87151,-37.83072],"areaDeg2":0.00007209},"geometry":{"type":"Polygon","coordinates":[[[144.8657,-37.8331],[144.8671,-37.8243],[144.8818,-37.8348],[144.8657,-37.8331]]]}},{"type":"Feature","properties":{"name":"South Melbourne","centroid":[144.95622,-37.83344],"areaDeg2":0.00018077},"geometry":{"type":"Polygon","coordinates":[[[144.9676,-37.8374],[144.9569,-37.8372],[144.9465,-37.841],[144.9498,-37.8341],[144.9403,-37.8259],[144.9469,-37.8268],[144.9541,-37.8311],[144.9704,-37.8302],[144.9676,-37.8374]]]}},{"type":"Feature","properties":{"name":"South Morang","centroid":[145.08433,-37.63225],"areaDeg2":0.00212767},"geometry":{"type":"Polygon","coordinates":[[[145.1076,-37.6534],[145.1006,-37.663],[145.0945,-37.6625],[145.0814,-37.6505],[145.0662,-37.6494],[145.0604,-37.6329],[145.0645,-37.6264],[145.0442,-37.6245],[145.0506,-37.6105],[145.1085,-37.6171],[145.1228,-37.6224],[145.119,-37.6279],[145.1093,-37.6331],[145.1021,-37.6408],[145.1076,-37.6534]]]}},{"type":"Feature","properties":{"name":"South Wharf","centroid":[144.95117,-37.82449],"areaDeg2":0.00001407},"geometry":{"type":"Polygon","coordinates":[[[144.9491,-37.827],[144.9484,-37.8234],[144.956,-37.8231],[144.9491,-37.827]]]}},{"type":"Feature","properties":{"name":"South Yarra","centroid":[144.99297,-37.83916],"areaDeg2":0.0003447},"geometry":{"type":"Polygon","coordinates":[[[145.0032,-37.8481],[144.985,-37.8457],[144.9774,-37.8372],[144.9879,-37.8296],[144.9966,-37.8343],[145.0062,-37.8315],[145.0064,-37.8316],[145.0032,-37.8481]]]}},{"type":"Feature","properties":{"name":"Southbank","centroid":[144.96095,-37.82624],"areaDeg2":0.00016309},"geometry":{"type":"Polygon","coordinates":[[[144.9704,-37.8302],[144.9541,-37.8311],[144.9469,-37.8268],[144.9491,-37.827],[144.956,-37.8231],[144.9683,-37.8192],[144.9704,-37.8302]]]}},{"type":"Feature","properties":{"name":"Spotswood","centroid":[144.88825,-37.82901],"areaDeg2":0.00031395},"geometry":{"type":"Polygon","coordinates":[[[144.9055,-37.8229],[144.8978,-37.8306],[144.8971,-37.8383],[144.8818,-37.8348],[144.8671,-37.8243],[144.8812,-37.8254],[144.886,-37.8227],[144.9055,-37.8229]]]}},{"type":"Feature","properties":{"name":"Springvale","centroid":[145.15841,-37.94623],"areaDeg2":0.001146},"geometry":{"type":"Polygon","coordinates":[[[145.161,-37.9635],[145.1366,-37.9605],[145.1417,-37.9314],[145.1475,-37.9272],[145.1567,-37.9331],[145.1834,-37.9365],[145.1872,-37.9414],[145.1807,-37.951],[145.1759,-37.9504],[145.161,-37.9635]]]}},{"type":"Feature","properties":{"name":"Springvale South","centroid":[145.14817,-37.97062],"areaDeg2":0.00043666},"geometry":{"type":"Polygon","coordinates":[[[145.161,-37.9635],[145.1586,-37.9812],[145.146,-37.9832],[145.1329,-37.9636],[145.1297,-37.9615],[145.1366,-37.9605],[145.161,-37.9635]]]}},{"type":"Feature","properties":{"name":"St Albans","centroid":[144.80536,-37.74548],"areaDeg2":0.00134425},"geometry":{"type":"Polygon","coordinates":[[[144.782,-37.7276],[144.7933,-37.728],[144.8153,-37.7297],[144.8327,-37.7503],[144.8161,-37.7661],[144.8059,-37.7677],[144.7965,-37.7589],[144.7926,-37.748],[144.7787,-37.7466],[144.7794,-37.742],[144.782,-37.7276]]]}},{"type":"Feature","properties":{"name":"St Andrews","centroid":[145.2872,-37.58369],"areaDeg2":0.00416949},"geometry":{"type":"Polygon","coordinates":[[[145.256,-37.6168],[145.2512,-37.6142],[145.2429,-37.6083],[145.2449,-37.5979],[145.2512,-37.5921],[145.2511,-37.5839],[145.258,-37.5697],[145.263,-37.558],[145.2707,-37.5589],[145.2765,-37.5527],[145.2877,-37.5525],[145.3063,-37.5447],[145.3185,-37.5485],[145.3197,-37.5417],[145.3327,-37.5392],[145.3308,-37.5494],[145.3101,-37.563],[145.3098,-37.5744],[145.3128,-37.584],[145.3247,-37.5932],[145.3217,-37.6076],[145.3264,-37.6091],[145.3217,-37.612],[145.3017,-37.6167],[145.2936,-37.611],[145.2707,-37.6106],[145.2628,-37.62],[145.256,-37.6168]]]}},{"type":"Feature","properties":{"name":"St Helena","centroid":[145.12946,-37.68921],"areaDeg2":0.00011628},"geometry":{"type":"Polygon","coordinates":[[[145.1344,-37.6969],[145.1168,-37.6879],[145.1335,-37.6847],[145.1429,-37.6868],[145.1321,-37.6896],[145.1344,-37.6969]]]}},{"type":"Feature","properties":{"name":"St Kilda","centroid":[144.98189,-37.86382],"areaDeg2":0.00034247},"geometry":{"type":"Polygon","coordinates":[[[144.9933,-37.8579],[144.9912,-37.8654],[144.9897,-37.8721],[144.9745,-37.8763],[144.9754,-37.8694],[144.971,-37.8634],[144.9767,-37.8593],[144.9707,-37.8536],[144.9789,-37.8525],[144.9829,-37.8546],[144.9933,-37.8579]]]}},{"type":"Feature","properties":{"name":"St Kilda East","centroid":[145.00209,-37.86679],"areaDeg2":0.00023185},"geometry":{"type":"Polygon","coordinates":[[[145.0101,-37.8602],[145.0105,-37.8602],[145.0072,-37.8781],[144.998,-37.8769],[144.9982,-37.876],[145,-37.8665],[144.9912,-37.8654],[144.9933,-37.8579],[145.0014,-37.859],[145.0101,-37.8602]]]}},{"type":"Feature","properties":{"name":"St Kilda West","centroid":[144.97107,-37.85847],"areaDeg2":0.00005381},"geometry":{"type":"Polygon","coordinates":[[[144.9707,-37.8536],[144.9767,-37.8593],[144.971,-37.8634],[144.9657,-37.8575],[144.9707,-37.8536],[144.9707,-37.8536]]]}},{"type":"Feature","properties":{"name":"St Leonards","centroid":[144.68558,-38.17775],"areaDeg2":0.00293727},"geometry":{"type":"Polygon","coordinates":[[[144.7007,-38.2198],[144.6995,-38.2137],[144.7037,-38.2026],[144.6931,-38.1945],[144.6813,-38.2012],[144.6409,-38.1963],[144.6464,-38.1674],[144.6827,-38.1718],[144.6884,-38.1428],[144.7069,-38.1451],[144.7173,-38.1503],[144.7165,-38.162],[144.7201,-38.1715],[144.7128,-38.1886],[144.7058,-38.2111],[144.7007,-38.2198]]]}},{"type":"Feature","properties":{"name":"Steels Creek","centroid":[145.38108,-37.5798],"areaDeg2":0.0031486},"geometry":{"type":"Polygon","coordinates":[[[145.3551,-37.6007],[145.3644,-37.5628],[145.3664,-37.5451],[145.3758,-37.5405],[145.3865,-37.5434],[145.3896,-37.5398],[145.3956,-37.5397],[145.4065,-37.5487],[145.4097,-37.5628],[145.4073,-37.5735],[145.4015,-37.5772],[145.4023,-37.5875],[145.3949,-37.5943],[145.3912,-37.6031],[145.3924,-37.6159],[145.3898,-37.6199],[145.3857,-37.6221],[145.3579,-37.6186],[145.3551,-37.6007]]]}},{"type":"Feature","properties":{"name":"Strathmore","centroid":[144.91712,-37.73376],"areaDeg2":0.00034905},"geometry":{"type":"Polygon","coordinates":[[[144.9023,-37.7168],[144.9195,-37.725],[144.9258,-37.7333],[144.9347,-37.7441],[144.9082,-37.7413],[144.904,-37.7346],[144.917,-37.7307],[144.9017,-37.7192],[144.9023,-37.7168]]]}},{"type":"Feature","properties":{"name":"Strathmore Heights","centroid":[144.89691,-37.71319],"areaDeg2":0.00006332},"geometry":{"type":"Polygon","coordinates":[[[144.8885,-37.7108],[144.8908,-37.7101],[144.8981,-37.7092],[144.901,-37.7122],[144.9023,-37.7168],[144.9017,-37.7192],[144.893,-37.7135],[144.8885,-37.7108]]]}},{"type":"Feature","properties":{"name":"Strathtulloh","centroid":[144.59693,-37.73388],"areaDeg2":0.0011131},"geometry":{"type":"Polygon","coordinates":[[[144.6123,-37.7517],[144.5768,-37.7482],[144.5836,-37.7382],[144.5773,-37.734],[144.5822,-37.7206],[144.5792,-37.7146],[144.6,-37.7165],[144.5992,-37.7207],[144.6175,-37.7227],[144.6123,-37.7517]]]}},{"type":"Feature","properties":{"name":"Sunshine","centroid":[144.8341,-37.78975],"areaDeg2":0.00050565},"geometry":{"type":"Polygon","coordinates":[[[144.8437,-37.8029],[144.833,-37.8029],[144.8209,-37.7987],[144.8263,-37.789],[144.8153,-37.7841],[144.8273,-37.7854],[144.8239,-37.7765],[144.8471,-37.7791],[144.8425,-37.7973],[144.8437,-37.8029]]]}},{"type":"Feature","properties":{"name":"Sunshine North","centroid":[144.83612,-37.76432],"areaDeg2":0.00076942},"geometry":{"type":"Polygon","coordinates":[[[144.8513,-37.7698],[144.8471,-37.7791],[144.8239,-37.7765],[144.8161,-37.7661],[144.8327,-37.7503],[144.8392,-37.7462],[144.8477,-37.7498],[144.8513,-37.7698]]]}},{"type":"Feature","properties":{"name":"Sunshine West","centroid":[144.81097,-37.79832],"areaDeg2":0.00097599},"geometry":{"type":"Polygon","coordinates":[[[144.8267,-37.8169],[144.8081,-37.8153],[144.8047,-37.8018],[144.7906,-37.7991],[144.7876,-37.7958],[144.7896,-37.7843],[144.7914,-37.7816],[144.8153,-37.7841],[144.8263,-37.789],[144.8209,-37.7987],[144.833,-37.8029],[144.8345,-37.8064],[144.8267,-37.8169]]]}},{"type":"Feature","properties":{"name":"Surrey Hills","centroid":[145.09803,-37.8267],"areaDeg2":0.00046575},"geometry":{"type":"Polygon","coordinates":[[[145.1111,-37.8377],[145.0982,-37.8363],[145.0857,-37.8341],[145.0865,-37.8186],[145.0902,-37.8132],[145.1002,-37.8146],[145.1028,-37.8233],[145.1135,-37.8249],[145.1129,-37.8277],[145.1111,-37.8377]]]}},{"type":"Feature","properties":{"name":"Swan Bay","centroid":[144.66214,-38.22955],"areaDeg2":0.00387697},"geometry":{"type":"Polygon","coordinates":[[[144.6409,-38.1963],[144.6813,-38.2012],[144.6931,-38.1945],[144.7037,-38.2026],[144.6995,-38.2137],[144.7007,-38.2198],[144.7024,-38.243],[144.6963,-38.2413],[144.6848,-38.2443],[144.6785,-38.238],[144.6636,-38.2546],[144.6649,-38.2612],[144.6426,-38.27],[144.626,-38.2577],[144.6187,-38.2665],[144.6134,-38.2562],[144.6297,-38.2452],[144.6319,-38.2425],[144.6409,-38.1963]]]}},{"type":"Feature","properties":{"name":"Swan Island","centroid":[144.68059,-38.2493],"areaDeg2":0.00039749},"geometry":{"type":"Polygon","coordinates":[[[144.6798,-38.2589],[144.6669,-38.2577],[144.6649,-38.2612],[144.6636,-38.2546],[144.6785,-38.238],[144.6848,-38.2443],[144.6963,-38.2413],[144.7024,-38.243],[144.6981,-38.2482],[144.6874,-38.2514],[144.6798,-38.2589]]]}},{"type":"Feature","properties":{"name":"Sydenham","centroid":[144.76531,-37.69971],"areaDeg2":0.00036274},"geometry":{"type":"Polygon","coordinates":[[[144.7583,-37.681],[144.765,-37.6895],[144.7821,-37.7112],[144.7681,-37.7097],[144.7563,-37.7062],[144.7555,-37.6998],[144.7583,-37.681]]]}},{"type":"Feature","properties":{"name":"Tarneit","centroid":[144.66396,-37.83571],"areaDeg2":0.00388783},"geometry":{"type":"Polygon","coordinates":[[[144.6147,-37.8421],[144.6178,-37.8259],[144.654,-37.8298],[144.6595,-37.8009],[144.7085,-37.8068],[144.7027,-37.8346],[144.7058,-37.844],[144.7133,-37.8513],[144.6695,-37.8464],[144.6651,-37.8717],[144.6509,-37.8704],[144.6399,-37.8657],[144.6351,-37.8675],[144.6268,-37.8613],[144.6147,-37.8421]]]}},{"type":"Feature","properties":{"name":"Taylors Hill","centroid":[144.75298,-37.71513],"areaDeg2":0.00046713},"geometry":{"type":"Polygon","coordinates":[[[144.7641,-37.7253],[144.7506,-37.724],[144.7385,-37.7224],[144.7419,-37.7044],[144.7563,-37.7062],[144.7681,-37.7097],[144.7641,-37.7253]]]}},{"type":"Feature","properties":{"name":"Taylors Lakes","centroid":[144.78644,-37.69861],"areaDeg2":0.0007709},"geometry":{"type":"Polygon","coordinates":[[[144.8109,-37.7142],[144.7821,-37.7112],[144.765,-37.6895],[144.7752,-37.679],[144.7976,-37.6929],[144.7909,-37.6995],[144.8019,-37.7019],[144.8115,-37.7087],[144.8109,-37.7142]]]}},{"type":"Feature","properties":{"name":"Tecoma","centroid":[145.34403,-37.90456],"areaDeg2":0.00018117},"geometry":{"type":"Polygon","coordinates":[[[145.3429,-37.8902],[145.3455,-37.8898],[145.3513,-37.8986],[145.3417,-37.9185],[145.3318,-37.9238],[145.3351,-37.9205],[145.3405,-37.9136],[145.3429,-37.8902]]]}},{"type":"Feature","properties":{"name":"Templestowe","centroid":[145.14865,-37.75381],"areaDeg2":0.00169019},"geometry":{"type":"Polygon","coordinates":[[[145.1357,-37.7409],[145.1554,-37.734],[145.1767,-37.7357],[145.1777,-37.7384],[145.1755,-37.75],[145.1691,-37.7492],[145.1644,-37.7752],[145.1462,-37.7731],[145.1451,-37.7786],[145.1354,-37.7733],[145.1315,-37.7673],[145.1175,-37.7527],[145.1254,-37.7402],[145.1357,-37.7409]]]}},{"type":"Feature","properties":{"name":"Templestowe Lower","centroid":[145.11271,-37.76374],"areaDeg2":0.00060392},"geometry":{"type":"Polygon","coordinates":[[[145.1042,-37.7723],[145.1012,-37.763],[145.0928,-37.7579],[145.0938,-37.7524],[145.0982,-37.749],[145.1094,-37.7554],[145.1175,-37.7527],[145.1315,-37.7673],[145.1232,-37.7796],[145.1142,-37.7742],[145.1042,-37.7723]]]}},{"type":"Feature","properties":{"name":"The Basin","centroid":[145.31915,-37.85546],"areaDeg2":0.0005512},"geometry":{"type":"Polygon","coordinates":[[[145.306,-37.8632],[145.299,-37.8531],[145.3178,-37.8449],[145.326,-37.8466],[145.3328,-37.8474],[145.3385,-37.8524],[145.3266,-37.8666],[145.306,-37.8632]]]}},{"type":"Feature","properties":{"name":"The Patch","centroid":[145.40021,-37.89188],"areaDeg2":0.00033662},"geometry":{"type":"Polygon","coordinates":[[[145.3919,-37.8821],[145.4031,-37.8831],[145.4063,-37.8895],[145.4183,-37.8992],[145.3993,-37.9013],[145.3884,-37.8909],[145.3867,-37.8834],[145.3919,-37.8821]]]}},{"type":"Feature","properties":{"name":"Thomastown","centroid":[145.00659,-37.68377],"areaDeg2":0.00146563},"geometry":{"type":"Polygon","coordinates":[[[144.9721,-37.691],[144.9713,-37.6842],[144.9762,-37.6727],[144.974,-37.6691],[145.0097,-37.6723],[145.0152,-37.6748],[145.042,-37.6772],[145.0409,-37.6953],[145.0325,-37.6973],[144.9721,-37.691]]]}},{"type":"Feature","properties":{"name":"Thornbury","centroid":[145.00667,-37.75834],"areaDeg2":0.00053336},"geometry":{"type":"Polygon","coordinates":[[[144.9808,-37.7589],[144.9802,-37.7573],[144.9808,-37.7503],[145.0314,-37.7557],[145.0312,-37.7666],[145.0274,-37.7662],[145.0176,-37.7652],[144.9998,-37.7633],[144.9808,-37.7589]]]}},{"type":"Feature","properties":{"name":"Thornhill Park","centroid":[144.6249,-37.73037],"areaDeg2":0.00081218},"geometry":{"type":"Polygon","coordinates":[[[144.6319,-37.7455],[144.6295,-37.7538],[144.6123,-37.7517],[144.6175,-37.7227],[144.621,-37.7024],[144.6371,-37.7139],[144.6319,-37.7455]]]}},{"type":"Feature","properties":{"name":"Toolern Vale","centroid":[144.58991,-37.60482],"areaDeg2":0.00989079},"geometry":{"type":"Polygon","coordinates":[[[144.5562,-37.5589],[144.5612,-37.5524],[144.5729,-37.5538],[144.5737,-37.5443],[144.5887,-37.5461],[144.5867,-37.5553],[144.6268,-37.56],[144.6263,-37.5629],[144.6236,-37.5677],[144.632,-37.5821],[144.6307,-37.5869],[144.6368,-37.5958],[144.6514,-37.6051],[144.658,-37.6162],[144.6611,-37.6269],[144.655,-37.6343],[144.6561,-37.6396],[144.6437,-37.6526],[144.6085,-37.6485],[144.5757,-37.6452],[144.573,-37.6338],[144.5546,-37.6365],[144.5551,-37.6428],[144.538,-37.6406],[144.5377,-37.6374],[144.5195,-37.6353],[144.5201,-37.6322],[144.5193,-37.6279],[144.5273,-37.6183],[144.5233,-37.6032],[144.5317,-37.5951],[144.5423,-37.5739],[144.5509,-37.5618],[144.5562,-37.5589]]]}},{"type":"Feature","properties":{"name":"Tooradin","centroid":[145.38366,-38.20105],"areaDeg2":0.00283911},"geometry":{"type":"Polygon","coordinates":[[[145.3422,-38.184],[145.3438,-38.1764],[145.3714,-38.18],[145.3735,-38.1694],[145.3932,-38.172],[145.3896,-38.1892],[145.3961,-38.192],[145.4191,-38.1949],[145.4167,-38.2038],[145.4272,-38.2121],[145.4303,-38.215],[145.4219,-38.2176],[145.4131,-38.2279],[145.3924,-38.2245],[145.39,-38.2223],[145.3647,-38.2217],[145.3534,-38.2146],[145.3562,-38.2029],[145.351,-38.1929],[145.3422,-38.184]]]}},{"type":"Feature","properties":{"name":"Toorak","centroid":[145.01773,-37.84147],"areaDeg2":0.00045383},"geometry":{"type":"Polygon","coordinates":[[[145.0123,-37.8493],[145.0032,-37.8481],[145.0064,-37.8316],[145.014,-37.8308],[145.0246,-37.8345],[145.0327,-37.8374],[145.0314,-37.8438],[145.0299,-37.8516],[145.0123,-37.8493]]]}},{"type":"Feature","properties":{"name":"Tottenham","centroid":[144.85319,-37.80485],"areaDeg2":0.0002036},"geometry":{"type":"Polygon","coordinates":[[[144.8602,-37.8137],[144.8598,-37.8138],[144.8559,-37.8149],[144.8437,-37.8029],[144.8425,-37.7973],[144.8607,-37.7994],[144.8602,-37.8137]]]}},{"type":"Feature","properties":{"name":"Travancore","centroid":[144.93645,-37.78191],"areaDeg2":0.00002647},"geometry":{"type":"Polygon","coordinates":[[[144.9399,-37.787],[144.9323,-37.7809],[144.9371,-37.7778],[144.9399,-37.787]]]}},{"type":"Feature","properties":{"name":"Tremont","centroid":[145.31703,-37.87881],"areaDeg2":0.00052146},"geometry":{"type":"Polygon","coordinates":[[[145.3321,-37.889],[145.3273,-37.8937],[145.3052,-37.8878],[145.3085,-37.871],[145.3062,-37.869],[145.306,-37.8632],[145.3266,-37.8666],[145.323,-37.8779],[145.3321,-37.889]]]}},{"type":"Feature","properties":{"name":"Truganina","centroid":[144.71173,-37.79917],"areaDeg2":0.00657702},"geometry":{"type":"Polygon","coordinates":[[[144.6595,-37.8009],[144.6659,-37.7581],[144.6678,-37.7447],[144.671,-37.7348],[144.6801,-37.738],[144.7062,-37.7474],[144.7237,-37.7508],[144.7211,-37.7598],[144.7163,-37.7928],[144.7528,-37.796],[144.7509,-37.8104],[144.7692,-37.812],[144.7656,-37.8387],[144.7465,-37.854],[144.7312,-37.8527],[144.7313,-37.8633],[144.7207,-37.8617],[144.7133,-37.8513],[144.7058,-37.844],[144.7027,-37.8346],[144.7085,-37.8068],[144.6595,-37.8009]]]}},{"type":"Feature","properties":{"name":"Tullamarine","centroid":[144.87233,-37.70665],"areaDeg2":0.00070611},"geometry":{"type":"Polygon","coordinates":[[[144.8893,-37.7046],[144.8908,-37.7101],[144.8885,-37.7108],[144.8679,-37.7238],[144.8601,-37.7184],[144.8594,-37.7124],[144.8475,-37.7104],[144.8518,-37.7018],[144.8696,-37.707],[144.8742,-37.6928],[144.8716,-37.6818],[144.8821,-37.6904],[144.8893,-37.7046]]]}},{"type":"Feature","properties":{"name":"Upper Ferntree Gully","centroid":[145.31014,-37.89766],"areaDeg2":0.00036638},"geometry":{"type":"Polygon","coordinates":[[[145.3052,-37.8878],[145.3273,-37.8937],[145.3222,-37.9012],[145.3124,-37.9025],[145.3107,-37.91],[145.2946,-37.9006],[145.3052,-37.8878]]]}},{"type":"Feature","properties":{"name":"Upwey","centroid":[145.32934,-37.90562],"areaDeg2":0.00064921},"geometry":{"type":"Polygon","coordinates":[[[145.3273,-37.8937],[145.3321,-37.889],[145.3429,-37.8902],[145.3405,-37.9136],[145.3351,-37.9205],[145.324,-37.9192],[145.3107,-37.91],[145.3124,-37.9025],[145.3222,-37.9012],[145.3273,-37.8937]]]}},{"type":"Feature","properties":{"name":"Vermont","centroid":[145.19906,-37.83872],"areaDeg2":0.00047952},"geometry":{"type":"Polygon","coordinates":[[[145.21,-37.8472],[145.1823,-37.8458],[145.1843,-37.8322],[145.1888,-37.8309],[145.2133,-37.8309],[145.2166,-37.8382],[145.21,-37.8472]]]}},{"type":"Feature","properties":{"name":"Vermont South","centroid":[145.18747,-37.85442],"areaDeg2":0.00061399},"geometry":{"type":"Polygon","coordinates":[[[145.1691,-37.862],[145.1693,-37.8548],[145.1708,-37.8454],[145.1823,-37.8458],[145.21,-37.8472],[145.2067,-37.8555],[145.2004,-37.8591],[145.1957,-37.8652],[145.1691,-37.862]]]}},{"type":"Feature","properties":{"name":"Viewbank","centroid":[145.09383,-37.73977],"areaDeg2":0.00045836},"geometry":{"type":"Polygon","coordinates":[[[145.0982,-37.749],[145.0938,-37.7524],[145.0825,-37.7514],[145.0838,-37.7433],[145.0798,-37.7344],[145.0971,-37.7285],[145.1071,-37.73],[145.1079,-37.7374],[145.0982,-37.749]]]}},{"type":"Feature","properties":{"name":"Wantirna","centroid":[145.22553,-37.85253],"areaDeg2":0.0008225},"geometry":{"type":"Polygon","coordinates":[[[145.21,-37.8472],[145.2166,-37.8382],[145.229,-37.8395],[145.2383,-37.8387],[145.2439,-37.8522],[145.2352,-37.869],[145.207,-37.8597],[145.2004,-37.8591],[145.2067,-37.8555],[145.21,-37.8472]]]}},{"type":"Feature","properties":{"name":"Wantirna South","centroid":[145.22207,-37.87415],"areaDeg2":0.00148126},"geometry":{"type":"Polygon","coordinates":[[[145.1961,-37.8882],[145.1909,-37.879],[145.1957,-37.8652],[145.2004,-37.8591],[145.207,-37.8597],[145.2352,-37.869],[145.2439,-37.8522],[145.2543,-37.8563],[145.2504,-37.8683],[145.2479,-37.8819],[145.2399,-37.8878],[145.233,-37.8888],[145.1961,-37.8882]]]}},{"type":"Feature","properties":{"name":"Warneet","centroid":[145.31936,-38.22448],"areaDeg2":0.00032949},"geometry":{"type":"Polygon","coordinates":[[[145.3104,-38.2154],[145.3255,-38.2146],[145.3288,-38.2234],[145.3267,-38.2352],[145.3213,-38.2392],[145.3154,-38.2274],[145.3069,-38.2277],[145.3104,-38.2154]]]}},{"type":"Feature","properties":{"name":"Warrandyte","centroid":[145.20938,-37.74707],"areaDeg2":0.00190115},"geometry":{"type":"Polygon","coordinates":[[[145.1842,-37.7655],[145.1805,-37.7515],[145.1755,-37.75],[145.1777,-37.7384],[145.1815,-37.7298],[145.1938,-37.7318],[145.212,-37.7296],[145.2142,-37.7344],[145.226,-37.7363],[145.236,-37.7314],[145.242,-37.7361],[145.2479,-37.7477],[145.2424,-37.7544],[145.2341,-37.7536],[145.2319,-37.7637],[145.2044,-37.7608],[145.1989,-37.7717],[145.1987,-37.7659],[145.1863,-37.7616],[145.1842,-37.7655]]]}},{"type":"Feature","properties":{"name":"Warrandyte South","centroid":[145.24369,-37.76082],"areaDeg2":0.00038833},"geometry":{"type":"Polygon","coordinates":[[[145.2479,-37.7477],[145.2569,-37.7551],[145.2586,-37.7651],[145.2406,-37.7648],[145.2387,-37.7754],[145.2317,-37.7739],[145.2319,-37.7637],[145.2341,-37.7536],[145.2424,-37.7544],[145.2479,-37.7477]]]}},{"type":"Feature","properties":{"name":"Warranwood","centroid":[145.24916,-37.77214],"areaDeg2":0.0002627},"geometry":{"type":"Polygon","coordinates":[[[145.2561,-37.7813],[145.2492,-37.7806],[145.2387,-37.7754],[145.2406,-37.7648],[145.2586,-37.7651],[145.2591,-37.7652],[145.2561,-37.7813]]]}},{"type":"Feature","properties":{"name":"Waterways","centroid":[145.13027,-38.0145],"areaDeg2":0.00017459},"geometry":{"type":"Polygon","coordinates":[[[145.1194,-38.0163],[145.1208,-38.0093],[145.1408,-38.0107],[145.1373,-38.0213],[145.1194,-38.0163]]]}},{"type":"Feature","properties":{"name":"Watsonia","centroid":[145.08394,-37.71042],"areaDeg2":0.00023663},"geometry":{"type":"Polygon","coordinates":[[[145.0795,-37.7021],[145.0898,-37.7032],[145.0936,-37.7122],[145.0911,-37.7181],[145.0745,-37.7162],[145.0749,-37.7088],[145.0795,-37.7021]]]}},{"type":"Feature","properties":{"name":"Watsonia North","centroid":[145.08531,-37.69669],"areaDeg2":0.0001291},"geometry":{"type":"Polygon","coordinates":[[[145.0898,-37.7032],[145.0795,-37.7021],[145.081,-37.6931],[145.0778,-37.6876],[145.0927,-37.6947],[145.0898,-37.7032]]]}},{"type":"Feature","properties":{"name":"Watsons Creek","centroid":[145.26129,-37.66374],"areaDeg2":0.00013617},"geometry":{"type":"Polygon","coordinates":[[[145.2746,-37.6565],[145.2565,-37.672],[145.2621,-37.6754],[145.2508,-37.6685],[145.2514,-37.665],[145.2607,-37.6628],[145.2617,-37.6573],[145.2746,-37.6565]]]}},{"type":"Feature","properties":{"name":"Wattle Glen","centroid":[145.18877,-37.66636],"areaDeg2":0.0008985},"geometry":{"type":"Polygon","coordinates":[[[145.1757,-37.6498],[145.1964,-37.6513],[145.2104,-37.6568],[145.2,-37.6666],[145.1984,-37.6825],[145.1917,-37.6895],[145.1797,-37.6861],[145.1824,-37.6731],[145.1688,-37.6596],[145.1757,-37.6498]]]}},{"type":"Feature","properties":{"name":"Weir Views","centroid":[144.56812,-37.72887],"areaDeg2":0.00052708},"geometry":{"type":"Polygon","coordinates":[[[144.5822,-37.7206],[144.5773,-37.734],[144.5836,-37.7382],[144.5768,-37.7482],[144.5752,-37.7482],[144.5701,-37.7442],[144.5615,-37.7259],[144.5437,-37.7196],[144.5412,-37.7167],[144.5495,-37.7153],[144.5619,-37.7184],[144.5822,-37.7206]]]}},{"type":"Feature","properties":{"name":"Werribee","centroid":[144.64204,-37.90664],"areaDeg2":0.00439582},"geometry":{"type":"Polygon","coordinates":[[[144.7043,-37.9004],[144.6928,-37.9078],[144.6574,-37.9198],[144.6274,-37.9297],[144.6001,-37.9453],[144.5973,-37.9419],[144.579,-37.9398],[144.5804,-37.9314],[144.5878,-37.9257],[144.593,-37.8976],[144.6295,-37.9018],[144.6327,-37.8898],[144.6445,-37.8788],[144.6523,-37.8768],[144.6509,-37.8704],[144.6651,-37.8717],[144.6645,-37.8756],[144.6829,-37.8776],[144.6805,-37.8916],[144.7074,-37.8806],[144.7189,-37.8772],[144.709,-37.8834],[144.7101,-37.8897],[144.7043,-37.9004]]]}},{"type":"Feature","properties":{"name":"Werribee South","centroid":[144.69701,-37.9382],"areaDeg2":0.00379376},"geometry":{"type":"Polygon","coordinates":[[[144.7405,-37.9414],[144.7249,-37.9505],[144.7136,-37.9618],[144.6992,-37.9731],[144.6878,-37.9737],[144.6713,-37.972],[144.668,-37.967],[144.6687,-37.954],[144.6642,-37.9504],[144.6631,-37.9354],[144.6677,-37.9256],[144.6574,-37.9198],[144.6928,-37.9078],[144.7043,-37.9004],[144.7169,-37.8961],[144.7135,-37.9149],[144.7281,-37.9271],[144.7428,-37.9288],[144.7405,-37.9414]]]}},{"type":"Feature","properties":{"name":"West Footscray","centroid":[144.87054,-37.80045],"areaDeg2":0.00040011},"geometry":{"type":"Polygon","coordinates":[[[144.8607,-37.7994],[144.8639,-37.7895],[144.8827,-37.7908],[144.8793,-37.8012],[144.8862,-37.8022],[144.8854,-37.8026],[144.8692,-37.8112],[144.8602,-37.8137],[144.8607,-37.7994]]]}},{"type":"Feature","properties":{"name":"West Melbourne","centroid":[144.92507,-37.8093],"areaDeg2":0.00064877},"geometry":{"type":"Polygon","coordinates":[[[144.9165,-37.7983],[144.936,-37.8024],[144.956,-37.8059],[144.9514,-37.8132],[144.9356,-37.8092],[144.9321,-37.8151],[144.9201,-37.819],[144.9055,-37.8228],[144.9055,-37.8153],[144.9103,-37.8008],[144.9165,-37.7983]]]}},{"type":"Feature","properties":{"name":"Westmeadows","centroid":[144.89237,-37.6753],"areaDeg2":0.00053837},"geometry":{"type":"Polygon","coordinates":[[[144.8821,-37.6904],[144.8716,-37.6818],[144.8663,-37.6781],[144.8676,-37.671],[144.8994,-37.6757],[144.9059,-37.662],[144.9059,-37.6617],[144.9187,-37.6631],[144.9161,-37.6718],[144.9033,-37.681],[144.8866,-37.6805],[144.8821,-37.6904]]]}},{"type":"Feature","properties":{"name":"Wheelers Hill","centroid":[145.18645,-37.90793],"areaDeg2":0.00103933},"geometry":{"type":"Polygon","coordinates":[[[145.1614,-37.9035],[145.1736,-37.9049],[145.1764,-37.8903],[145.2002,-37.893],[145.2038,-37.9025],[145.2053,-37.9227],[145.2056,-37.9244],[145.1738,-37.9204],[145.1606,-37.9088],[145.1614,-37.9035]]]}},{"type":"Feature","properties":{"name":"Wildwood","centroid":[144.79976,-37.5589],"areaDeg2":0.00418962},"geometry":{"type":"Polygon","coordinates":[[[144.8279,-37.5248],[144.8355,-37.5336],[144.8331,-37.5482],[144.8286,-37.5552],[144.8317,-37.5633],[144.8189,-37.5724],[144.8221,-37.5784],[144.8106,-37.5812],[144.8135,-37.5947],[144.8119,-37.6048],[144.8069,-37.6071],[144.8005,-37.6118],[144.7894,-37.6085],[144.7872,-37.5967],[144.7805,-37.5913],[144.7705,-37.5905],[144.7684,-37.584],[144.7773,-37.5709],[144.7703,-37.5577],[144.7755,-37.5471],[144.7769,-37.5307],[144.7712,-37.5292],[144.7683,-37.5174],[144.8279,-37.5248]]]}},{"type":"Feature","properties":{"name":"Williams Landing","centroid":[144.74314,-37.86216],"areaDeg2":0.00039306},"geometry":{"type":"Polygon","coordinates":[[[144.7512,-37.8698],[144.7366,-37.8728],[144.7313,-37.8633],[144.7312,-37.8527],[144.7465,-37.854],[144.7525,-37.8545],[144.7578,-37.8651],[144.7512,-37.8698]]]}},{"type":"Feature","properties":{"name":"Williamstown","centroid":[144.88863,-37.86124],"areaDeg2":0.00056616},"geometry":{"type":"Polygon","coordinates":[[[144.8677,-37.859],[144.8516,-37.8559],[144.853,-37.8524],[144.8627,-37.8551],[144.889,-37.8578],[144.8863,-37.8515],[144.899,-37.8511],[144.9052,-37.8621],[144.9156,-37.8652],[144.9027,-37.873],[144.8934,-37.8678],[144.8774,-37.8674],[144.8677,-37.859]]]}},{"type":"Feature","properties":{"name":"Williamstown North","centroid":[144.87034,-37.85291],"areaDeg2":0.00016561},"geometry":{"type":"Polygon","coordinates":[[[144.853,-37.8524],[144.863,-37.8485],[144.8747,-37.8491],[144.889,-37.8578],[144.8627,-37.8551],[144.853,-37.8524]]]}},{"type":"Feature","properties":{"name":"Windsor","centroid":[144.99324,-37.85467],"areaDeg2":0.00010211},"geometry":{"type":"Polygon","coordinates":[[[145.0014,-37.859],[144.9933,-37.8579],[144.9829,-37.8546],[144.9842,-37.8507],[145.0024,-37.8531],[145.0014,-37.859]]]}},{"type":"Feature","properties":{"name":"Wollert","centroid":[145.00565,-37.59166],"areaDeg2":0.00554233},"geometry":{"type":"Polygon","coordinates":[[[144.9639,-37.5573],[145.0156,-37.5626],[145.0281,-37.5664],[145.0408,-37.571],[145.06,-37.5728],[145.0642,-37.5824],[145.0633,-37.5915],[145.0541,-37.5918],[145.0506,-37.6105],[145.0442,-37.6245],[144.9546,-37.6153],[144.953,-37.5964],[144.9576,-37.5816],[144.9653,-37.5723],[144.9639,-37.5573]]]}},{"type":"Feature","properties":{"name":"Wonga Park","centroid":[145.26946,-37.73526],"areaDeg2":0.00244916},"geometry":{"type":"Polygon","coordinates":[[[145.2365,-37.7199],[145.2414,-37.7254],[145.2539,-37.7171],[145.2579,-37.7101],[145.2674,-37.7037],[145.2722,-37.7038],[145.2813,-37.7138],[145.2861,-37.7034],[145.2932,-37.7095],[145.2934,-37.7122],[145.2939,-37.7229],[145.2869,-37.7353],[145.2923,-37.7554],[145.2964,-37.7635],[145.2782,-37.7618],[145.2726,-37.7685],[145.2591,-37.7652],[145.2586,-37.7651],[145.2569,-37.7551],[145.2479,-37.7477],[145.242,-37.7361],[145.2368,-37.7271],[145.2365,-37.7199]]]}},{"type":"Feature","properties":{"name":"Wyndham Vale","centroid":[144.60741,-37.85975],"areaDeg2":0.00271965},"geometry":{"type":"Polygon","coordinates":[[[144.6509,-37.8704],[144.6523,-37.8768],[144.6445,-37.8788],[144.6327,-37.8898],[144.6295,-37.9018],[144.593,-37.8976],[144.6028,-37.8915],[144.6048,-37.8863],[144.6183,-37.8784],[144.6098,-37.8691],[144.5748,-37.8457],[144.5601,-37.8411],[144.5591,-37.8408],[144.5791,-37.8234],[144.5801,-37.8203],[144.5883,-37.8161],[144.5914,-37.8225],[144.6031,-37.8271],[144.6031,-37.8324],[144.6147,-37.8421],[144.6268,-37.8613],[144.6351,-37.8675],[144.6399,-37.8657],[144.6509,-37.8704]]]}},{"type":"Feature","properties":{"name":"Yallambie","centroid":[145.09349,-37.72502],"areaDeg2":0.00033562},"geometry":{"type":"Polygon","coordinates":[[[145.1109,-37.7203],[145.1106,-37.7225],[145.1071,-37.73],[145.0971,-37.7285],[145.0798,-37.7344],[145.0788,-37.7332],[145.0812,-37.7195],[145.0943,-37.7185],[145.1109,-37.7203]]]}},{"type":"Feature","properties":{"name":"Yan Yean","centroid":[145.12958,-37.55059],"areaDeg2":0.00325718},"geometry":{"type":"Polygon","coordinates":[[[145.0947,-37.5269],[145.1509,-37.5331],[145.167,-37.5358],[145.1754,-37.5429],[145.1793,-37.5376],[145.1777,-37.5582],[145.1705,-37.5573],[145.1687,-37.5667],[145.1534,-37.5648],[145.152,-37.5721],[145.1356,-37.5694],[145.1185,-37.5737],[145.0977,-37.5711],[145.0938,-37.5641],[145.0838,-37.5575],[145.0914,-37.5404],[145.0947,-37.5269]]]}},{"type":"Feature","properties":{"name":"Yarra Glen","centroid":[145.38156,-37.64653],"areaDeg2":0.00349649},"geometry":{"type":"Polygon","coordinates":[[[145.4193,-37.6636],[145.4083,-37.6682],[145.4042,-37.6748],[145.3977,-37.6682],[145.3787,-37.6598],[145.3705,-37.6677],[145.355,-37.6729],[145.343,-37.6739],[145.3356,-37.6821],[145.3304,-37.6719],[145.3355,-37.6624],[145.3458,-37.6557],[145.3532,-37.6399],[145.3579,-37.6186],[145.3857,-37.6221],[145.3898,-37.6199],[145.4098,-37.6222],[145.4163,-37.6204],[145.4247,-37.6283],[145.4238,-37.6403],[145.419,-37.6434],[145.4163,-37.6561],[145.4193,-37.6636]]]}},{"type":"Feature","properties":{"name":"Yarrambat","centroid":[145.13454,-37.63798],"areaDeg2":0.00158064},"geometry":{"type":"Polygon","coordinates":[[[145.1228,-37.6224],[145.1287,-37.6192],[145.1533,-37.625],[145.1705,-37.6258],[145.1688,-37.6311],[145.1522,-37.6468],[145.1507,-37.6532],[145.1383,-37.658],[145.1321,-37.6492],[145.1176,-37.6544],[145.1076,-37.6534],[145.1021,-37.6408],[145.1093,-37.6331],[145.119,-37.6279],[145.1228,-37.6224]]]}},{"type":"Feature","properties":{"name":"Yarraville","centroid":[144.88157,-37.81744],"areaDeg2":0.00059408},"geometry":{"type":"Polygon","coordinates":[[[144.8671,-37.8243],[144.8578,-37.8245],[144.8598,-37.8138],[144.8602,-37.8137],[144.8692,-37.8112],[144.8842,-37.8092],[144.8985,-37.8108],[144.9055,-37.8153],[144.9055,-37.8228],[144.9055,-37.8229],[144.886,-37.8227],[144.8812,-37.8254],[144.8671,-37.8243]]]}},{"type":"Feature","properties":{"name":"Yering","centroid":[145.3682,-37.68708],"areaDeg2":0.00258163},"geometry":{"type":"Polygon","coordinates":[[[145.315,-37.6987],[145.318,-37.6913],[145.3314,-37.6873],[145.3356,-37.6821],[145.343,-37.6739],[145.355,-37.6729],[145.3705,-37.6677],[145.3787,-37.6598],[145.3977,-37.6682],[145.4042,-37.6748],[145.4009,-37.6936],[145.4003,-37.7084],[145.315,-37.6987]]]}},{"type":"Feature","properties":{"name":"Yuroke","centroid":[144.86377,-37.58024],"areaDeg2":0.00092641},"geometry":{"type":"Polygon","coordinates":[[[144.8836,-37.6052],[144.8682,-37.6035],[144.8697,-37.5885],[144.844,-37.5857],[144.8473,-37.5669],[144.8524,-37.5579],[144.8663,-37.5656],[144.8758,-37.5666],[144.8744,-37.5742],[144.8795,-37.5898],[144.8836,-37.6052]]]}}]}