{"type":"FeatureCollection","features":[{"type":"Feature","properties":{"name":"Abbotsford","centroid":[151.12979,-33.85087],"areaDeg2":0.00010071},"geometry":{"type":"Polygon","coordinates":[[[151.1335,-33.8493],[151.1376,-33.8538],[151.1361,-33.8548],[151.1304,-33.8556],[151.1307,-33.8567],[151.1278,-33.8574],[151.1232,-33.8471],[151.1304,-33.8441],[151.1335,-33.8493]]]}},{"type":"Feature","properties":{"name":"Acacia Gardens","centroid":[150.91364,-33.7337],"areaDeg2":0.0000946},"geometry":{"type":"Polygon","coordinates":[[[150.9214,-33.7312],[150.9179,-33.7385],[150.9078,-33.7367],[150.9065,-33.7302],[150.9135,-33.7297],[150.9214,-33.7312]]]}},{"type":"Feature","properties":{"name":"Alexandria","centroid":[151.19249,-33.90977],"areaDeg2":0.00037165},"geometry":{"type":"Polygon","coordinates":[[[151.1991,-33.8952],[151.2028,-33.9055],[151.2028,-33.9087],[151.1996,-33.9098],[151.1999,-33.91],[151.2,-33.9101],[151.1988,-33.912],[151.2009,-33.9146],[151.1965,-33.9215],[151.1807,-33.9193],[151.1815,-33.9073],[151.1871,-33.9076],[151.1921,-33.9021],[151.1891,-33.8982],[151.1975,-33.895],[151.1991,-33.8952]]]}},{"type":"Feature","properties":{"name":"Alfords Point","centroid":[151.0253,-33.98549],"areaDeg2":0.00032267},"geometry":{"type":"Polygon","coordinates":[[[151.0383,-33.9806],[151.0389,-33.9813],[151.0384,-33.9829],[151.0381,-33.983],[151.0334,-33.9876],[151.0276,-33.9883],[151.0254,-33.9981],[151.0137,-33.9959],[151.0178,-33.9893],[151.015,-33.9828],[151.0191,-33.9783],[151.0227,-33.9767],[151.0366,-33.9765],[151.0367,-33.9768],[151.0369,-33.9774],[151.0383,-33.9806]]]}},{"type":"Feature","properties":{"name":"Allambie Heights","centroid":[151.2489,-33.76913],"areaDeg2":0.00066325},"geometry":{"type":"Polygon","coordinates":[[[151.2491,-33.7567],[151.2607,-33.7603],[151.2587,-33.7685],[151.2662,-33.77],[151.2671,-33.778],[151.2622,-33.7774],[151.2556,-33.7838],[151.2432,-33.7816],[151.2393,-33.7788],[151.234,-33.7658],[151.2336,-33.7578],[151.2433,-33.7537],[151.2491,-33.7567]]]}},{"type":"Feature","properties":{"name":"Allawah","centroid":[151.1127,-33.97288],"areaDeg2":0.00002284},"geometry":{"type":"Polygon","coordinates":[[[151.1156,-33.97],[151.1142,-33.9766],[151.1083,-33.9721],[151.1156,-33.97]]]}},{"type":"Feature","properties":{"name":"Annandale","centroid":[151.17125,-33.88085],"areaDeg2":0.00013392},"geometry":{"type":"Polygon","coordinates":[[[151.1733,-33.8711],[151.1735,-33.8712],[151.1773,-33.8727],[151.1769,-33.876],[151.1762,-33.8827],[151.1725,-33.8875],[151.1621,-33.8881],[151.1675,-33.88],[151.1733,-33.8711]]]}},{"type":"Feature","properties":{"name":"Annangrove","centroid":[150.94717,-33.6574],"areaDeg2":0.0010155},"geometry":{"type":"Polygon","coordinates":[[[150.9355,-33.6286],[150.94,-33.6292],[150.939,-33.6385],[150.9529,-33.6492],[150.9561,-33.6618],[150.9627,-33.6681],[150.9706,-33.6641],[150.9706,-33.6752],[150.9783,-33.6777],[150.9739,-33.6826],[150.9622,-33.6808],[150.9482,-33.6731],[150.9335,-33.6598],[150.9272,-33.655],[150.9271,-33.655],[150.927,-33.6549],[150.927,-33.654],[150.9271,-33.6538],[150.9278,-33.652],[150.9278,-33.6519],[150.9278,-33.6492],[150.9279,-33.6491],[150.93,-33.6484],[150.9302,-33.6483],[150.9305,-33.6483],[150.9307,-33.6483],[150.9329,-33.6489],[150.9333,-33.6492],[150.9337,-33.6505],[150.9338,-33.6507],[150.9364,-33.6479],[150.9365,-33.6476],[150.9377,-33.6451],[150.9378,-33.6447],[150.9362,-33.6419],[150.9362,-33.6418],[150.9317,-33.6409],[150.9315,-33.6409],[150.9285,-33.6417],[150.9282,-33.6418],[150.9281,-33.6418],[150.9278,-33.6419],[150.9265,-33.6419],[150.9262,-33.6417],[150.9248,-33.6397],[150.9244,-33.6393],[150.9274,-33.6358],[150.927,-33.6354],[150.9242,-33.6302],[150.924,-33.6299],[150.923,-33.6285],[150.923,-33.6284],[150.9231,-33.628],[150.9231,-33.628],[150.9232,-33.6279],[150.9355,-33.6286]]]}},{"type":"Feature","properties":{"name":"Arncliffe","centroid":[151.14775,-33.93933],"areaDeg2":0.00032329},"geometry":{"type":"Polygon","coordinates":[[[151.1597,-33.9333],[151.1603,-33.9337],[151.1607,-33.9454],[151.1573,-33.9469],[151.1337,-33.9436],[151.1304,-33.9432],[151.1297,-33.9429],[151.1383,-33.9361],[151.1383,-33.9329],[151.1486,-33.9304],[151.1558,-33.9358],[151.1597,-33.9333]]]}},{"type":"Feature","properties":{"name":"Arndell Park","centroid":[150.88321,-33.79085],"areaDeg2":0.00019955},"geometry":{"type":"Polygon","coordinates":[[[150.8784,-33.7831],[150.8835,-33.7876],[150.898,-33.7929],[150.8969,-33.798],[150.8716,-33.7923],[150.8713,-33.7922],[150.8726,-33.7833],[150.8784,-33.7831]]]}},{"type":"Feature","properties":{"name":"Artarmon","centroid":[151.18589,-33.81151],"areaDeg2":0.00026161},"geometry":{"type":"Polygon","coordinates":[[[151.1925,-33.8024],[151.1938,-33.8126],[151.1936,-33.8176],[151.1867,-33.8225],[151.1789,-33.8166],[151.1754,-33.8124],[151.1794,-33.8054],[151.1873,-33.8015],[151.1925,-33.8024]]]}},{"type":"Feature","properties":{"name":"Ashbury","centroid":[151.119,-33.90072],"areaDeg2":0.0001115},"geometry":{"type":"Polygon","coordinates":[[[151.1166,-33.8957],[151.1251,-33.8957],[151.1251,-33.9038],[151.1235,-33.9067],[151.1152,-33.9028],[151.1117,-33.9061],[151.11,-33.903],[151.1166,-33.8957]]]}},{"type":"Feature","properties":{"name":"Ashcroft","centroid":[150.90007,-33.9159],"areaDeg2":0.00011212},"geometry":{"type":"Polygon","coordinates":[[[150.8996,-33.9097],[150.9077,-33.9142],[150.9009,-33.9231],[150.9004,-33.923],[150.9004,-33.9228],[150.896,-33.9214],[150.8943,-33.911],[150.8996,-33.9097]]]}},{"type":"Feature","properties":{"name":"Ashfield","centroid":[151.12626,-33.88889],"areaDeg2":0.0003331},"geometry":{"type":"Polygon","coordinates":[[[151.1388,-33.8861],[151.1317,-33.8897],[151.132,-33.9009],[151.1285,-33.9048],[151.1251,-33.9038],[151.1251,-33.8957],[151.1166,-33.8957],[151.117,-33.8915],[151.1163,-33.8883],[151.1232,-33.8772],[151.1276,-33.8742],[151.1347,-33.8842],[151.1388,-33.8861]]]}},{"type":"Feature","properties":{"name":"Asquith","centroid":[151.11637,-33.68746],"areaDeg2":0.00035634},"geometry":{"type":"Polygon","coordinates":[[[151.138,-33.6834],[151.1378,-33.6844],[151.1215,-33.6923],[151.1112,-33.697],[151.1018,-33.6939],[151.1051,-33.6821],[151.1124,-33.6792],[151.1178,-33.681],[151.138,-33.6834]]]}},{"type":"Feature","properties":{"name":"Auburn","centroid":[151.02608,-33.85471],"areaDeg2":0.00080767},"geometry":{"type":"Polygon","coordinates":[[[151.0301,-33.8352],[151.0446,-33.8423],[151.0384,-33.852],[151.0363,-33.8622],[151.0318,-33.8637],[151.0269,-33.867],[151.0251,-33.8766],[151.0156,-33.8799],[151.013,-33.8784],[151.0145,-33.8688],[151.0138,-33.8603],[151.0163,-33.8565],[151.0166,-33.847],[151.019,-33.8372],[151.0231,-33.8357],[151.0231,-33.8356],[151.0301,-33.8352]]]}},{"type":"Feature","properties":{"name":"Avalon Beach","centroid":[151.32776,-33.63006],"areaDeg2":0.00053895},"geometry":{"type":"Polygon","coordinates":[[[151.3276,-33.6193],[151.3319,-33.6172],[151.3402,-33.6187],[151.3439,-33.6243],[151.3394,-33.634],[151.3319,-33.6365],[151.3332,-33.6416],[151.3321,-33.6416],[151.332,-33.6418],[151.332,-33.6417],[151.3319,-33.6417],[151.3292,-33.6426],[151.3291,-33.6426],[151.3281,-33.6429],[151.3281,-33.6429],[151.3255,-33.643],[151.3252,-33.6429],[151.3244,-33.6429],[151.3242,-33.6429],[151.323,-33.6423],[151.3227,-33.6422],[151.3217,-33.6419],[151.314,-33.6397],[151.3115,-33.6369],[151.3153,-33.6286],[151.317,-33.6237],[151.3276,-33.6193]]]}},{"type":"Feature","properties":{"name":"Balgowlah","centroid":[151.26202,-33.79486],"areaDeg2":0.00019186},"geometry":{"type":"Polygon","coordinates":[[[151.2701,-33.7871],[151.2683,-33.7977],[151.2698,-33.8024],[151.2568,-33.8005],[151.2524,-33.7979],[151.2536,-33.7924],[151.2599,-33.7885],[151.2701,-33.7871]]]}},{"type":"Feature","properties":{"name":"Balgowlah Heights","centroid":[151.26538,-33.80733],"areaDeg2":0.00017555},"geometry":{"type":"Polygon","coordinates":[[[151.2633,-33.8154],[151.2632,-33.8107],[151.2562,-33.8082],[151.2568,-33.8005],[151.2698,-33.8024],[151.2751,-33.8082],[151.2731,-33.8126],[151.2633,-33.8154]]]}},{"type":"Feature","properties":{"name":"Balmain","centroid":[151.18077,-33.85797],"areaDeg2":0.00014206},"geometry":{"type":"Polygon","coordinates":[[[151.1756,-33.8525],[151.186,-33.8548],[151.1887,-33.8568],[151.1927,-33.8597],[151.1815,-33.8637],[151.1694,-33.8573],[151.1756,-33.8525]]]}},{"type":"Feature","properties":{"name":"Balmain East","centroid":[151.19294,-33.85732],"areaDeg2":0.0000217},"geometry":{"type":"Polygon","coordinates":[[[151.1927,-33.8597],[151.1887,-33.8568],[151.1939,-33.8545],[151.1966,-33.8592],[151.1927,-33.8597]]]}},{"type":"Feature","properties":{"name":"Bangor","centroid":[151.03322,-34.01628],"areaDeg2":0.00041017},"geometry":{"type":"Polygon","coordinates":[[[151.0462,-34.0071],[151.0482,-34.0142],[151.0416,-34.0172],[151.0441,-34.0229],[151.0288,-34.0256],[151.0211,-34.0281],[151.0189,-34.0243],[151.0232,-34.0164],[151.0241,-34.0058],[151.0336,-34.0095],[151.0406,-34.0053],[151.0462,-34.0071]]]}},{"type":"Feature","properties":{"name":"Banksia","centroid":[151.1456,-33.94698],"areaDeg2":0.00007419},"geometry":{"type":"Polygon","coordinates":[[[151.1573,-33.9469],[151.153,-33.9504],[151.1362,-33.9471],[151.1337,-33.9436],[151.1573,-33.9469]]]}},{"type":"Feature","properties":{"name":"Banksmeadow","centroid":[151.21525,-33.95633],"areaDeg2":0.0003565},"geometry":{"type":"Polygon","coordinates":[[[151.2215,-33.9454],[151.2234,-33.9481],[151.2237,-33.9579],[151.2203,-33.9632],[151.2207,-33.9684],[151.2079,-33.9698],[151.2075,-33.9609],[151.2092,-33.9455],[151.2168,-33.9422],[151.2215,-33.9454]]]}},{"type":"Feature","properties":{"name":"Bankstown","centroid":[151.03188,-33.92092],"areaDeg2":0.00063932},"geometry":{"type":"Polygon","coordinates":[[[151.0455,-33.9143],[151.0474,-33.9181],[151.0392,-33.9349],[151.0248,-33.9357],[151.0199,-33.9346],[151.0234,-33.9179],[151.0115,-33.9159],[151.0128,-33.9108],[151.0268,-33.9122],[151.0377,-33.9039],[151.0455,-33.9143]]]}},{"type":"Feature","properties":{"name":"Bankstown Aerodrome","centroid":[150.98863,-33.92249],"areaDeg2":0.00034997},"geometry":{"type":"Polygon","coordinates":[[[150.9984,-33.9158],[150.9966,-33.924],[151.0068,-33.9302],[151.006,-33.9343],[151.001,-33.931],[150.9875,-33.9285],[150.979,-33.9292],[150.9739,-33.9155],[150.9818,-33.9136],[150.9984,-33.9158]]]}},{"type":"Feature","properties":{"name":"Barangaroo","centroid":[151.20226,-33.86174],"areaDeg2":0.00000652},"geometry":{"type":"Polygon","coordinates":[[[151.2027,-33.8563],[151.203,-33.8631],[151.2011,-33.8658],[151.2027,-33.8563]]]}},{"type":"Feature","properties":{"name":"Barden Ridge","centroid":[151.00416,-34.03382],"areaDeg2":0.00059208},"geometry":{"type":"Polygon","coordinates":[[[151.0189,-34.0243],[151.0211,-34.0281],[151.02,-34.0353],[151.0139,-34.0409],[151.0059,-34.0465],[150.997,-34.047],[150.9948,-34.0435],[150.9947,-34.0433],[150.9945,-34.0431],[150.9945,-34.043],[150.9942,-34.0428],[150.993,-34.0416],[150.9924,-34.0411],[150.9873,-34.0381],[150.9873,-34.0381],[150.9875,-34.038],[150.9875,-34.038],[150.9881,-34.0377],[150.9883,-34.0375],[150.9907,-34.0343],[150.9908,-34.0341],[150.9908,-34.034],[150.9908,-34.0337],[150.9904,-34.0324],[150.9903,-34.0323],[150.9904,-34.032],[150.9881,-34.0301],[150.991,-34.0245],[151,-34.0233],[151.0189,-34.0243]]]}},{"type":"Feature","properties":{"name":"Bardwell Park","centroid":[151.12513,-33.93512],"areaDeg2":0.00009443},"geometry":{"type":"Polygon","coordinates":[[[151.1333,-33.9317],[151.1336,-33.9318],[151.1334,-33.9332],[151.1333,-33.9332],[151.1298,-33.9364],[151.1297,-33.9364],[151.1229,-33.9412],[151.117,-33.9359],[151.1245,-33.9305],[151.1333,-33.9317]]]}},{"type":"Feature","properties":{"name":"Bardwell Valley","centroid":[151.1318,-33.93767],"areaDeg2":0.00007509},"geometry":{"type":"Polygon","coordinates":[[[151.1383,-33.9329],[151.1383,-33.9361],[151.1297,-33.9429],[151.1229,-33.9412],[151.1229,-33.9412],[151.1297,-33.9364],[151.1298,-33.9364],[151.1333,-33.9332],[151.1334,-33.9332],[151.1336,-33.9318],[151.1383,-33.9329]]]}},{"type":"Feature","properties":{"name":"Bass Hill","centroid":[150.99564,-33.89842],"areaDeg2":0.00030155},"geometry":{"type":"Polygon","coordinates":[[[150.9925,-33.8886],[151.0044,-33.8955],[151.0082,-33.8983],[151.0047,-33.9122],[151.0009,-33.9068],[150.9859,-33.8998],[150.9806,-33.8962],[150.9805,-33.8962],[150.9779,-33.8916],[150.9868,-33.8935],[150.9925,-33.8886]]]}},{"type":"Feature","properties":{"name":"Baulkham Hills","centroid":[150.97859,-33.75226],"areaDeg2":0.00158258},"geometry":{"type":"Polygon","coordinates":[[[151.0086,-33.757],[151.0104,-33.7591],[151.0051,-33.767],[151.001,-33.7712],[150.9951,-33.769],[150.975,-33.773],[150.9588,-33.7678],[150.9554,-33.7584],[150.9608,-33.753],[150.9658,-33.7368],[150.9555,-33.7373],[150.9568,-33.7314],[150.9572,-33.7251],[150.9637,-33.7197],[150.9727,-33.7255],[150.9723,-33.7333],[150.9825,-33.7365],[150.9854,-33.742],[150.9998,-33.7502],[151.004,-33.7505],[151.0086,-33.757]]]}},{"type":"Feature","properties":{"name":"Bayview","centroid":[151.29058,-33.66197],"areaDeg2":0.0003124},"geometry":{"type":"Polygon","coordinates":[[[151.289,-33.6533],[151.2893,-33.6535],[151.2894,-33.6536],[151.3055,-33.6613],[151.3039,-33.6634],[151.2988,-33.67],[151.2879,-33.6696],[151.2829,-33.6716],[151.2832,-33.66],[151.279,-33.6599],[151.2747,-33.6593],[151.2781,-33.6549],[151.289,-33.6533]]]}},{"type":"Feature","properties":{"name":"Beacon Hill","centroid":[151.2582,-33.75171],"areaDeg2":0.00024308},"geometry":{"type":"Polygon","coordinates":[[[151.2637,-33.7463],[151.2697,-33.7511],[151.2682,-33.7546],[151.2607,-33.7603],[151.2491,-33.7567],[151.25,-33.7451],[151.2537,-33.7428],[151.2637,-33.7463]]]}},{"type":"Feature","properties":{"name":"Beaconsfield","centroid":[151.2008,-33.9114],"areaDeg2":0.00001121},"geometry":{"type":"Polygon","coordinates":[[[151.2009,-33.9146],[151.1988,-33.912],[151.2,-33.9101],[151.1999,-33.91],[151.1996,-33.9098],[151.2028,-33.9087],[151.2024,-33.9102],[151.2009,-33.9146]]]}},{"type":"Feature","properties":{"name":"Beaumont Hills","centroid":[150.94088,-33.69823],"areaDeg2":0.00029338},"geometry":{"type":"Polygon","coordinates":[[[150.9339,-33.6874],[150.9458,-33.6899],[150.9542,-33.7007],[150.9463,-33.7036],[150.9415,-33.7084],[150.9303,-33.7042],[150.9288,-33.7003],[150.9352,-33.6968],[150.9339,-33.6874]]]}},{"type":"Feature","properties":{"name":"Beecroft","centroid":[151.06183,-33.75281],"areaDeg2":0.0004393},"geometry":{"type":"Polygon","coordinates":[[[151.0801,-33.7502],[151.0753,-33.7519],[151.0684,-33.7614],[151.0664,-33.7617],[151.0544,-33.7648],[151.0495,-33.7585],[151.05,-33.7488],[151.0566,-33.7424],[151.0641,-33.7419],[151.0801,-33.7502]]]}},{"type":"Feature","properties":{"name":"Belfield","centroid":[151.08612,-33.90507],"areaDeg2":0.00016755},"geometry":{"type":"Polygon","coordinates":[[[151.089,-33.8998],[151.0926,-33.9021],[151.0953,-33.9101],[151.0911,-33.912],[151.0772,-33.9075],[151.0771,-33.9075],[151.0798,-33.8978],[151.089,-33.8998]]]}},{"type":"Feature","properties":{"name":"Bella Vista","centroid":[150.95421,-33.74113],"areaDeg2":0.00036322},"geometry":{"type":"Polygon","coordinates":[[[150.9568,-33.7314],[150.9555,-33.7373],[150.9658,-33.7368],[150.9608,-33.753],[150.9554,-33.7584],[150.9525,-33.7533],[150.9423,-33.7307],[150.9529,-33.7264],[150.9568,-33.7314]]]}},{"type":"Feature","properties":{"name":"Bellevue Hill","centroid":[151.25602,-33.88096],"areaDeg2":0.00024612},"geometry":{"type":"Polygon","coordinates":[[[151.2678,-33.8852],[151.2628,-33.888],[151.2592,-33.8894],[151.2562,-33.8894],[151.2476,-33.886],[151.2488,-33.8727],[151.2525,-33.8699],[151.2603,-33.8755],[151.2678,-33.8852]]]}},{"type":"Feature","properties":{"name":"Belmore","centroid":[151.08982,-33.91945],"areaDeg2":0.00027175},"geometry":{"type":"Polygon","coordinates":[[[151.0911,-33.912],[151.0963,-33.9143],[151.0998,-33.927],[151.0989,-33.9288],[151.0904,-33.9315],[151.0869,-33.9254],[151.0765,-33.9079],[151.0772,-33.9075],[151.0911,-33.912]]]}},{"type":"Feature","properties":{"name":"Belrose","centroid":[151.21089,-33.72206],"areaDeg2":0.00135365},"geometry":{"type":"Polygon","coordinates":[[[151.2295,-33.7095],[151.2366,-33.7105],[151.2379,-33.7147],[151.2339,-33.7167],[151.2271,-33.7389],[151.2161,-33.7415],[151.2018,-33.737],[151.1961,-33.7369],[151.1919,-33.731],[151.1856,-33.7298],[151.1887,-33.7248],[151.1877,-33.719],[151.1905,-33.7076],[151.2037,-33.7063],[151.2098,-33.702],[151.2167,-33.7077],[151.2295,-33.7095]]]}},{"type":"Feature","properties":{"name":"Berala","centroid":[151.0334,-33.87417],"areaDeg2":0.00018287},"geometry":{"type":"Polygon","coordinates":[[[151.0397,-33.8847],[151.0344,-33.8804],[151.0343,-33.8804],[151.0251,-33.8766],[151.0269,-33.867],[151.0318,-33.8637],[151.0359,-33.8715],[151.042,-33.8722],[151.0397,-33.8847]]]}},{"type":"Feature","properties":{"name":"Berowra","centroid":[151.1514,-33.62847],"areaDeg2":0.00089978},"geometry":{"type":"Polygon","coordinates":[[[151.1599,-33.6187],[151.1606,-33.6222],[151.1772,-33.6268],[151.1652,-33.6409],[151.1533,-33.6435],[151.1439,-33.6397],[151.137,-33.64],[151.1371,-33.6333],[151.1323,-33.6321],[151.1297,-33.6217],[151.1365,-33.6175],[151.1534,-33.6115],[151.1599,-33.6187]]]}},{"type":"Feature","properties":{"name":"Beverley Park","centroid":[151.13166,-33.97826],"areaDeg2":0.00008855},"geometry":{"type":"Polygon","coordinates":[[[151.1367,-33.9803],[151.1352,-33.984],[151.1303,-33.983],[151.1244,-33.9772],[151.1311,-33.9726],[151.1365,-33.9751],[151.1367,-33.9803]]]}},{"type":"Feature","properties":{"name":"Beverly Hills","centroid":[151.07952,-33.94842],"areaDeg2":0.00033885},"geometry":{"type":"Polygon","coordinates":[[[151.0918,-33.9513],[151.0859,-33.9544],[151.083,-33.9532],[151.0737,-33.9607],[151.0646,-33.9522],[151.0745,-33.9464],[151.0744,-33.9459],[151.0735,-33.9412],[151.085,-33.9358],[151.0909,-33.9457],[151.0918,-33.9513]]]}},{"type":"Feature","properties":{"name":"Bexley","centroid":[151.11988,-33.9533],"areaDeg2":0.00041458},"geometry":{"type":"Polygon","coordinates":[[[151.1297,-33.9429],[151.1304,-33.9432],[151.1284,-33.9469],[151.1344,-33.956],[151.1262,-33.963],[151.1128,-33.9624],[151.1021,-33.9498],[151.1098,-33.9486],[151.1202,-33.9446],[151.1229,-33.9412],[151.1297,-33.9429]]]}},{"type":"Feature","properties":{"name":"Bexley North","centroid":[151.11451,-33.94174],"areaDeg2":0.00012039},"geometry":{"type":"Polygon","coordinates":[[[151.1229,-33.9412],[151.1229,-33.9412],[151.1202,-33.9446],[151.1098,-33.9486],[151.1077,-33.9382],[151.1129,-33.9368],[151.117,-33.9359],[151.1229,-33.9412]]]}},{"type":"Feature","properties":{"name":"Bilgola Beach","centroid":[151.32644,-33.64473],"areaDeg2":0.0000414},"geometry":{"type":"Polygon","coordinates":[[[151.3332,-33.6416],[151.3277,-33.648],[151.3269,-33.648],[151.3267,-33.6476],[151.3254,-33.647],[151.3241,-33.6479],[151.3226,-33.6476],[151.3229,-33.6473],[151.3234,-33.6475],[151.3228,-33.6464],[151.3218,-33.6462],[151.3219,-33.6457],[151.322,-33.644],[151.3226,-33.6436],[151.3213,-33.6431],[151.3214,-33.6428],[151.3217,-33.6419],[151.3227,-33.6422],[151.323,-33.6423],[151.3242,-33.6429],[151.3244,-33.6429],[151.3252,-33.6429],[151.3255,-33.643],[151.3281,-33.6429],[151.3281,-33.6429],[151.3291,-33.6426],[151.3292,-33.6426],[151.3319,-33.6417],[151.332,-33.6417],[151.332,-33.6418],[151.3321,-33.6416],[151.3332,-33.6416]]]}},{"type":"Feature","properties":{"name":"Bilgola Plateau","centroid":[151.31425,-33.64449],"areaDeg2":0.00009287},"geometry":{"type":"Polygon","coordinates":[[[151.3217,-33.6419],[151.3214,-33.6428],[151.3213,-33.6431],[151.3226,-33.6436],[151.322,-33.644],[151.3219,-33.6457],[151.3218,-33.6462],[151.3161,-33.6464],[151.3089,-33.6514],[151.3081,-33.6425],[151.314,-33.6397],[151.3217,-33.6419]]]}},{"type":"Feature","properties":{"name":"Birchgrove","centroid":[151.18081,-33.85167],"areaDeg2":0.00003051},"geometry":{"type":"Polygon","coordinates":[[[151.186,-33.8548],[151.1756,-33.8525],[151.1808,-33.8478],[151.186,-33.8548]]]}},{"type":"Feature","properties":{"name":"Birrong","centroid":[151.02084,-33.89205],"areaDeg2":0.00012096},"geometry":{"type":"Polygon","coordinates":[[[151.0276,-33.8879],[151.0261,-33.8975],[151.0139,-33.8965],[151.0162,-33.8861],[151.0276,-33.8879]]]}},{"type":"Feature","properties":{"name":"Blacktown","centroid":[150.90307,-33.77324],"areaDeg2":0.00149486},"geometry":{"type":"Polygon","coordinates":[[[150.9278,-33.753],[150.9201,-33.7576],[150.9196,-33.767],[150.921,-33.7855],[150.9191,-33.7926],[150.9054,-33.791],[150.9037,-33.8004],[150.896,-33.803],[150.8969,-33.798],[150.898,-33.7929],[150.8835,-33.7876],[150.8784,-33.7831],[150.8817,-33.781],[150.8851,-33.7648],[150.8874,-33.7522],[150.8991,-33.7603],[150.9019,-33.7514],[150.9129,-33.7509],[150.9163,-33.7477],[150.9278,-33.753]]]}},{"type":"Feature","properties":{"name":"Blakehurst","centroid":[151.10946,-33.99231],"areaDeg2":0.00033736},"geometry":{"type":"Polygon","coordinates":[[[151.1181,-33.9816],[151.1121,-33.9872],[151.121,-33.9948],[151.1137,-34.0032],[151.1002,-34.003],[151.0998,-33.9957],[151.1055,-33.9883],[151.1014,-33.9855],[151.1023,-33.983],[151.1134,-33.9779],[151.1181,-33.9816]]]}},{"type":"Feature","properties":{"name":"Bondi","centroid":[151.2653,-33.89417],"areaDeg2":0.00010088},"geometry":{"type":"Polygon","coordinates":[[[151.2749,-33.8969],[151.2758,-33.8979],[151.2659,-33.8982],[151.261,-33.8974],[151.259,-33.8971],[151.2592,-33.8894],[151.2628,-33.888],[151.2749,-33.8969]]]}},{"type":"Feature","properties":{"name":"Bondi Beach","centroid":[151.27288,-33.89004],"areaDeg2":0.00012313},"geometry":{"type":"Polygon","coordinates":[[[151.2819,-33.8913],[151.2749,-33.8969],[151.2628,-33.888],[151.2678,-33.8852],[151.2679,-33.8851],[151.276,-33.8855],[151.2819,-33.8913]]]}},{"type":"Feature","properties":{"name":"Bondi Junction","centroid":[151.25067,-33.89281],"areaDeg2":0.00011603},"geometry":{"type":"Polygon","coordinates":[[[151.2592,-33.8894],[151.259,-33.8971],[151.2512,-33.8962],[151.2408,-33.8947],[151.2409,-33.8899],[151.2562,-33.8894],[151.2592,-33.8894]]]}},{"type":"Feature","properties":{"name":"Bonnet Bay","centroid":[151.05389,-34.01],"areaDeg2":0.00013061},"geometry":{"type":"Polygon","coordinates":[[[151.0551,-34.0152],[151.0482,-34.0142],[151.0462,-34.0071],[151.0543,-34.0032],[151.0609,-34.0086],[151.0601,-34.016],[151.0551,-34.0152]]]}},{"type":"Feature","properties":{"name":"Bonnyrigg","centroid":[150.88883,-33.89364],"areaDeg2":0.00030416},"geometry":{"type":"Polygon","coordinates":[[[150.9027,-33.891],[150.8995,-33.8943],[150.8879,-33.9041],[150.8846,-33.902],[150.8745,-33.8987],[150.8826,-33.8891],[150.8904,-33.8825],[150.9027,-33.891]]]}},{"type":"Feature","properties":{"name":"Bossley Park","centroid":[150.88426,-33.8619],"areaDeg2":0.00044214},"geometry":{"type":"Polygon","coordinates":[[[150.8762,-33.8515],[150.8876,-33.8537],[150.8968,-33.8527],[150.898,-33.8564],[150.8979,-33.8683],[150.8848,-33.8698],[150.8699,-33.8724],[150.8704,-33.8655],[150.8762,-33.8515]]]}},{"type":"Feature","properties":{"name":"Botany","centroid":[151.20018,-33.94813],"areaDeg2":0.00030105},"geometry":{"type":"Polygon","coordinates":[[[151.2092,-33.9455],[151.2075,-33.9609],[151.1942,-33.9539],[151.1883,-33.9455],[151.197,-33.9373],[151.2042,-33.9392],[151.2092,-33.9455]]]}},{"type":"Feature","properties":{"name":"Botany Bay","centroid":[151.18778,-33.98381],"areaDeg2":0.00331363},"geometry":{"type":"Polygon","coordinates":[[[151.1942,-33.9539],[151.2075,-33.9609],[151.2079,-33.9698],[151.2207,-33.9684],[151.2101,-33.9718],[151.2072,-33.9829],[151.2123,-33.9869],[151.2255,-33.9765],[151.2282,-33.9821],[151.2321,-33.9906],[151.2385,-33.9917],[151.2377,-33.9978],[151.2481,-33.9982],[151.2485,-34.0014],[151.2322,-34.0162],[151.2321,-34.016],[151.2283,-34.0041],[151.2221,-34.0015],[151.1535,-34.0007],[151.1459,-34.0072],[151.1361,-34.01],[151.1351,-34.0098],[151.1362,-34.0035],[151.1489,-33.9942],[151.1486,-33.9926],[151.1479,-33.9862],[151.148,-33.9858],[151.1484,-33.9859],[151.1486,-33.9858],[151.1486,-33.9857],[151.1487,-33.9857],[151.1487,-33.9857],[151.1487,-33.9856],[151.1487,-33.9856],[151.1486,-33.9854],[151.1486,-33.9854],[151.15,-33.9791],[151.1505,-33.9766],[151.1506,-33.9763],[151.1508,-33.9755],[151.1509,-33.9751],[151.151,-33.9749],[151.151,-33.9747],[151.1512,-33.9742],[151.1512,-33.974],[151.1513,-33.9738],[151.1515,-33.9734],[151.1516,-33.9731],[151.1524,-33.9711],[151.1532,-33.9693],[151.1535,-33.9687],[151.1543,-33.9669],[151.1632,-33.952],[151.1672,-33.9489],[151.1734,-33.9471],[151.1782,-33.9651],[151.1869,-33.9644],[151.1812,-33.9552],[151.1862,-33.953],[151.1908,-33.9727],[151.196,-33.9725],[151.1921,-33.9575],[151.1942,-33.9539]]]}},{"type":"Feature","properties":{"name":"Box Hill","centroid":[150.90068,-33.64485],"areaDeg2":0.00141928},"geometry":{"type":"Polygon","coordinates":[[[150.923,-33.6279],[150.9088,-33.6456],[150.9133,-33.6561],[150.9133,-33.6562],[150.9199,-33.6606],[150.9139,-33.6681],[150.9063,-33.6726],[150.8953,-33.6634],[150.8858,-33.6603],[150.8766,-33.6596],[150.874,-33.6567],[150.8776,-33.6513],[150.9016,-33.6159],[150.9242,-33.6264],[150.923,-33.6279]]]}},{"type":"Feature","properties":{"name":"Breakfast Point","centroid":[151.11055,-33.84229],"areaDeg2":0.00005428},"geometry":{"type":"Polygon","coordinates":[[[151.1153,-33.8435],[151.1113,-33.8471],[151.1082,-33.8466],[151.1066,-33.8382],[151.1117,-33.8378],[151.1153,-33.8435]]]}},{"type":"Feature","properties":{"name":"Brighton-Le-Sands","centroid":[151.15379,-33.95823],"areaDeg2":0.00016544},"geometry":{"type":"Polygon","coordinates":[[[151.1632,-33.952],[151.1543,-33.9669],[151.1483,-33.9658],[151.1481,-33.9658],[151.1451,-33.9653],[151.1493,-33.9587],[151.1477,-33.9547],[151.1528,-33.9506],[151.1632,-33.952]]]}},{"type":"Feature","properties":{"name":"Bronte","centroid":[151.26448,-33.90404],"areaDeg2":0.00012985},"geometry":{"type":"Polygon","coordinates":[[[151.2659,-33.8982],[151.2704,-33.9014],[151.2708,-33.9111],[151.2597,-33.9078],[151.2566,-33.9036],[151.261,-33.8974],[151.2659,-33.8982]]]}},{"type":"Feature","properties":{"name":"Brookvale","centroid":[151.26978,-33.76302],"areaDeg2":0.00024299},"geometry":{"type":"Polygon","coordinates":[[[151.2777,-33.7574],[151.2803,-33.7608],[151.2791,-33.7669],[151.2788,-33.7684],[151.2662,-33.77],[151.2587,-33.7685],[151.2607,-33.7603],[151.2682,-33.7546],[151.2777,-33.7574]]]}},{"type":"Feature","properties":{"name":"Bundeena","centroid":[151.15086,-34.08165],"areaDeg2":0.00014203},"geometry":{"type":"Polygon","coordinates":[[[151.1605,-34.0748],[151.1536,-34.0893],[151.1447,-34.0855],[151.142,-34.0772],[151.1436,-34.077],[151.1523,-34.0776],[151.1605,-34.0748]]]}},{"type":"Feature","properties":{"name":"Burraneer","centroid":[151.13839,-34.06467],"areaDeg2":0.00024293},"geometry":{"type":"Polygon","coordinates":[[[151.1447,-34.0529],[151.1432,-34.0569],[151.1436,-34.077],[151.142,-34.0772],[151.1304,-34.0734],[151.1323,-34.0674],[151.1326,-34.0661],[151.1366,-34.0573],[151.1326,-34.0503],[151.1447,-34.0529]]]}},{"type":"Feature","properties":{"name":"Burwood","centroid":[151.10373,-33.87801],"areaDeg2":0.00023409},"geometry":{"type":"Polygon","coordinates":[[[151.1116,-33.8697],[151.1118,-33.8697],[151.1099,-33.8822],[151.1072,-33.8867],[151.1017,-33.8877],[151.0955,-33.8859],[151.0984,-33.8714],[151.101,-33.8684],[151.1116,-33.8697]]]}},{"type":"Feature","properties":{"name":"Burwood Heights","centroid":[151.10428,-33.88937],"areaDeg2":0.00002502},"geometry":{"type":"Polygon","coordinates":[[[151.1071,-33.8914],[151.1008,-33.8915],[151.1017,-33.8877],[151.1072,-33.8867],[151.1071,-33.8914]]]}},{"type":"Feature","properties":{"name":"Busby","centroid":[150.88104,-33.91103],"areaDeg2":0.00013205},"geometry":{"type":"Polygon","coordinates":[[[150.8873,-33.9137],[150.8851,-33.9194],[150.8746,-33.9135],[150.8751,-33.9109],[150.8762,-33.9038],[150.8844,-33.905],[150.8873,-33.9137]]]}},{"type":"Feature","properties":{"name":"Cabarita","centroid":[151.11396,-33.84788],"areaDeg2":0.00001944},"geometry":{"type":"Polygon","coordinates":[[[151.1153,-33.8531],[151.1113,-33.8471],[151.1153,-33.8435],[151.1153,-33.8531]]]}},{"type":"Feature","properties":{"name":"Cabramatta","centroid":[150.93309,-33.89795],"areaDeg2":0.00050739},"geometry":{"type":"Polygon","coordinates":[[[150.9338,-33.8895],[150.9595,-33.8938],[150.947,-33.8993],[150.9431,-33.905],[150.93,-33.9072],[150.9179,-33.9039],[150.9124,-33.9082],[150.9144,-33.8978],[150.9219,-33.8959],[150.9229,-33.8883],[150.9338,-33.8895]]]}},{"type":"Feature","properties":{"name":"Cabramatta West","centroid":[150.91264,-33.89217],"areaDeg2":0.00018052},"geometry":{"type":"Polygon","coordinates":[[[150.9144,-33.8978],[150.8995,-33.8943],[150.9027,-33.891],[150.9094,-33.8864],[150.9229,-33.8883],[150.9219,-33.8959],[150.9144,-33.8978]]]}},{"type":"Feature","properties":{"name":"Camellia","centroid":[151.03398,-33.81924],"areaDeg2":0.00007383},"geometry":{"type":"Polygon","coordinates":[[[151.0495,-33.8238],[151.0492,-33.8243],[151.0407,-33.8207],[151.0276,-33.8207],[151.022,-33.818],[151.0258,-33.8146],[151.0351,-33.8191],[151.0447,-33.8189],[151.0495,-33.8238]]]}},{"type":"Feature","properties":{"name":"Cammeray","centroid":[151.21389,-33.82297],"areaDeg2":0.0001599},"geometry":{"type":"Polygon","coordinates":[[[151.22,-33.8177],[151.224,-33.8214],[151.2173,-33.828],[151.2146,-33.8298],[151.2087,-33.8289],[151.2046,-33.8202],[151.2104,-33.8177],[151.22,-33.8177]]]}},{"type":"Feature","properties":{"name":"Camperdown","centroid":[151.18161,-33.88826],"areaDeg2":0.0001667},"geometry":{"type":"Polygon","coordinates":[[[151.1875,-33.8847],[151.1947,-33.8844],[151.1932,-33.8877],[151.1883,-33.8914],[151.1715,-33.8943],[151.1725,-33.8875],[151.1762,-33.8827],[151.1875,-33.8847]]]}},{"type":"Feature","properties":{"name":"Campsie","centroid":[151.10272,-33.91276],"areaDeg2":0.00030876},"geometry":{"type":"Polygon","coordinates":[[[151.11,-33.903],[151.1117,-33.9061],[151.1088,-33.9226],[151.1073,-33.9227],[151.0998,-33.927],[151.0963,-33.9143],[151.0911,-33.912],[151.0953,-33.9101],[151.0926,-33.9021],[151.097,-33.9036],[151.11,-33.903]]]}},{"type":"Feature","properties":{"name":"Canada Bay","centroid":[151.11535,-33.86519],"areaDeg2":0.00002983},"geometry":{"type":"Polygon","coordinates":[[[151.118,-33.8642],[151.118,-33.8644],[151.1175,-33.8666],[151.1175,-33.8666],[151.1174,-33.8666],[151.1174,-33.8666],[151.1173,-33.867],[151.1173,-33.8672],[151.1172,-33.8678],[151.1171,-33.868],[151.1171,-33.8682],[151.117,-33.8684],[151.1168,-33.8688],[151.1164,-33.8688],[151.1161,-33.8688],[151.1149,-33.8686],[151.1121,-33.8682],[151.1142,-33.8633],[151.1143,-33.8629],[151.1139,-33.8609],[151.1139,-33.8608],[151.1147,-33.8605],[151.1147,-33.8605],[151.1148,-33.8605],[151.1149,-33.8605],[151.1149,-33.8605],[151.1159,-33.8609],[151.118,-33.8642]]]}},{"type":"Feature","properties":{"name":"Canley Heights","centroid":[150.92365,-33.88224],"areaDeg2":0.00026083},"geometry":{"type":"Polygon","coordinates":[[[150.9353,-33.8814],[150.9338,-33.8895],[150.9229,-33.8883],[150.9094,-33.8864],[150.9138,-33.8822],[150.9166,-33.8745],[150.9259,-33.8744],[150.9353,-33.8814]]]}},{"type":"Feature","properties":{"name":"Canley Vale","centroid":[150.94724,-33.8864],"areaDeg2":0.00028},"geometry":{"type":"Polygon","coordinates":[[[150.9581,-33.8822],[150.9581,-33.8823],[150.9596,-33.8905],[150.9671,-33.8901],[150.9595,-33.8938],[150.9338,-33.8895],[150.9353,-33.8814],[150.9363,-33.8761],[150.9487,-33.883],[150.9521,-33.8821],[150.9549,-33.8824],[150.9568,-33.8815],[150.9574,-33.8816],[150.9576,-33.8818],[150.9579,-33.8821],[150.958,-33.8821],[150.9581,-33.8822]]]}},{"type":"Feature","properties":{"name":"Canterbury","centroid":[151.11575,-33.91285],"areaDeg2":0.00018972},"geometry":{"type":"Polygon","coordinates":[[[151.1235,-33.9067],[151.122,-33.9144],[151.114,-33.9232],[151.1088,-33.9226],[151.1117,-33.9061],[151.1152,-33.9028],[151.1235,-33.9067]]]}},{"type":"Feature","properties":{"name":"Caringbah","centroid":[151.12676,-34.03543],"areaDeg2":0.00049967},"geometry":{"type":"Polygon","coordinates":[[[151.1421,-34.026],[151.1452,-34.0299],[151.1344,-34.039],[151.133,-34.0456],[151.133,-34.0457],[151.13,-34.0478],[151.1158,-34.0458],[151.1122,-34.0417],[151.1154,-34.0295],[151.1198,-34.0254],[151.1421,-34.026]]]}},{"type":"Feature","properties":{"name":"Caringbah South","centroid":[151.1205,-34.05575],"areaDeg2":0.00049998},"geometry":{"type":"Polygon","coordinates":[[[151.133,-34.0457],[151.133,-34.0459],[151.1326,-34.0503],[151.1366,-34.0573],[151.1326,-34.0661],[151.1231,-34.0648],[151.1204,-34.0638],[151.1128,-34.0621],[151.1068,-34.0656],[151.1026,-34.0619],[151.1082,-34.0541],[151.1112,-34.0433],[151.1122,-34.0417],[151.1158,-34.0458],[151.13,-34.0478],[151.133,-34.0457]]]}},{"type":"Feature","properties":{"name":"Carlingford","centroid":[151.04531,-33.7755],"areaDeg2":0.00086761},"geometry":{"type":"Polygon","coordinates":[[[151.0664,-33.7617],[151.0562,-33.772],[151.0613,-33.7826],[151.0679,-33.7855],[151.0658,-33.7909],[151.0605,-33.7915],[151.0567,-33.7857],[151.0468,-33.7893],[151.0343,-33.7863],[151.0278,-33.788],[151.0212,-33.7826],[151.0313,-33.7786],[151.0321,-33.7721],[151.0293,-33.7634],[151.0349,-33.7609],[151.0495,-33.7585],[151.0544,-33.7648],[151.0664,-33.7617]]]}},{"type":"Feature","properties":{"name":"Carlton","centroid":[151.12113,-33.97092],"areaDeg2":0.00022521},"geometry":{"type":"Polygon","coordinates":[[[151.1262,-33.963],[151.1311,-33.9726],[151.1244,-33.9772],[151.1181,-33.9816],[151.1134,-33.9779],[151.1142,-33.9766],[151.1156,-33.97],[151.1155,-33.9698],[151.1128,-33.9624],[151.1262,-33.963]]]}},{"type":"Feature","properties":{"name":"Carramar","centroid":[150.96333,-33.88416],"areaDeg2":0.00011695},"geometry":{"type":"Polygon","coordinates":[[[150.9581,-33.8823],[150.9581,-33.8822],[150.9581,-33.882],[150.959,-33.8778],[150.9595,-33.8776],[150.9658,-33.8774],[150.9659,-33.8781],[150.966,-33.8783],[150.9678,-33.8822],[150.9679,-33.8828],[150.968,-33.8832],[150.9695,-33.8889],[150.9693,-33.8889],[150.9692,-33.8889],[150.9679,-33.8896],[150.9679,-33.8896],[150.9671,-33.8901],[150.9596,-33.8905],[150.9581,-33.8823]]]}},{"type":"Feature","properties":{"name":"Carss Park","centroid":[151.11865,-33.9883],"areaDeg2":0.00007798},"geometry":{"type":"Polygon","coordinates":[[[151.1246,-33.9907],[151.121,-33.9948],[151.1121,-33.9872],[151.1181,-33.9816],[151.1246,-33.9907]]]}},{"type":"Feature","properties":{"name":"Cartwright","centroid":[150.88904,-33.92472],"areaDeg2":0.00009518},"geometry":{"type":"Polygon","coordinates":[[[150.9004,-33.9228],[150.9004,-33.923],[150.9009,-33.9231],[150.898,-33.9264],[150.8977,-33.9264],[150.8737,-33.9277],[150.8742,-33.9274],[150.8744,-33.9273],[150.887,-33.9216],[150.8894,-33.9225],[150.896,-33.9214],[150.9004,-33.9228]]]}},{"type":"Feature","properties":{"name":"Castle Cove","centroid":[151.21521,-33.78665],"areaDeg2":0.00021664},"geometry":{"type":"Polygon","coordinates":[[[151.2104,-33.7895],[151.2009,-33.7853],[151.2007,-33.7849],[151.1966,-33.7821],[151.2072,-33.7788],[151.2133,-33.7843],[151.2222,-33.7863],[151.2301,-33.7852],[151.2329,-33.79],[151.2254,-33.7933],[151.2104,-33.7895]]]}},{"type":"Feature","properties":{"name":"Castle Hill","centroid":[151.00002,-33.72796],"areaDeg2":0.00184838},"geometry":{"type":"Polygon","coordinates":[[[151.0247,-33.7104],[151.0315,-33.72],[151.0311,-33.7261],[151.025,-33.7322],[151.0214,-33.7351],[151.0215,-33.7421],[151.0087,-33.7539],[151.0086,-33.757],[151.004,-33.7505],[150.9998,-33.7502],[150.9854,-33.742],[150.9825,-33.7365],[150.9723,-33.7333],[150.9727,-33.7255],[150.9637,-33.7197],[150.9671,-33.716],[150.9833,-33.7112],[150.9841,-33.7035],[150.9938,-33.7078],[150.9951,-33.7132],[151.0161,-33.7147],[151.0247,-33.7104]]]}},{"type":"Feature","properties":{"name":"Castlecrag","centroid":[151.21813,-33.80103],"areaDeg2":0.0001102},"geometry":{"type":"Polygon","coordinates":[[[151.2166,-33.8055],[151.2091,-33.8054],[151.2116,-33.8024],[151.2115,-33.802],[151.2109,-33.8007],[151.2096,-33.7977],[151.2162,-33.7978],[151.2295,-33.7976],[151.2253,-33.8024],[151.2166,-33.8055]]]}},{"type":"Feature","properties":{"name":"Casula","centroid":[150.89965,-33.95256],"areaDeg2":0.00066838},"geometry":{"type":"Polygon","coordinates":[[[150.9134,-33.9648],[150.9129,-33.9647],[150.8903,-33.9611],[150.8869,-33.9582],[150.8747,-33.9668],[150.8767,-33.9567],[150.8819,-33.9507],[150.8959,-33.9462],[150.9055,-33.9384],[150.919,-33.939],[150.9183,-33.945],[150.9123,-33.9538],[150.9134,-33.9648]]]}},{"type":"Feature","properties":{"name":"Centennial Park","centroid":[151.23357,-33.89777],"areaDeg2":0.0002145},"geometry":{"type":"Polygon","coordinates":[[[151.2409,-33.8899],[151.2408,-33.8947],[151.2416,-33.9026],[151.2311,-33.9061],[151.2268,-33.9044],[151.223,-33.9014],[151.2293,-33.8944],[151.2287,-33.8896],[151.2331,-33.8895],[151.2409,-33.8899]]]}},{"type":"Feature","properties":{"name":"Chatswood","centroid":[151.18006,-33.79661],"areaDeg2":0.00049534},"geometry":{"type":"Polygon","coordinates":[[[151.2007,-33.7849],[151.2009,-33.7853],[151.203,-33.7902],[151.1951,-33.7932],[151.1938,-33.7994],[151.1925,-33.8024],[151.1873,-33.8015],[151.1794,-33.8054],[151.1728,-33.807],[151.1607,-33.8024],[151.1593,-33.7989],[151.1591,-33.7981],[151.1664,-33.792],[151.1806,-33.7909],[151.2007,-33.7849]]]}},{"type":"Feature","properties":{"name":"Chatswood West","centroid":[151.15875,-33.79519],"areaDeg2":0.00004889},"geometry":{"type":"MultiPolygon","coordinates":[[[[151.1568,-33.7926],[151.1574,-33.8005],[151.1541,-33.8001],[151.1545,-33.7933],[151.1568,-33.7926]]],[[[151.157,-33.792],[151.1664,-33.792],[151.1591,-33.7981],[151.157,-33.792]]]]}},{"type":"Feature","properties":{"name":"Cheltenham","centroid":[151.07862,-33.75686],"areaDeg2":0.0001471},"geometry":{"type":"Polygon","coordinates":[[[151.0889,-33.7529],[151.0856,-33.7536],[151.0841,-33.7626],[151.0684,-33.7614],[151.0753,-33.7519],[151.0801,-33.7502],[151.0889,-33.7529]]]}},{"type":"Feature","properties":{"name":"Cherrybrook","centroid":[151.04626,-33.72149],"areaDeg2":0.00081931},"geometry":{"type":"Polygon","coordinates":[[[151.0671,-33.7041],[151.0671,-33.7094],[151.0581,-33.7192],[151.0543,-33.7324],[151.0476,-33.7371],[151.0366,-33.7395],[151.025,-33.7322],[151.0311,-33.7261],[151.0315,-33.72],[151.0342,-33.7153],[151.0527,-33.7043],[151.0671,-33.7041]]]}},{"type":"Feature","properties":{"name":"Chester Hill","centroid":[150.99973,-33.87827],"areaDeg2":0.00041934},"geometry":{"type":"Polygon","coordinates":[[[151.0038,-33.8707],[151.0145,-33.8688],[151.013,-33.8784],[151.0082,-33.8758],[151.0044,-33.8955],[150.9925,-33.8886],[150.9943,-33.8765],[150.9887,-33.8726],[150.9812,-33.8764],[150.9855,-33.8705],[150.9906,-33.864],[150.9952,-33.8686],[151.0038,-33.8707]]]}},{"type":"Feature","properties":{"name":"Chifley","centroid":[151.23917,-33.96845],"areaDeg2":0.00010586},"geometry":{"type":"Polygon","coordinates":[[[151.2464,-33.9632],[151.242,-33.9694],[151.2426,-33.9744],[151.2368,-33.9759],[151.2331,-33.9681],[151.2382,-33.962],[151.2464,-33.9632]]]}},{"type":"Feature","properties":{"name":"Chippendale","centroid":[151.19975,-33.8863],"areaDeg2":0.00004807},"geometry":{"type":"Polygon","coordinates":[[[151.1932,-33.8877],[151.1947,-33.8844],[151.1951,-33.8844],[151.2029,-33.8838],[151.2068,-33.8858],[151.2018,-33.8891],[151.1988,-33.8886],[151.1932,-33.8877]]]}},{"type":"Feature","properties":{"name":"Chipping Norton","centroid":[150.95956,-33.9188],"areaDeg2":0.00067205},"geometry":{"type":"Polygon","coordinates":[[[150.9735,-33.9099],[150.9739,-33.9155],[150.979,-33.9292],[150.9686,-33.9311],[150.9688,-33.9285],[150.9354,-33.9287],[150.9358,-33.9226],[150.9428,-33.9232],[150.9523,-33.9188],[150.949,-33.9099],[150.9498,-33.9054],[150.9581,-33.8995],[150.9604,-33.9052],[150.9677,-33.9107],[150.9735,-33.9099]]]}},{"type":"Feature","properties":{"name":"Chiswick","centroid":[151.13851,-33.85008],"areaDeg2":0.00004021},"geometry":{"type":"Polygon","coordinates":[[[151.1415,-33.8533],[151.1376,-33.8538],[151.1335,-33.8493],[151.1414,-33.8456],[151.1415,-33.8533]]]}},{"type":"Feature","properties":{"name":"Chullora","centroid":[151.04731,-33.89211],"areaDeg2":0.00021746},"geometry":{"type":"Polygon","coordinates":[[[151.0379,-33.899],[151.0385,-33.8919],[151.0393,-33.8878],[151.0396,-33.8878],[151.0493,-33.8858],[151.0586,-33.8843],[151.0572,-33.8914],[151.0453,-33.9008],[151.0379,-33.899]]]}},{"type":"Feature","properties":{"name":"Church Point","centroid":[151.28056,-33.65176],"areaDeg2":0.00010377},"geometry":{"type":"Polygon","coordinates":[[[151.289,-33.6533],[151.2781,-33.6549],[151.2747,-33.6593],[151.2673,-33.6569],[151.2714,-33.6564],[151.2715,-33.6564],[151.2752,-33.6555],[151.2753,-33.6554],[151.2786,-33.6474],[151.2847,-33.6444],[151.289,-33.6533]]]}},{"type":"Feature","properties":{"name":"Clareville","centroid":[151.30983,-33.63727],"areaDeg2":0.00005564},"geometry":{"type":"Polygon","coordinates":[[[151.3065,-33.6422],[151.3052,-33.6378],[151.3153,-33.6286],[151.3115,-33.6369],[151.314,-33.6397],[151.3081,-33.6425],[151.3065,-33.6422]]]}},{"type":"Feature","properties":{"name":"Clemton Park","centroid":[151.1043,-33.92627],"areaDeg2":0.00002718},"geometry":{"type":"Polygon","coordinates":[[[151.1082,-33.9273],[151.0989,-33.9288],[151.0998,-33.927],[151.1073,-33.9227],[151.1082,-33.9273]]]}},{"type":"Feature","properties":{"name":"Clontarf","centroid":[151.25638,-33.80688],"areaDeg2":0.00008005},"geometry":{"type":"Polygon","coordinates":[[[151.2568,-33.8005],[151.2562,-33.8082],[151.2632,-33.8107],[151.2633,-33.8154],[151.2616,-33.8179],[151.2592,-33.8116],[151.2537,-33.8098],[151.2503,-33.8002],[151.2524,-33.7979],[151.2568,-33.8005]]]}},{"type":"Feature","properties":{"name":"Clovelly","centroid":[151.26111,-33.91063],"areaDeg2":0.00006639},"geometry":{"type":"Polygon","coordinates":[[[151.2708,-33.9111],[151.2623,-33.915],[151.2626,-33.914],[151.2627,-33.9138],[151.2608,-33.9135],[151.2607,-33.9135],[151.2586,-33.9122],[151.2585,-33.9121],[151.2549,-33.9116],[151.2543,-33.9115],[151.2542,-33.9115],[151.2542,-33.9066],[151.2597,-33.9078],[151.2708,-33.9111]]]}},{"type":"Feature","properties":{"name":"Clyde","centroid":[151.0235,-33.83344],"areaDeg2":0.00004546},"geometry":{"type":"Polygon","coordinates":[[[151.0273,-33.8318],[151.0274,-33.832],[151.0301,-33.8352],[151.0231,-33.8356],[151.0231,-33.8357],[151.019,-33.8372],[151.0201,-33.8296],[151.0273,-33.8318]]]}},{"type":"Feature","properties":{"name":"Collaroy","centroid":[151.30086,-33.73754],"areaDeg2":0.00024119},"geometry":{"type":"Polygon","coordinates":[[[151.3003,-33.7249],[151.3015,-33.7303],[151.3086,-33.7389],[151.3149,-33.7419],[151.3044,-33.7467],[151.2893,-33.7408],[151.2908,-33.7387],[151.2967,-33.7342],[151.2942,-33.7242],[151.3003,-33.7249]]]}},{"type":"Feature","properties":{"name":"Collaroy Plateau","centroid":[151.29013,-33.73102],"areaDeg2":0.00013393},"geometry":{"type":"Polygon","coordinates":[[[151.2942,-33.7242],[151.2967,-33.7342],[151.2908,-33.7387],[151.2823,-33.7324],[151.2872,-33.7247],[151.2942,-33.7242]]]}},{"type":"Feature","properties":{"name":"Como","centroid":[151.06434,-34.00162],"areaDeg2":0.00018995},"geometry":{"type":"Polygon","coordinates":[[[151.0733,-33.9961],[151.0701,-34.0015],[151.0718,-34.0082],[151.0609,-34.0086],[151.0543,-34.0032],[151.0571,-33.9979],[151.069,-33.9935],[151.0733,-33.9961]]]}},{"type":"Feature","properties":{"name":"Concord","centroid":[151.10407,-33.85678],"areaDeg2":0.0004718},"geometry":{"type":"Polygon","coordinates":[[[151.1037,-33.8428],[151.1082,-33.8466],[151.1113,-33.8471],[151.1153,-33.8531],[151.1159,-33.8609],[151.1149,-33.8605],[151.1149,-33.8605],[151.1148,-33.8605],[151.1147,-33.8605],[151.1147,-33.8605],[151.1139,-33.8608],[151.1139,-33.8609],[151.1143,-33.8629],[151.1142,-33.8633],[151.1121,-33.8682],[151.1116,-33.8697],[151.101,-33.8684],[151.0949,-33.8669],[151.0924,-33.8536],[151.0998,-33.8418],[151.1037,-33.8428]]]}},{"type":"Feature","properties":{"name":"Concord West","centroid":[151.09065,-33.84307],"areaDeg2":0.00029209},"geometry":{"type":"Polygon","coordinates":[[[151.0998,-33.8418],[151.0924,-33.8536],[151.0827,-33.8538],[151.0814,-33.85],[151.0824,-33.8455],[151.0843,-33.8372],[151.0899,-33.8331],[151.0991,-33.8321],[151.0998,-33.8418]]]}},{"type":"Feature","properties":{"name":"Condell Park","centroid":[151.01088,-33.92433],"areaDeg2":0.00037219},"geometry":{"type":"Polygon","coordinates":[[[151.0032,-33.9165],[151.0115,-33.9159],[151.0234,-33.9179],[151.0199,-33.9346],[151.006,-33.9343],[151.0068,-33.9302],[150.9966,-33.924],[150.9984,-33.9158],[151.0032,-33.9165]]]}},{"type":"Feature","properties":{"name":"Connells Point","centroid":[151.09341,-33.98787],"areaDeg2":0.00013838},"geometry":{"type":"Polygon","coordinates":[[[151.1023,-33.983],[151.1014,-33.9855],[151.0963,-33.9879],[151.0952,-33.9953],[151.0921,-33.9951],[151.0871,-33.9947],[151.085,-33.9888],[151.0897,-33.9849],[151.0938,-33.9846],[151.0977,-33.9778],[151.1023,-33.983]]]}},{"type":"Feature","properties":{"name":"Constitution Hill","centroid":[150.97501,-33.79396],"areaDeg2":0.00011534},"geometry":{"type":"Polygon","coordinates":[[[150.9771,-33.7896],[150.9837,-33.7948],[150.9792,-33.7995],[150.9674,-33.7966],[150.9705,-33.7877],[150.9771,-33.7896]]]}},{"type":"Feature","properties":{"name":"Coogee","centroid":[151.25444,-33.91972],"areaDeg2":0.00018303},"geometry":{"type":"Polygon","coordinates":[[[151.2535,-33.913],[151.2539,-33.9127],[151.2541,-33.9122],[151.2541,-33.9122],[151.2542,-33.9115],[151.2543,-33.9115],[151.2549,-33.9116],[151.2585,-33.9121],[151.2586,-33.9122],[151.2607,-33.9135],[151.2608,-33.9135],[151.2627,-33.9138],[151.2626,-33.914],[151.2623,-33.915],[151.2583,-33.9231],[151.2605,-33.9285],[151.2554,-33.9278],[151.2552,-33.9278],[151.2521,-33.9274],[151.2507,-33.9272],[151.2467,-33.9266],[151.249,-33.923],[151.2478,-33.9217],[151.2487,-33.9177],[151.2487,-33.9175],[151.2489,-33.9166],[151.2493,-33.9146],[151.2499,-33.9117],[151.2506,-33.911],[151.2508,-33.9109],[151.2535,-33.913]]]}},{"type":"Feature","properties":{"name":"Cremorne","centroid":[151.2265,-33.82699],"areaDeg2":0.00015197},"geometry":{"type":"Polygon","coordinates":[[[151.2311,-33.8168],[151.2329,-33.8183],[151.2285,-33.8367],[151.2241,-33.8377],[151.2229,-33.8375],[151.2246,-33.8302],[151.2173,-33.828],[151.224,-33.8214],[151.2311,-33.8168]]]}},{"type":"Feature","properties":{"name":"Cremorne Point","centroid":[151.2265,-33.83793],"areaDeg2":0.00000657},"geometry":{"type":"Polygon","coordinates":[[[151.2248,-33.8393],[151.2241,-33.8377],[151.2285,-33.8367],[151.229,-33.8378],[151.2248,-33.8393]]]}},{"type":"Feature","properties":{"name":"Cromer","centroid":[151.26842,-33.73006],"areaDeg2":0.00059965},"geometry":{"type":"Polygon","coordinates":[[[151.2698,-33.7164],[151.2742,-33.7225],[151.2779,-33.7339],[151.2823,-33.7324],[151.2908,-33.7387],[151.2893,-33.7408],[151.2808,-33.7439],[151.2679,-33.7425],[151.264,-33.7365],[151.2575,-33.7363],[151.2556,-33.7264],[151.2459,-33.7193],[151.2512,-33.719],[151.2515,-33.719],[151.2567,-33.7161],[151.2698,-33.7164]]]}},{"type":"Feature","properties":{"name":"Cronulla","centroid":[151.15182,-34.05836],"areaDeg2":0.00054576},"geometry":{"type":"Polygon","coordinates":[[[151.1568,-34.0395],[151.1613,-34.0405],[151.1653,-34.0412],[151.1554,-34.0549],[151.1587,-34.0583],[151.156,-34.0641],[151.1573,-34.0702],[151.1628,-34.0724],[151.1605,-34.0748],[151.1523,-34.0776],[151.1436,-34.077],[151.1432,-34.0569],[151.1447,-34.0529],[151.1479,-34.039],[151.1568,-34.0395]]]}},{"type":"Feature","properties":{"name":"Crows Nest","centroid":[151.20322,-33.82571],"areaDeg2":0.00006933},"geometry":{"type":"Polygon","coordinates":[[[151.2087,-33.8289],[151.2033,-33.8312],[151.1979,-33.8253],[151.1991,-33.8221],[151.2046,-33.8202],[151.2087,-33.8289]]]}},{"type":"Feature","properties":{"name":"Croydon","centroid":[151.11555,-33.88019],"areaDeg2":0.00023948},"geometry":{"type":"Polygon","coordinates":[[[151.1276,-33.8742],[151.1232,-33.8772],[151.1163,-33.8883],[151.117,-33.8915],[151.1071,-33.8914],[151.1072,-33.8867],[151.1099,-33.8822],[151.1118,-33.8697],[151.1241,-33.8718],[151.1276,-33.8742]]]}},{"type":"Feature","properties":{"name":"Croydon Park","centroid":[151.10281,-33.89712],"areaDeg2":0.00027497},"geometry":{"type":"Polygon","coordinates":[[[151.117,-33.8915],[151.1166,-33.8957],[151.11,-33.903],[151.097,-33.9036],[151.0926,-33.9021],[151.089,-33.8998],[151.0904,-33.8932],[151.1008,-33.8915],[151.1071,-33.8914],[151.117,-33.8915]]]}},{"type":"Feature","properties":{"name":"Curl Curl","centroid":[151.29026,-33.76967],"areaDeg2":0.00008854},"geometry":{"type":"Polygon","coordinates":[[[151.2995,-33.7671],[151.2939,-33.7759],[151.2876,-33.7704],[151.2786,-33.7693],[151.2788,-33.7684],[151.2791,-33.7669],[151.2995,-33.7671]]]}},{"type":"Feature","properties":{"name":"Daceyville","centroid":[151.22562,-33.92774],"areaDeg2":0.00003462},"geometry":{"type":"Polygon","coordinates":[[[151.2299,-33.9318],[151.2207,-33.9277],[151.2216,-33.9255],[151.228,-33.925],[151.2299,-33.9318]]]}},{"type":"Feature","properties":{"name":"Darling Point","centroid":[151.23534,-33.87337],"areaDeg2":0.00006034},"geometry":{"type":"Polygon","coordinates":[[[151.2409,-33.8724],[151.2376,-33.8774],[151.2294,-33.8762],[151.2306,-33.8741],[151.2349,-33.8679],[151.2409,-33.8724]]]}},{"type":"Feature","properties":{"name":"Darlinghurst","centroid":[151.21908,-33.87812],"areaDeg2":0.00008255},"geometry":{"type":"Polygon","coordinates":[[[151.2295,-33.8768],[151.2191,-33.8818],[151.2182,-33.8851],[151.2121,-33.8769],[151.2142,-33.874],[151.2214,-33.8751],[151.2244,-33.876],[151.2295,-33.8768]]]}},{"type":"Feature","properties":{"name":"Darlington","centroid":[151.19327,-33.89066],"areaDeg2":0.00003703},"geometry":{"type":"Polygon","coordinates":[[[151.1988,-33.8886],[151.1966,-33.8918],[151.1893,-33.8941],[151.1883,-33.8914],[151.1932,-33.8877],[151.1988,-33.8886]]]}},{"type":"Feature","properties":{"name":"Davidson","centroid":[151.19114,-33.73968],"areaDeg2":0.00023979},"geometry":{"type":"Polygon","coordinates":[[[151.2018,-33.737],[151.1983,-33.74],[151.2035,-33.7459],[151.1921,-33.7481],[151.1905,-33.7473],[151.1804,-33.7408],[151.1856,-33.7298],[151.1919,-33.731],[151.1961,-33.7369],[151.2018,-33.737]]]}},{"type":"Feature","properties":{"name":"Dawes Point","centroid":[151.2071,-33.85655],"areaDeg2":0.00000822},"geometry":{"type":"Polygon","coordinates":[[[151.2097,-33.8542],[151.2069,-33.8588],[151.2046,-33.8566],[151.2097,-33.8542]]]}},{"type":"Feature","properties":{"name":"Dee Why","centroid":[151.28977,-33.75137],"areaDeg2":0.00036536},"geometry":{"type":"Polygon","coordinates":[[[151.3044,-33.7467],[151.2974,-33.7527],[151.3018,-33.7614],[151.2884,-33.759],[151.2803,-33.7608],[151.2777,-33.7574],[151.2808,-33.7439],[151.2893,-33.7408],[151.3044,-33.7467]]]}},{"type":"Feature","properties":{"name":"Denistone","centroid":[151.08862,-33.7992],"areaDeg2":0.00012956},"geometry":{"type":"Polygon","coordinates":[[[151.0937,-33.7969],[151.0938,-33.797],[151.1005,-33.8021],[151.1,-33.8026],[151.0808,-33.8031],[151.0794,-33.799],[151.0794,-33.7988],[151.0791,-33.7979],[151.0902,-33.7929],[151.0937,-33.7969]]]}},{"type":"Feature","properties":{"name":"Denistone East","centroid":[151.09739,-33.7965],"areaDeg2":0.00005379},"geometry":{"type":"Polygon","coordinates":[[[151.1005,-33.8021],[151.0938,-33.797],[151.0937,-33.7969],[151.0902,-33.7929],[151.0998,-33.7938],[151.1003,-33.794],[151.1023,-33.7954],[151.1005,-33.8021]]]}},{"type":"Feature","properties":{"name":"Denistone West","centroid":[151.07701,-33.80064],"areaDeg2":0.00003204},"geometry":{"type":"Polygon","coordinates":[[[151.0794,-33.799],[151.0808,-33.8031],[151.0761,-33.8036],[151.0757,-33.8038],[151.075,-33.8031],[151.0748,-33.8024],[151.0731,-33.7984],[151.0732,-33.7983],[151.0744,-33.798],[151.0791,-33.7979],[151.0794,-33.7988],[151.0794,-33.799]]]}},{"type":"Feature","properties":{"name":"Dolans Bay","centroid":[151.12931,-34.06609],"areaDeg2":0.00000626},"geometry":{"type":"Polygon","coordinates":[[[151.1326,-34.0661],[151.1323,-34.0674],[151.1231,-34.0648],[151.1326,-34.0661]]]}},{"type":"Feature","properties":{"name":"Dolls Point","centroid":[151.14589,-33.99359],"areaDeg2":0.00000704},"geometry":{"type":"Polygon","coordinates":[[[151.1486,-33.9926],[151.1489,-33.9942],[151.1402,-33.994],[151.1486,-33.9926]]]}},{"type":"Feature","properties":{"name":"Double Bay","centroid":[151.24426,-33.87737],"areaDeg2":0.00009308},"geometry":{"type":"Polygon","coordinates":[[[151.2488,-33.8727],[151.2476,-33.886],[151.2422,-33.8809],[151.2376,-33.8774],[151.2409,-33.8724],[151.248,-33.8717],[151.2488,-33.8727]]]}},{"type":"Feature","properties":{"name":"Dover Heights","centroid":[151.28138,-33.87355],"areaDeg2":0.0001017},"geometry":{"type":"Polygon","coordinates":[[[151.2848,-33.8834],[151.2774,-33.8786],[151.2789,-33.8647],[151.2841,-33.8655],[151.2848,-33.8834]]]}},{"type":"Feature","properties":{"name":"Drummoyne","centroid":[151.15267,-33.85263],"areaDeg2":0.00023826},"geometry":{"type":"Polygon","coordinates":[[[151.1498,-33.8621],[151.1419,-33.8534],[151.1479,-33.85],[151.1457,-33.8457],[151.1518,-33.8422],[151.157,-33.8456],[151.1628,-33.8543],[151.1601,-33.8584],[151.1498,-33.8621]]]}},{"type":"Feature","properties":{"name":"Duffys Forest","centroid":[151.18932,-33.67404],"areaDeg2":0.00048968},"geometry":{"type":"Polygon","coordinates":[[[151.2053,-33.6731],[151.193,-33.6831],[151.188,-33.6859],[151.1772,-33.6848],[151.1739,-33.6727],[151.1905,-33.6629],[151.1999,-33.6617],[151.2053,-33.6731]]]}},{"type":"Feature","properties":{"name":"Dulwich Hill","centroid":[151.13968,-33.90384],"areaDeg2":0.00019009},"geometry":{"type":"Polygon","coordinates":[[[151.149,-33.901],[151.1488,-33.9037],[151.1366,-33.9141],[151.135,-33.9131],[151.1344,-33.9058],[151.1285,-33.9048],[151.132,-33.9009],[151.1429,-33.8953],[151.149,-33.901]]]}},{"type":"Feature","properties":{"name":"Dundas","centroid":[151.04318,-33.8019],"areaDeg2":0.00014381},"geometry":{"type":"Polygon","coordinates":[[[151.057,-33.7988],[151.0505,-33.8035],[151.0462,-33.8058],[151.0318,-33.8051],[151.028,-33.809],[151.0292,-33.8041],[151.0359,-33.801],[151.047,-33.7967],[151.057,-33.7988]]]}},{"type":"Feature","properties":{"name":"Dundas Valley","centroid":[151.05554,-33.79302],"areaDeg2":0.00016699},"geometry":{"type":"Polygon","coordinates":[[[151.0658,-33.7909],[151.0653,-33.7966],[151.057,-33.7988],[151.047,-33.7967],[151.0468,-33.7893],[151.0567,-33.7857],[151.0605,-33.7915],[151.0658,-33.7909]]]}},{"type":"Feature","properties":{"name":"Dural","centroid":[151.04037,-33.68422],"areaDeg2":0.00328849},"geometry":{"type":"Polygon","coordinates":[[[151.0335,-33.6545],[151.0328,-33.6617],[151.0419,-33.6644],[151.0451,-33.6618],[151.0574,-33.6704],[151.0736,-33.6735],[151.08,-33.6649],[151.0864,-33.6692],[151.0872,-33.6784],[151.081,-33.6822],[151.082,-33.6937],[151.0671,-33.7041],[151.0527,-33.7043],[151.0342,-33.7153],[151.0315,-33.72],[151.0247,-33.7104],[151.0225,-33.7072],[151.0117,-33.7028],[151.0095,-33.6964],[150.9983,-33.6922],[150.9945,-33.6887],[150.9952,-33.6852],[151.0096,-33.6843],[151.0094,-33.6852],[151.0131,-33.6801],[151.0147,-33.6718],[151.0096,-33.6706],[151.0092,-33.6538],[151.0055,-33.6499],[151.0335,-33.6545]]]}},{"type":"Feature","properties":{"name":"Earlwood","centroid":[151.12727,-33.92469],"areaDeg2":0.00052548},"geometry":{"type":"Polygon","coordinates":[[[151.155,-33.9263],[151.148,-33.9272],[151.1403,-33.9274],[151.1333,-33.9317],[151.1245,-33.9305],[151.117,-33.9359],[151.1129,-33.9368],[151.1082,-33.9273],[151.1073,-33.9227],[151.1088,-33.9226],[151.114,-33.9232],[151.122,-33.9144],[151.1301,-33.9163],[151.135,-33.9131],[151.1366,-33.9141],[151.141,-33.9228],[151.148,-33.9212],[151.155,-33.9263]]]}},{"type":"Feature","properties":{"name":"East Hills","centroid":[150.98855,-33.96105],"areaDeg2":0.00013609},"geometry":{"type":"Polygon","coordinates":[[[150.9939,-33.9664],[150.9908,-33.9675],[150.9807,-33.9643],[150.9819,-33.9581],[150.9884,-33.9549],[150.9953,-33.9559],[150.9939,-33.9664]]]}},{"type":"Feature","properties":{"name":"East Killara","centroid":[151.18153,-33.75541],"areaDeg2":0.00032825},"geometry":{"type":"Polygon","coordinates":[[[151.1905,-33.7473],[151.1921,-33.7481],[151.1958,-33.7538],[151.1907,-33.7554],[151.1906,-33.7575],[151.1922,-33.7587],[151.184,-33.7624],[151.1779,-33.7682],[151.1779,-33.7674],[151.1681,-33.7551],[151.1712,-33.7517],[151.1801,-33.7467],[151.1905,-33.7473]]]}},{"type":"Feature","properties":{"name":"East Lindfield","centroid":[151.1889,-33.76725],"areaDeg2":0.00022192},"geometry":{"type":"Polygon","coordinates":[[[151.1922,-33.7587],[151.1983,-33.7622],[151.1985,-33.7681],[151.193,-33.7733],[151.1823,-33.7752],[151.1779,-33.7682],[151.184,-33.7624],[151.1922,-33.7587]]]}},{"type":"Feature","properties":{"name":"East Ryde","centroid":[151.13628,-33.80995],"areaDeg2":0.00012019},"geometry":{"type":"Polygon","coordinates":[[[151.1424,-33.8066],[151.1412,-33.8118],[151.1438,-33.8182],[151.1362,-33.8147],[151.1352,-33.8141],[151.1272,-33.8094],[151.1335,-33.8035],[151.1424,-33.8066]]]}},{"type":"Feature","properties":{"name":"Eastgardens","centroid":[151.22588,-33.94582],"areaDeg2":0.00003504},"geometry":{"type":"Polygon","coordinates":[[[151.2315,-33.9505],[151.2281,-33.9489],[151.2279,-33.9488],[151.2234,-33.9481],[151.2215,-33.9454],[151.2284,-33.9401],[151.2268,-33.9446],[151.2315,-33.9505]]]}},{"type":"Feature","properties":{"name":"Eastlakes","centroid":[151.21296,-33.93046],"areaDeg2":0.00016359},"geometry":{"type":"Polygon","coordinates":[[[151.2055,-33.9302],[151.2056,-33.9298],[151.2057,-33.9292],[151.2057,-33.9291],[151.2059,-33.9283],[151.206,-33.9279],[151.2062,-33.9269],[151.2114,-33.9236],[151.2114,-33.9236],[151.2123,-33.9239],[151.2124,-33.924],[151.2128,-33.9241],[151.2129,-33.9241],[151.2143,-33.9244],[151.2152,-33.9246],[151.2205,-33.9253],[151.2216,-33.9255],[151.2207,-33.9277],[151.2201,-33.9292],[151.2202,-33.9307],[151.2171,-33.9372],[151.2167,-33.9374],[151.2086,-33.936],[151.2083,-33.9359],[151.2075,-33.9359],[151.2063,-33.9353],[151.2053,-33.9353],[151.2055,-33.9302]]]}},{"type":"Feature","properties":{"name":"Eastwood","centroid":[151.08437,-33.78887],"areaDeg2":0.00051215},"geometry":{"type":"Polygon","coordinates":[[[151.105,-33.7911],[151.1023,-33.7954],[151.1003,-33.794],[151.0998,-33.7938],[151.0902,-33.7929],[151.0791,-33.7979],[151.0744,-33.798],[151.0732,-33.7983],[151.0731,-33.7984],[151.0654,-33.7968],[151.0653,-33.7966],[151.0658,-33.7909],[151.0679,-33.7855],[151.0725,-33.782],[151.0835,-33.7825],[151.0914,-33.781],[151.0935,-33.7774],[151.1001,-33.7812],[151.105,-33.7911]]]}},{"type":"Feature","properties":{"name":"Edgecliff","centroid":[151.23614,-33.87938],"areaDeg2":0.00003768},"geometry":{"type":"Polygon","coordinates":[[[151.2376,-33.8774],[151.2422,-33.8809],[151.2399,-33.8818],[151.2394,-33.8819],[151.2375,-33.883],[151.2295,-33.8768],[151.2294,-33.8762],[151.2376,-33.8774]]]}},{"type":"Feature","properties":{"name":"Elanora Heights","centroid":[151.27293,-33.69951],"areaDeg2":0.00029649},"geometry":{"type":"Polygon","coordinates":[[[151.2832,-33.6917],[151.2868,-33.6966],[151.2816,-33.7062],[151.2655,-33.7057],[151.259,-33.7033],[151.2606,-33.6943],[151.274,-33.6942],[151.2832,-33.6917]]]}},{"type":"Feature","properties":{"name":"Elizabeth Bay","centroid":[151.22758,-33.87169],"areaDeg2":0.00001329},"geometry":{"type":"Polygon","coordinates":[[[151.23,-33.873],[151.2252,-33.874],[151.2275,-33.8681],[151.23,-33.873]]]}},{"type":"Feature","properties":{"name":"Elvina Bay","centroid":[151.27865,-33.63779],"areaDeg2":0.00001896},"geometry":{"type":"Polygon","coordinates":[[[151.2734,-33.6359],[151.2826,-33.6368],[151.2799,-33.6407],[151.2734,-33.6359]]]}},{"type":"Feature","properties":{"name":"Enfield","centroid":[151.09585,-33.88957],"areaDeg2":0.00005642},"geometry":{"type":"Polygon","coordinates":[[[151.0904,-33.8932],[151.0915,-33.8877],[151.0955,-33.8859],[151.1017,-33.8877],[151.1008,-33.8915],[151.0904,-33.8932]]]}},{"type":"Feature","properties":{"name":"Engadine","centroid":[151.01412,-34.05516],"areaDeg2":0.00092381},"geometry":{"type":"Polygon","coordinates":[[[151.0404,-34.0361],[151.0404,-34.0362],[151.0396,-34.0414],[151.0396,-34.0414],[151.0362,-34.0467],[151.0275,-34.0518],[151.0219,-34.058],[151.0337,-34.0581],[151.033,-34.0588],[151.0194,-34.0643],[151.013,-34.0709],[151.0119,-34.0791],[151.0065,-34.0741],[150.9984,-34.0712],[150.9963,-34.0624],[150.9963,-34.0602],[150.9954,-34.0572],[150.9954,-34.057],[150.9954,-34.0568],[150.9954,-34.0567],[150.9953,-34.0557],[150.9953,-34.0556],[150.997,-34.047],[151.0059,-34.0465],[151.0139,-34.0409],[151.0279,-34.0406],[151.0404,-34.0361]]]}},{"type":"Feature","properties":{"name":"Enmore","centroid":[151.16945,-33.90004],"areaDeg2":0.00003717},"geometry":{"type":"Polygon","coordinates":[[[151.173,-33.9048],[151.1641,-33.8998],[151.1713,-33.8955],[151.173,-33.9048]]]}},{"type":"Feature","properties":{"name":"Epping","centroid":[151.07663,-33.77258],"areaDeg2":0.00070536},"geometry":{"type":"Polygon","coordinates":[[[151.0684,-33.7614],[151.0841,-33.7626],[151.0983,-33.7654],[151.0935,-33.7774],[151.0914,-33.781],[151.0835,-33.7825],[151.0725,-33.782],[151.0679,-33.7855],[151.0613,-33.7826],[151.0562,-33.772],[151.0664,-33.7617],[151.0684,-33.7614]]]}},{"type":"Feature","properties":{"name":"Ermington","centroid":[151.06002,-33.81056],"areaDeg2":0.0003829},"geometry":{"type":"Polygon","coordinates":[[[151.0705,-33.8072],[151.0666,-33.8087],[151.0681,-33.8181],[151.0665,-33.8222],[151.0514,-33.8236],[151.0528,-33.8112],[151.0505,-33.8035],[151.057,-33.7988],[151.0653,-33.7966],[151.0654,-33.7968],[151.0705,-33.8072]]]}},{"type":"Feature","properties":{"name":"Erskineville","centroid":[151.18656,-33.90271],"areaDeg2":0.00006939},"geometry":{"type":"Polygon","coordinates":[[[151.1891,-33.8982],[151.1921,-33.9021],[151.1871,-33.9076],[151.1815,-33.9073],[151.1815,-33.9067],[151.1852,-33.8968],[151.1891,-33.8982]]]}},{"type":"Feature","properties":{"name":"Eveleigh","centroid":[151.19192,-33.89517],"areaDeg2":0.00003816},"geometry":{"type":"Polygon","coordinates":[[[151.1975,-33.895],[151.1891,-33.8982],[151.1852,-33.8968],[151.1893,-33.8941],[151.1966,-33.8918],[151.1975,-33.895]]]}},{"type":"Feature","properties":{"name":"Fairfield","centroid":[150.95246,-33.87154],"areaDeg2":0.00042519},"geometry":{"type":"Polygon","coordinates":[[[150.9548,-33.8556],[150.9616,-33.8634],[150.963,-33.8691],[150.9658,-33.8774],[150.9595,-33.8776],[150.959,-33.8778],[150.9581,-33.882],[150.9581,-33.8822],[150.958,-33.8821],[150.9579,-33.8821],[150.9576,-33.8818],[150.9574,-33.8816],[150.9568,-33.8815],[150.9549,-33.8824],[150.9521,-33.8821],[150.9487,-33.883],[150.9363,-33.8761],[150.937,-33.8723],[150.9472,-33.8701],[150.9474,-33.8631],[150.9548,-33.8556]]]}},{"type":"Feature","properties":{"name":"Fairfield East","centroid":[150.97315,-33.87458],"areaDeg2":0.00018909},"geometry":{"type":"Polygon","coordinates":[[[150.9802,-33.8698],[150.9855,-33.8705],[150.9812,-33.8764],[150.9754,-33.8807],[150.9678,-33.8822],[150.966,-33.8783],[150.9659,-33.8781],[150.9658,-33.8774],[150.963,-33.8691],[150.9802,-33.8698]]]}},{"type":"Feature","properties":{"name":"Fairfield Heights","centroid":[150.93956,-33.86689],"areaDeg2":0.00013417},"geometry":{"type":"Polygon","coordinates":[[[150.937,-33.8723],[150.9319,-33.8712],[150.9338,-33.8613],[150.9474,-33.8631],[150.9472,-33.8701],[150.937,-33.8723]]]}},{"type":"Feature","properties":{"name":"Fairfield West","centroid":[150.92451,-33.86841],"areaDeg2":0.00032272},"geometry":{"type":"Polygon","coordinates":[[[150.937,-33.8723],[150.9363,-33.8761],[150.9353,-33.8814],[150.9259,-33.8744],[150.9166,-33.8745],[150.9107,-33.8654],[150.9179,-33.8591],[150.9338,-33.8613],[150.9319,-33.8712],[150.937,-33.8723]]]}},{"type":"Feature","properties":{"name":"Fairlight","centroid":[151.27397,-33.79378],"areaDeg2":0.00010855},"geometry":{"type":"Polygon","coordinates":[[[151.2747,-33.7878],[151.2804,-33.7922],[151.2772,-33.8001],[151.2766,-33.8004],[151.2765,-33.8005],[151.2689,-33.7978],[151.2689,-33.7978],[151.2683,-33.7977],[151.2701,-33.7871],[151.2747,-33.7878]]]}},{"type":"Feature","properties":{"name":"Five Dock","centroid":[151.12916,-33.8669],"areaDeg2":0.00026041},"geometry":{"type":"Polygon","coordinates":[[[151.1347,-33.8587],[151.1395,-33.8637],[151.1416,-33.8684],[151.1421,-33.8704],[151.1276,-33.8742],[151.1241,-33.8718],[151.1118,-33.8697],[151.1116,-33.8697],[151.1121,-33.8682],[151.1149,-33.8686],[151.1161,-33.8688],[151.1164,-33.8688],[151.1168,-33.8688],[151.117,-33.8684],[151.1171,-33.8682],[151.1171,-33.868],[151.1172,-33.8678],[151.1173,-33.8672],[151.1173,-33.867],[151.1174,-33.8666],[151.1174,-33.8666],[151.1175,-33.8666],[151.1175,-33.8666],[151.118,-33.8644],[151.118,-33.8642],[151.1287,-33.8603],[151.1341,-33.8591],[151.1345,-33.8591],[151.1347,-33.8587]]]}},{"type":"Feature","properties":{"name":"Forest Lodge","centroid":[151.18019,-33.88115],"areaDeg2":0.00003818},"geometry":{"type":"Polygon","coordinates":[[[151.1875,-33.8847],[151.1762,-33.8827],[151.1769,-33.876],[151.1875,-33.8847]]]}},{"type":"Feature","properties":{"name":"Forestville","centroid":[151.21114,-33.75972],"areaDeg2":0.00042589},"geometry":{"type":"Polygon","coordinates":[[[151.1961,-33.7541],[151.2075,-33.7542],[151.2162,-33.7494],[151.2229,-33.7534],[151.2291,-33.7614],[151.2229,-33.7636],[151.2218,-33.7689],[151.2042,-33.7652],[151.2043,-33.7722],[151.1993,-33.7662],[151.1992,-33.7615],[151.1952,-33.7603],[151.1915,-33.7577],[151.1921,-33.7559],[151.1961,-33.7541]]]}},{"type":"Feature","properties":{"name":"Frenchs Forest","centroid":[151.22412,-33.74798],"areaDeg2":0.00079334},"geometry":{"type":"Polygon","coordinates":[[[151.25,-33.7451],[151.2491,-33.7567],[151.2433,-33.7537],[151.2336,-33.7578],[151.234,-33.7658],[151.2291,-33.7614],[151.2229,-33.7534],[151.2162,-33.7494],[151.2075,-33.7542],[151.1961,-33.7541],[151.1958,-33.7538],[151.1921,-33.7481],[151.2035,-33.7459],[151.1983,-33.74],[151.2018,-33.737],[151.2161,-33.7415],[151.2271,-33.7389],[151.2477,-33.741],[151.25,-33.7451]]]}},{"type":"Feature","properties":{"name":"Freshwater","centroid":[151.28412,-33.77553],"areaDeg2":0.00016774},"geometry":{"type":"Polygon","coordinates":[[[151.2939,-33.7759],[151.2903,-33.7829],[151.2891,-33.7828],[151.2889,-33.7825],[151.2878,-33.7821],[151.2877,-33.782],[151.286,-33.7807],[151.2858,-33.7805],[151.2837,-33.7796],[151.2837,-33.7793],[151.2835,-33.7793],[151.2833,-33.7793],[151.2831,-33.7795],[151.2829,-33.7796],[151.2788,-33.7813],[151.2744,-33.7718],[151.2786,-33.7693],[151.2876,-33.7704],[151.2939,-33.7759]]]}},{"type":"Feature","properties":{"name":"Galston","centroid":[151.06664,-33.6476],"areaDeg2":0.00231973},"geometry":{"type":"Polygon","coordinates":[[[151.1093,-33.6277],[151.1103,-33.6334],[151.1017,-33.6385],[151.1003,-33.6469],[151.0943,-33.6485],[151.0876,-33.6577],[151.08,-33.6649],[151.0736,-33.6735],[151.0574,-33.6704],[151.0451,-33.6618],[151.0419,-33.6644],[151.0328,-33.6617],[151.0335,-33.6545],[151.031,-33.6504],[151.0307,-33.6368],[151.0301,-33.6345],[151.0397,-33.6337],[151.0519,-33.6303],[151.052,-33.635],[151.0748,-33.6318],[151.0813,-33.6272],[151.0867,-33.6278],[151.1093,-33.6277]]]}},{"type":"Feature","properties":{"name":"Georges Hall","centroid":[150.98832,-33.90897],"areaDeg2":0.00034232},"geometry":{"type":"Polygon","coordinates":[[[151.0047,-33.9122],[151.0032,-33.9165],[150.9984,-33.9158],[150.9818,-33.9136],[150.9739,-33.9155],[150.9735,-33.9099],[150.9764,-33.9036],[150.9859,-33.8998],[151.0009,-33.9068],[151.0047,-33.9122]]]}},{"type":"Feature","properties":{"name":"Girraween","centroid":[150.94405,-33.80038],"areaDeg2":0.00022936},"geometry":{"type":"Polygon","coordinates":[[[150.9525,-33.7956],[150.9519,-33.8004],[150.9459,-33.8096],[150.9338,-33.8072],[150.9389,-33.7944],[150.9519,-33.7903],[150.9525,-33.7956]]]}},{"type":"Feature","properties":{"name":"Gladesville","centroid":[151.12683,-33.82739],"areaDeg2":0.00035276},"geometry":{"type":"Polygon","coordinates":[[[151.1353,-33.835],[151.1333,-33.8379],[151.1333,-33.838],[151.1358,-33.8397],[151.1331,-33.841],[151.1259,-33.8413],[151.1201,-33.833],[151.1152,-33.8263],[151.1158,-33.8248],[151.1244,-33.8159],[151.1352,-33.8141],[151.1362,-33.8147],[151.1359,-33.8197],[151.13,-33.8282],[151.1353,-33.835]]]}},{"type":"Feature","properties":{"name":"Glebe","centroid":[151.18673,-33.87772],"areaDeg2":0.00016654},"geometry":{"type":"Polygon","coordinates":[[[151.1923,-33.8739],[151.194,-33.8761],[151.1951,-33.8844],[151.1947,-33.8844],[151.1875,-33.8847],[151.1769,-33.876],[151.1773,-33.8727],[151.1849,-33.8711],[151.1923,-33.8739]]]}},{"type":"Feature","properties":{"name":"Glenfield","centroid":[150.89316,-33.97155],"areaDeg2":0.00069338},"geometry":{"type":"Polygon","coordinates":[[[150.9129,-33.9647],[150.9107,-33.979],[150.9032,-33.983],[150.8959,-33.9837],[150.887,-33.9774],[150.8789,-33.9813],[150.8721,-33.9746],[150.8747,-33.9668],[150.8869,-33.9582],[150.8903,-33.9611],[150.9129,-33.9647]]]}},{"type":"Feature","properties":{"name":"Glenhaven","centroid":[150.99818,-33.70209],"areaDeg2":0.0006926},"geometry":{"type":"Polygon","coordinates":[[[150.9945,-33.6887],[150.9983,-33.6922],[151.0095,-33.6964],[151.0117,-33.7028],[151.0225,-33.7072],[151.0247,-33.7104],[151.0161,-33.7147],[150.9951,-33.7132],[150.9938,-33.7078],[150.9841,-33.7035],[150.9674,-33.691],[150.9888,-33.6916],[150.9945,-33.6887]]]}},{"type":"Feature","properties":{"name":"Glenwood","centroid":[150.93484,-33.73528],"areaDeg2":0.00047587},"geometry":{"type":"Polygon","coordinates":[[[150.9525,-33.7533],[150.9426,-33.7468],[150.9303,-33.7418],[150.9179,-33.7385],[150.9214,-33.7312],[150.925,-33.7273],[150.9322,-33.7215],[150.9378,-33.7204],[150.9423,-33.7307],[150.9525,-33.7533]]]}},{"type":"Feature","properties":{"name":"Gordon","centroid":[151.15403,-33.7545],"areaDeg2":0.00035981},"geometry":{"type":"Polygon","coordinates":[[[151.1582,-33.7428],[151.1712,-33.7517],[151.1681,-33.7551],[151.1587,-33.758],[151.1452,-33.7666],[151.1423,-33.7709],[151.1424,-33.7589],[151.1404,-33.7549],[151.1582,-33.7428]]]}},{"type":"Feature","properties":{"name":"Granville","centroid":[151.0091,-33.83553],"areaDeg2":0.00036937},"geometry":{"type":"Polygon","coordinates":[[[151.0071,-33.8245],[151.013,-33.827],[151.0201,-33.8296],[151.019,-33.8372],[151.0166,-33.847],[151.0064,-33.8465],[150.9961,-33.8337],[151.0042,-33.8293],[150.9943,-33.8267],[151.0071,-33.8245]]]}},{"type":"Feature","properties":{"name":"Grays Point","centroid":[151.08103,-34.05856],"areaDeg2":0.00017845},"geometry":{"type":"Polygon","coordinates":[[[151.0734,-34.0468],[151.0776,-34.048],[151.0774,-34.0504],[151.0774,-34.0504],[151.0778,-34.0555],[151.0856,-34.055],[151.0925,-34.0596],[151.087,-34.0666],[151.0823,-34.0636],[151.0722,-34.0632],[151.0749,-34.0494],[151.0715,-34.0472],[151.0734,-34.0468]]]}},{"type":"Feature","properties":{"name":"Greenacre","centroid":[151.05795,-33.90297],"areaDeg2":0.00070648},"geometry":{"type":"Polygon","coordinates":[[[151.0689,-33.886],[151.0674,-33.8937],[151.0717,-33.9035],[151.0771,-33.9075],[151.0772,-33.9075],[151.0765,-33.9079],[151.0642,-33.9166],[151.0559,-33.9161],[151.0455,-33.9143],[151.0377,-33.9039],[151.0379,-33.899],[151.0453,-33.9008],[151.0572,-33.8914],[151.0586,-33.8843],[151.0615,-33.883],[151.0689,-33.886]]]}},{"type":"Feature","properties":{"name":"Greenfield Park","centroid":[150.89208,-33.87425],"areaDeg2":0.00014615},"geometry":{"type":"Polygon","coordinates":[[[150.8979,-33.8683],[150.9008,-33.8741],[150.8904,-33.8825],[150.885,-33.876],[150.8848,-33.8698],[150.8979,-33.8683]]]}},{"type":"Feature","properties":{"name":"Greenhills Beach","centroid":[151.16217,-34.03727],"areaDeg2":0.00003043},"geometry":{"type":"Polygon","coordinates":[[[151.1613,-34.0405],[151.1568,-34.0395],[151.1634,-34.0338],[151.1673,-34.0353],[151.1613,-34.0405]]]}},{"type":"Feature","properties":{"name":"Greenwich","centroid":[151.18502,-33.82668],"areaDeg2":0.00012631},"geometry":{"type":"Polygon","coordinates":[[[151.1867,-33.8225],[151.1927,-33.828],[151.1891,-33.8337],[151.1818,-33.833],[151.1807,-33.8265],[151.1799,-33.8253],[151.179,-33.8175],[151.1788,-33.8167],[151.1789,-33.8166],[151.1867,-33.8225]]]}},{"type":"Feature","properties":{"name":"Greystanes","centroid":[150.94441,-33.8242],"areaDeg2":0.00087591},"geometry":{"type":"Polygon","coordinates":[[[150.9646,-33.8145],[150.9624,-33.8178],[150.9625,-33.8286],[150.9624,-33.8308],[150.9579,-33.8379],[150.9251,-33.8336],[150.9241,-33.8419],[150.9162,-33.837],[150.9264,-33.8281],[150.9318,-33.8274],[150.9342,-33.8119],[150.9343,-33.8117],[150.9285,-33.8069],[150.9307,-33.8056],[150.9338,-33.8072],[150.9459,-33.8096],[150.9585,-33.8131],[150.9646,-33.8145]]]}},{"type":"Feature","properties":{"name":"Guildford","centroid":[150.99031,-33.85575],"areaDeg2":0.00054803},"geometry":{"type":"Polygon","coordinates":[[[150.9741,-33.8447],[150.9888,-33.8476],[150.9929,-33.8461],[151.0065,-33.852],[151.0038,-33.8707],[150.9952,-33.8686],[150.9906,-33.864],[150.9825,-33.8571],[150.9791,-33.8602],[150.9709,-33.8558],[150.9728,-33.8488],[150.9697,-33.8446],[150.9741,-33.8447]]]}},{"type":"Feature","properties":{"name":"Guildford West","centroid":[150.9648,-33.84951],"areaDeg2":0.00016447},"geometry":{"type":"Polygon","coordinates":[[[150.9659,-33.8411],[150.9697,-33.8446],[150.9728,-33.8488],[150.9709,-33.8558],[150.9551,-33.8543],[150.9605,-33.8442],[150.9659,-33.8411]]]}},{"type":"Feature","properties":{"name":"Gymea","centroid":[151.08592,-34.03471],"areaDeg2":0.00020183},"geometry":{"type":"Polygon","coordinates":[[[151.0938,-34.0243],[151.0898,-34.0429],[151.0792,-34.0421],[151.0776,-34.048],[151.0734,-34.0468],[151.0788,-34.0424],[151.0808,-34.0325],[151.0849,-34.0266],[151.089,-34.0236],[151.0938,-34.0243]]]}},{"type":"Feature","properties":{"name":"Gymea Bay","centroid":[151.08719,-34.04992],"areaDeg2":0.00024694},"geometry":{"type":"Polygon","coordinates":[[[151.0898,-34.0429],[151.0968,-34.0457],[151.0959,-34.0558],[151.0925,-34.0596],[151.0856,-34.055],[151.0778,-34.0555],[151.0774,-34.0504],[151.0774,-34.0504],[151.0776,-34.048],[151.0792,-34.0421],[151.0898,-34.0429]]]}},{"type":"Feature","properties":{"name":"Haberfield","centroid":[151.13968,-33.87813],"areaDeg2":0.00023375},"geometry":{"type":"Polygon","coordinates":[[[151.1505,-33.8721],[151.1497,-33.8739],[151.1449,-33.8822],[151.145,-33.8897],[151.1388,-33.8861],[151.1347,-33.8842],[151.1276,-33.8742],[151.1421,-33.8704],[151.1505,-33.8721]]]}},{"type":"Feature","properties":{"name":"Hammondville","centroid":[150.9591,-33.95006],"areaDeg2":0.00020018},"geometry":{"type":"Polygon","coordinates":[[[150.9705,-33.9469],[150.9729,-33.9519],[150.966,-33.9546],[150.9574,-33.9577],[150.9479,-33.947],[150.9424,-33.942],[150.9637,-33.9474],[150.9705,-33.9469]]]}},{"type":"Feature","properties":{"name":"Harris Park","centroid":[151.01167,-33.82239],"areaDeg2":0.00005046},"geometry":{"type":"Polygon","coordinates":[[[151.0167,-33.8204],[151.013,-33.827],[151.0071,-33.8245],[151.0097,-33.8179],[151.0167,-33.8204]]]}},{"type":"Feature","properties":{"name":"Haymarket","centroid":[151.20481,-33.88132],"areaDeg2":0.00004079},"geometry":{"type":"Polygon","coordinates":[[[151.2091,-33.8797],[151.2087,-33.8812],[151.2087,-33.8813],[151.2068,-33.8858],[151.2029,-33.8838],[151.1997,-33.8775],[151.2091,-33.8797]]]}},{"type":"Feature","properties":{"name":"Heckenberg","centroid":[150.89003,-33.90839],"areaDeg2":0.00007658},"geometry":{"type":"Polygon","coordinates":[[[150.8996,-33.9097],[150.8943,-33.911],[150.8873,-33.9137],[150.8844,-33.905],[150.8846,-33.902],[150.8879,-33.9041],[150.8996,-33.9097]]]}},{"type":"Feature","properties":{"name":"Henley","centroid":[151.13788,-33.84062],"areaDeg2":0.00001112},"geometry":{"type":"Polygon","coordinates":[[[151.1331,-33.841],[151.1358,-33.8397],[151.1392,-33.8394],[151.1424,-33.8417],[151.1331,-33.841]]]}},{"type":"Feature","properties":{"name":"Hillsdale","centroid":[151.22682,-33.95241],"areaDeg2":0.0000534},"geometry":{"type":"Polygon","coordinates":[[[151.2237,-33.9579],[151.2234,-33.9481],[151.2279,-33.9488],[151.2281,-33.9489],[151.2315,-33.9505],[151.2316,-33.9517],[151.2316,-33.9519],[151.2314,-33.9527],[151.2314,-33.9527],[151.2313,-33.9528],[151.2303,-33.9541],[151.2273,-33.9561],[151.2264,-33.9563],[151.2237,-33.9579]]]}},{"type":"Feature","properties":{"name":"Holroyd","centroid":[150.99817,-33.82993],"areaDeg2":0.00003223},"geometry":{"type":"Polygon","coordinates":[[[150.9961,-33.8337],[150.9943,-33.8267],[151.0042,-33.8293],[150.9961,-33.8337]]]}},{"type":"Feature","properties":{"name":"Holsworthy","centroid":[150.91374,-34.06841],"areaDeg2":0.018569},"geometry":{"type":"Polygon","coordinates":[[[150.966,-33.9546],[150.9685,-33.9647],[150.9838,-33.9736],[150.9918,-33.9812],[150.9923,-33.9819],[150.9926,-33.9888],[150.9965,-33.9922],[150.9957,-34.0003],[150.9806,-34.0172],[150.98,-34.0176],[150.9744,-34.0215],[150.9643,-34.0285],[150.9588,-34.0421],[150.9588,-34.0423],[150.9588,-34.0424],[150.9601,-34.0455],[150.9602,-34.0458],[150.9627,-34.0495],[150.9628,-34.0496],[150.9701,-34.054],[150.9731,-34.0544],[150.9916,-34.0585],[150.9936,-34.0584],[150.9963,-34.0602],[150.9963,-34.0624],[150.9873,-34.065],[150.9818,-34.0798],[150.9768,-34.0858],[150.9711,-34.1001],[150.9659,-34.0959],[150.9568,-34.1039],[150.9394,-34.1119],[150.9348,-34.1038],[150.9366,-34.0951],[150.9252,-34.0933],[150.9164,-34.1175],[150.9117,-34.1231],[150.9058,-34.1498],[150.9005,-34.1522],[150.8985,-34.1612],[150.8933,-34.1622],[150.892,-34.1698],[150.8875,-34.1752],[150.8891,-34.1828],[150.8939,-34.1837],[150.8994,-34.1896],[150.8796,-34.1869],[150.8748,-34.1874],[150.8699,-34.1817],[150.8595,-34.181],[150.8539,-34.1843],[150.8409,-34.1765],[150.8166,-34.1732],[150.8154,-34.1668],[150.8221,-34.1623],[150.8289,-34.1667],[150.84,-34.1632],[150.8475,-34.1539],[150.8513,-34.146],[150.8498,-34.1311],[150.8529,-34.1275],[150.8508,-34.118],[150.8148,-34.113],[150.8278,-34.1051],[150.8322,-34.0948],[150.8443,-34.0827],[150.849,-34.0852],[150.8634,-34.0828],[150.8692,-34.0727],[150.8787,-34.0626],[150.8823,-34.0551],[150.8946,-34.0481],[150.8919,-34.0436],[150.8863,-34.0308],[150.8864,-34.0249],[150.8884,-34.0054],[150.8922,-34.005],[150.8932,-34.0165],[150.8932,-34.0166],[150.898,-34.0207],[150.9063,-34.0171],[150.9063,-34.0171],[150.9013,-34.0088],[150.904,-34.0045],[150.9087,-33.9985],[150.9073,-33.9907],[150.9107,-33.979],[150.9129,-33.9647],[150.9134,-33.9648],[150.9316,-33.9644],[150.9461,-33.962],[150.946,-33.9498],[150.9479,-33.947],[150.9574,-33.9577],[150.966,-33.9546]]]}},{"type":"Feature","properties":{"name":"Homebush","centroid":[151.08008,-33.86195],"areaDeg2":0.00021393},"geometry":{"type":"Polygon","coordinates":[[[151.0696,-33.8695],[151.0766,-33.8586],[151.0715,-33.8563],[151.0814,-33.85],[151.0827,-33.8538],[151.0881,-33.8651],[151.0907,-33.8655],[151.0856,-33.8709],[151.0782,-33.8681],[151.0696,-33.8695]]]}},{"type":"Feature","properties":{"name":"Homebush West","centroid":[151.06706,-33.86207],"areaDeg2":0.0001604},"geometry":{"type":"Polygon","coordinates":[[[151.0715,-33.8563],[151.0766,-33.8586],[151.0696,-33.8695],[151.0612,-33.8665],[151.0568,-33.8646],[151.0644,-33.8557],[151.0715,-33.8563]]]}},{"type":"Feature","properties":{"name":"Hornsby","centroid":[151.0958,-33.698],"areaDeg2":0.00081821},"geometry":{"type":"Polygon","coordinates":[[[151.0952,-33.6844],[151.0952,-33.6843],[151.1039,-33.6804],[151.1051,-33.6821],[151.1018,-33.6939],[151.1112,-33.697],[151.1215,-33.6923],[151.1181,-33.7019],[151.1119,-33.7047],[151.1024,-33.7063],[151.0998,-33.7152],[151.0998,-33.7157],[151.0906,-33.7164],[151.0887,-33.7121],[151.0797,-33.7053],[151.082,-33.6937],[151.081,-33.6822],[151.0872,-33.6784],[151.0862,-33.6828],[151.0952,-33.6844]]]}},{"type":"Feature","properties":{"name":"Hornsby Heights","centroid":[151.10094,-33.65728],"areaDeg2":0.00098632},"geometry":{"type":"Polygon","coordinates":[[[151.1191,-33.6261],[151.1178,-33.635],[151.1203,-33.643],[151.1153,-33.6464],[151.1105,-33.652],[151.1112,-33.6574],[151.1028,-33.6712],[151.1039,-33.6804],[151.0952,-33.6843],[151.0952,-33.6844],[151.0862,-33.6828],[151.0872,-33.6784],[151.0864,-33.6692],[151.08,-33.6649],[151.0876,-33.6577],[151.0943,-33.6485],[151.1003,-33.6469],[151.1017,-33.6385],[151.1103,-33.6334],[151.1093,-33.6277],[151.1191,-33.6261]]]}},{"type":"Feature","properties":{"name":"Hunters Hill","centroid":[151.14511,-33.8302],"areaDeg2":0.00036621},"geometry":{"type":"Polygon","coordinates":[[[151.1438,-33.8182],[151.1469,-33.8255],[151.1439,-33.8295],[151.1569,-33.8324],[151.1665,-33.8384],[151.1658,-33.8427],[151.1434,-33.8355],[151.1366,-33.8369],[151.1353,-33.835],[151.13,-33.8282],[151.1359,-33.8197],[151.1362,-33.8147],[151.1438,-33.8182]]]}},{"type":"Feature","properties":{"name":"Huntingwood","centroid":[150.88265,-33.79828],"areaDeg2":0.0001734},"geometry":{"type":"Polygon","coordinates":[[[150.896,-33.803],[150.889,-33.8024],[150.8702,-33.8004],[150.8716,-33.7923],[150.8969,-33.798],[150.896,-33.803]]]}},{"type":"Feature","properties":{"name":"Huntleys Cove","centroid":[151.13758,-33.83797],"areaDeg2":0.0000216},"geometry":{"type":"Polygon","coordinates":[[[151.1444,-33.8378],[151.1392,-33.8394],[151.1358,-33.8397],[151.1333,-33.838],[151.1333,-33.8379],[151.1353,-33.835],[151.1366,-33.8369],[151.1444,-33.8378]]]}},{"type":"Feature","properties":{"name":"Huntleys Point","centroid":[151.142,-33.83967],"areaDeg2":0.0000086},"geometry":{"type":"Polygon","coordinates":[[[151.1424,-33.8417],[151.1392,-33.8394],[151.1444,-33.8378],[151.1424,-33.8417]]]}},{"type":"Feature","properties":{"name":"Hurlstone Park","centroid":[151.12862,-33.91023],"areaDeg2":0.00012045},"geometry":{"type":"Polygon","coordinates":[[[151.122,-33.9144],[151.1235,-33.9067],[151.1251,-33.9038],[151.1285,-33.9048],[151.1344,-33.9058],[151.135,-33.9131],[151.1301,-33.9163],[151.122,-33.9144]]]}},{"type":"Feature","properties":{"name":"Hurstville","centroid":[151.10136,-33.96177],"areaDeg2":0.00040893},"geometry":{"type":"Polygon","coordinates":[[[151.1128,-33.9624],[151.1155,-33.9698],[151.1156,-33.97],[151.1083,-33.9721],[151.0978,-33.9753],[151.0983,-33.9701],[151.0859,-33.9544],[151.0918,-33.9513],[151.1021,-33.9498],[151.1128,-33.9624]]]}},{"type":"Feature","properties":{"name":"Hurstville Grove","centroid":[151.09321,-33.9782],"areaDeg2":0.00009099},"geometry":{"type":"Polygon","coordinates":[[[151.0978,-33.9753],[151.0977,-33.9778],[151.0938,-33.9846],[151.0897,-33.9849],[151.0878,-33.9768],[151.0983,-33.9701],[151.0978,-33.9753]]]}},{"type":"Feature","properties":{"name":"Illawong","centroid":[151.04227,-33.99801],"areaDeg2":0.00054949},"geometry":{"type":"Polygon","coordinates":[[[151.069,-33.9935],[151.0571,-33.9979],[151.0543,-34.0032],[151.0462,-34.0071],[151.0406,-34.0053],[151.0336,-34.0095],[151.0241,-34.0058],[151.0254,-33.9981],[151.0276,-33.9883],[151.0334,-33.9876],[151.0337,-33.9878],[151.034,-33.9883],[151.0342,-33.9885],[151.0343,-33.9889],[151.0364,-33.9915],[151.0371,-33.9918],[151.0446,-33.9923],[151.0455,-33.9923],[151.0509,-33.9929],[151.0516,-33.993],[151.0519,-33.993],[151.0528,-33.9928],[151.0555,-33.9913],[151.0563,-33.9906],[151.0579,-33.9888],[151.0667,-33.9899],[151.069,-33.9935]]]}},{"type":"Feature","properties":{"name":"Ingleside","centroid":[151.25754,-33.69268],"areaDeg2":0.00178085},"geometry":{"type":"Polygon","coordinates":[[[151.2829,-33.6716],[151.2823,-33.6761],[151.2835,-33.6918],[151.2832,-33.6917],[151.274,-33.6942],[151.2606,-33.6943],[151.259,-33.7033],[151.2655,-33.7057],[151.2716,-33.7061],[151.2749,-33.7123],[151.2698,-33.7164],[151.2567,-33.7161],[151.2515,-33.719],[151.2512,-33.719],[151.2459,-33.7193],[151.2379,-33.7147],[151.2366,-33.7105],[151.2295,-33.7095],[151.2349,-33.6827],[151.2402,-33.6849],[151.2477,-33.6819],[151.2537,-33.6702],[151.2589,-33.6729],[151.266,-33.6711],[151.2783,-33.6632],[151.279,-33.6599],[151.2832,-33.66],[151.2829,-33.6716]]]}},{"type":"Feature","properties":{"name":"Jannali","centroid":[151.06612,-34.01535],"areaDeg2":0.00022563},"geometry":{"type":"Polygon","coordinates":[[[151.0718,-34.0082],[151.0763,-34.0109],[151.0761,-34.0177],[151.0759,-34.0192],[151.0668,-34.0217],[151.0517,-34.0202],[151.0551,-34.0152],[151.0601,-34.016],[151.0609,-34.0086],[151.0718,-34.0082]]]}},{"type":"Feature","properties":{"name":"Kangaroo Point","centroid":[151.09548,-34.00011],"areaDeg2":0.00007732},"geometry":{"type":"Polygon","coordinates":[[[151.0909,-34.0061],[151.0921,-33.9951],[151.0952,-33.9953],[151.0998,-33.9957],[151.1002,-34.003],[151.0909,-34.0061]]]}},{"type":"Feature","properties":{"name":"Kareela","centroid":[151.08314,-34.01639],"areaDeg2":0.00013672},"geometry":{"type":"Polygon","coordinates":[[[151.089,-34.0236],[151.0849,-34.0266],[151.0841,-34.0229],[151.0759,-34.0192],[151.0761,-34.0177],[151.0785,-34.0113],[151.0896,-34.0078],[151.0861,-34.0192],[151.089,-34.0236]]]}},{"type":"Feature","properties":{"name":"Kellyville","centroid":[150.95358,-33.69928],"areaDeg2":0.0017416},"geometry":{"type":"Polygon","coordinates":[[[150.9335,-33.6598],[150.9482,-33.6731],[150.9622,-33.6808],[150.9674,-33.691],[150.9841,-33.7035],[150.9833,-33.7112],[150.9671,-33.716],[150.9637,-33.7197],[150.9572,-33.7251],[150.9568,-33.7314],[150.9529,-33.7264],[150.9423,-33.7307],[150.9378,-33.7204],[150.9303,-33.7042],[150.9415,-33.7084],[150.9463,-33.7036],[150.9542,-33.7007],[150.9458,-33.6899],[150.9339,-33.6874],[150.9297,-33.6767],[150.9352,-33.6689],[150.9307,-33.666],[150.9335,-33.6598]]]}},{"type":"Feature","properties":{"name":"Kellyville Ridge","centroid":[150.91973,-33.70367],"areaDeg2":0.00023746},"geometry":{"type":"Polygon","coordinates":[[[150.9288,-33.7003],[150.9303,-33.7042],[150.9236,-33.7052],[150.9176,-33.7161],[150.9109,-33.7152],[150.9138,-33.7018],[150.9193,-33.6978],[150.917,-33.6919],[150.9224,-33.6906],[150.9288,-33.7003]]]}},{"type":"Feature","properties":{"name":"Kensington","centroid":[151.22012,-33.91316],"areaDeg2":0.00028336},"geometry":{"type":"Polygon","coordinates":[[[151.2359,-33.919],[151.2202,-33.9208],[151.2152,-33.9246],[151.2143,-33.9244],[151.2111,-33.9205],[151.2128,-33.9122],[151.2143,-33.9038],[151.2146,-33.9039],[151.223,-33.9014],[151.2268,-33.9044],[151.2258,-33.915],[151.2359,-33.919]]]}},{"type":"Feature","properties":{"name":"Kenthurst","centroid":[150.97283,-33.64373],"areaDeg2":0.00438215},"geometry":{"type":"Polygon","coordinates":[[[150.987,-33.6242],[150.9932,-33.6269],[150.9924,-33.6314],[151.0014,-33.6354],[151.0061,-33.6418],[151.0055,-33.6499],[151.0092,-33.6538],[151.0096,-33.6706],[151.0147,-33.6718],[151.0131,-33.6801],[151.0094,-33.6852],[151.0096,-33.6843],[150.9952,-33.6852],[150.9945,-33.6887],[150.9888,-33.6916],[150.9674,-33.691],[150.9622,-33.6808],[150.9739,-33.6826],[150.9783,-33.6777],[150.9706,-33.6752],[150.9706,-33.6641],[150.9627,-33.6681],[150.9561,-33.6618],[150.9529,-33.6492],[150.939,-33.6385],[150.94,-33.6292],[150.9355,-33.6286],[150.9356,-33.6112],[150.9301,-33.5995],[150.9359,-33.5924],[150.9338,-33.5881],[150.9423,-33.5846],[150.9395,-33.588],[150.9495,-33.5984],[150.9516,-33.6053],[150.9598,-33.6066],[150.9682,-33.605],[150.976,-33.6088],[150.9776,-33.6155],[150.9854,-33.6194],[150.987,-33.6242]]]}},{"type":"Feature","properties":{"name":"Killara","centroid":[151.15636,-33.768],"areaDeg2":0.00046173},"geometry":{"type":"Polygon","coordinates":[[[151.1681,-33.7551],[151.1779,-33.7674],[151.1716,-33.767],[151.1619,-33.7711],[151.1587,-33.7754],[151.1495,-33.7755],[151.1434,-33.7831],[151.1395,-33.782],[151.138,-33.7744],[151.1423,-33.7709],[151.1452,-33.7666],[151.1587,-33.758],[151.1681,-33.7551]]]}},{"type":"Feature","properties":{"name":"Killarney Heights","centroid":[151.22241,-33.77271],"areaDeg2":0.00044065},"geometry":{"type":"Polygon","coordinates":[[[151.234,-33.7658],[151.2393,-33.7788],[151.2323,-33.7779],[151.2294,-33.7824],[151.2209,-33.7828],[151.2208,-33.7828],[151.2043,-33.7722],[151.2042,-33.7652],[151.2218,-33.7689],[151.2229,-33.7636],[151.2291,-33.7614],[151.234,-33.7658]]]}},{"type":"Feature","properties":{"name":"Kings Langley","centroid":[150.93516,-33.75008],"areaDeg2":0.00040569},"geometry":{"type":"Polygon","coordinates":[[[150.9554,-33.7584],[150.9511,-33.7622],[150.9425,-33.7584],[150.9278,-33.753],[150.9163,-33.7477],[150.9179,-33.7385],[150.9303,-33.7418],[150.9426,-33.7468],[150.9525,-33.7533],[150.9554,-33.7584]]]}},{"type":"Feature","properties":{"name":"Kings Park","centroid":[150.90826,-33.74365],"areaDeg2":0.0002234},"geometry":{"type":"Polygon","coordinates":[[[150.9019,-33.7514],[150.9,-33.7406],[150.8971,-33.7376],[150.9078,-33.7367],[150.9179,-33.7385],[150.9163,-33.7477],[150.9129,-33.7509],[150.9019,-33.7514]]]}},{"type":"Feature","properties":{"name":"Kingsford","centroid":[151.23057,-33.92536],"areaDeg2":0.00018053},"geometry":{"type":"Polygon","coordinates":[[[151.2359,-33.919],[151.2393,-33.9256],[151.2379,-33.9328],[151.2303,-33.9337],[151.2299,-33.9318],[151.228,-33.925],[151.2216,-33.9255],[151.2205,-33.9253],[151.2152,-33.9246],[151.2202,-33.9208],[151.2359,-33.919]]]}},{"type":"Feature","properties":{"name":"Kingsgrove","centroid":[151.09932,-33.93909],"areaDeg2":0.00043828},"geometry":{"type":"Polygon","coordinates":[[[151.1129,-33.9368],[151.1077,-33.9382],[151.1098,-33.9486],[151.1021,-33.9498],[151.0918,-33.9513],[151.0909,-33.9457],[151.085,-33.9358],[151.0904,-33.9315],[151.0989,-33.9288],[151.1082,-33.9273],[151.1129,-33.9368]]]}},{"type":"Feature","properties":{"name":"Kirrawee","centroid":[151.07361,-34.03271],"areaDeg2":0.00038375},"geometry":{"type":"Polygon","coordinates":[[[151.0849,-34.0266],[151.0808,-34.0325],[151.0788,-34.0424],[151.0734,-34.0468],[151.0715,-34.0472],[151.0602,-34.0403],[151.0657,-34.0375],[151.068,-34.0257],[151.0668,-34.0217],[151.0759,-34.0192],[151.0841,-34.0229],[151.0849,-34.0266]]]}},{"type":"Feature","properties":{"name":"Kirribilli","centroid":[151.21406,-33.84615],"areaDeg2":0.00001344},"geometry":{"type":"Polygon","coordinates":[[[151.2167,-33.8451],[151.2138,-33.8496],[151.2117,-33.8437],[151.2167,-33.8451]]]}},{"type":"Feature","properties":{"name":"Kogarah","centroid":[151.13668,-33.96687],"areaDeg2":0.00027303},"geometry":{"type":"Polygon","coordinates":[[[151.1447,-33.9653],[151.1446,-33.9695],[151.1441,-33.9708],[151.1416,-33.9782],[151.1367,-33.9803],[151.1365,-33.9751],[151.1311,-33.9726],[151.1262,-33.963],[151.1344,-33.956],[151.1432,-33.9595],[151.1447,-33.9653]]]}},{"type":"Feature","properties":{"name":"Kogarah Bay","centroid":[151.12432,-33.98338],"areaDeg2":0.00008222},"geometry":{"type":"Polygon","coordinates":[[[151.1303,-33.983],[151.1246,-33.9907],[151.1181,-33.9816],[151.1244,-33.9772],[151.1303,-33.983]]]}},{"type":"Feature","properties":{"name":"Ku-Ring-Gai Chase","centroid":[151.23405,-33.63744],"areaDeg2":0.00904892},"geometry":{"type":"Polygon","coordinates":[[[151.2981,-33.5724],[151.2986,-33.5725],[151.3109,-33.5795],[151.307,-33.5866],[151.3011,-33.5891],[151.2955,-33.5932],[151.2988,-33.5973],[151.2935,-33.6065],[151.2987,-33.6055],[151.3011,-33.6051],[151.3026,-33.6026],[151.3043,-33.6065],[151.3002,-33.6153],[151.3027,-33.6209],[151.2947,-33.6228],[151.2847,-33.6225],[151.2816,-33.6196],[151.2799,-33.6278],[151.2759,-33.6328],[151.2735,-33.6353],[151.2734,-33.6359],[151.2799,-33.6407],[151.2803,-33.6409],[151.2755,-33.642],[151.2746,-33.6451],[151.2735,-33.6555],[151.2673,-33.6569],[151.2747,-33.6593],[151.279,-33.6599],[151.2783,-33.6632],[151.266,-33.6711],[151.2589,-33.6729],[151.2537,-33.6702],[151.2477,-33.6819],[151.2402,-33.6849],[151.2349,-33.6827],[151.2327,-33.676],[151.2233,-33.6774],[151.2053,-33.6731],[151.1999,-33.6617],[151.1905,-33.6629],[151.1739,-33.6727],[151.1772,-33.6848],[151.188,-33.6859],[151.193,-33.6831],[151.2073,-33.6901],[151.2098,-33.702],[151.2037,-33.7063],[151.1905,-33.7076],[151.1882,-33.6986],[151.1763,-33.698],[151.1676,-33.688],[151.1716,-33.6771],[151.167,-33.6732],[151.1689,-33.6673],[151.1614,-33.66],[151.1613,-33.6503],[151.1652,-33.6409],[151.1772,-33.6268],[151.1853,-33.6226],[151.1996,-33.6205],[151.206,-33.6232],[151.2074,-33.6155],[151.2181,-33.6094],[151.2183,-33.6007],[151.2262,-33.599],[151.2315,-33.6035],[151.2409,-33.6005],[151.2544,-33.6036],[151.2558,-33.5966],[151.2494,-33.5905],[151.2603,-33.5898],[151.2723,-33.5829],[151.2811,-33.5799],[151.2848,-33.5722],[151.2981,-33.5724]]]}},{"type":"Feature","properties":{"name":"Kurnell","centroid":[151.1855,-34.01958],"areaDeg2":0.00320823},"geometry":{"type":"Polygon","coordinates":[[[151.2321,-34.016],[151.2322,-34.0162],[151.2284,-34.0281],[151.2222,-34.0383],[151.2141,-34.0416],[151.207,-34.0415],[151.1899,-34.0352],[151.1756,-34.0364],[151.1653,-34.0412],[151.1613,-34.0405],[151.1673,-34.0353],[151.1634,-34.0338],[151.1568,-34.0395],[151.1479,-34.039],[151.1452,-34.0299],[151.1421,-34.026],[151.1343,-34.0152],[151.1361,-34.01],[151.1459,-34.0072],[151.1535,-34.0007],[151.2221,-34.0015],[151.2283,-34.0041],[151.2321,-34.016]]]}},{"type":"Feature","properties":{"name":"Kurraba Point","centroid":[151.22285,-33.8394],"areaDeg2":0.00000735},"geometry":{"type":"Polygon","coordinates":[[[151.2241,-33.8377],[151.2248,-33.8393],[151.2204,-33.8419],[151.2229,-33.8375],[151.2241,-33.8377]]]}},{"type":"Feature","properties":{"name":"Kyeemagh","centroid":[151.16035,-33.94907],"areaDeg2":0.00005234},"geometry":{"type":"Polygon","coordinates":[[[151.1672,-33.9489],[151.1632,-33.952],[151.1528,-33.9506],[151.153,-33.9504],[151.1573,-33.9469],[151.1607,-33.9454],[151.1672,-33.9489]]]}},{"type":"Feature","properties":{"name":"Kyle Bay","centroid":[151.09973,-33.99062],"areaDeg2":0.00006455},"geometry":{"type":"Polygon","coordinates":[[[151.0998,-33.9957],[151.0952,-33.9953],[151.0963,-33.9879],[151.1014,-33.9855],[151.1055,-33.9883],[151.0998,-33.9957]]]}},{"type":"Feature","properties":{"name":"La Perouse","centroid":[151.24115,-33.99142],"areaDeg2":0.00018447},"geometry":{"type":"Polygon","coordinates":[[[151.2354,-33.9843],[151.2529,-33.9925],[151.2485,-34.0014],[151.2481,-33.9982],[151.2377,-33.9978],[151.2385,-33.9917],[151.2321,-33.9906],[151.2282,-33.9821],[151.2354,-33.9843]]]}},{"type":"Feature","properties":{"name":"Lakemba","centroid":[151.07643,-33.91893],"areaDeg2":0.00021759},"geometry":{"type":"Polygon","coordinates":[[[151.0869,-33.9254],[151.0759,-33.9287],[151.0678,-33.9165],[151.0653,-33.9173],[151.0642,-33.9166],[151.0765,-33.9079],[151.0869,-33.9254]]]}},{"type":"Feature","properties":{"name":"Lalor Park","centroid":[150.93079,-33.76152],"areaDeg2":0.00027026},"geometry":{"type":"Polygon","coordinates":[[[150.9425,-33.7584],[150.9422,-33.7668],[150.9338,-33.7683],[150.9196,-33.767],[150.9201,-33.7576],[150.9278,-33.753],[150.9425,-33.7584]]]}},{"type":"Feature","properties":{"name":"Lane Cove","centroid":[151.1668,-33.81747],"areaDeg2":0.0002572},"geometry":{"type":"Polygon","coordinates":[[[151.1754,-33.8124],[151.1789,-33.8166],[151.1788,-33.8167],[151.179,-33.8175],[151.1799,-33.8253],[151.1746,-33.8254],[151.1681,-33.8212],[151.1631,-33.8186],[151.1522,-33.8217],[151.1509,-33.8244],[151.1502,-33.8245],[151.152,-33.8153],[151.1635,-33.8107],[151.1754,-33.8124]]]}},{"type":"Feature","properties":{"name":"Lane Cove North","centroid":[151.16157,-33.80586],"areaDeg2":0.00020092},"geometry":{"type":"Polygon","coordinates":[[[151.1794,-33.8054],[151.1754,-33.8124],[151.1635,-33.8107],[151.1446,-33.8031],[151.1449,-33.8005],[151.1522,-33.7993],[151.1529,-33.8005],[151.1572,-33.8011],[151.1593,-33.7989],[151.1607,-33.8024],[151.1728,-33.807],[151.1794,-33.8054]]]}},{"type":"Feature","properties":{"name":"Lane Cove West","centroid":[151.15026,-33.81173],"areaDeg2":0.00018176},"geometry":{"type":"Polygon","coordinates":[[[151.1635,-33.8107],[151.152,-33.8153],[151.1502,-33.8245],[151.1496,-33.825],[151.1421,-33.8085],[151.1446,-33.8031],[151.1635,-33.8107]]]}},{"type":"Feature","properties":{"name":"Lansdowne","centroid":[150.97517,-33.89623],"areaDeg2":0.00014143},"geometry":{"type":"Polygon","coordinates":[[[150.9764,-33.9036],[150.9683,-33.8963],[150.9671,-33.8901],[150.9679,-33.8896],[150.9679,-33.8896],[150.9692,-33.8889],[150.9693,-33.8889],[150.9695,-33.8889],[150.9779,-33.8916],[150.9805,-33.8962],[150.9806,-33.8962],[150.9859,-33.8998],[150.9764,-33.9036]]]}},{"type":"Feature","properties":{"name":"Lansvale","centroid":[150.96231,-33.90116],"areaDeg2":0.00030265},"geometry":{"type":"Polygon","coordinates":[[[150.9764,-33.9036],[150.9735,-33.9099],[150.9677,-33.9107],[150.9604,-33.9052],[150.9581,-33.8995],[150.9498,-33.9054],[150.9431,-33.905],[150.947,-33.8993],[150.9595,-33.8938],[150.9671,-33.8901],[150.9683,-33.8963],[150.9764,-33.9036]]]}},{"type":"Feature","properties":{"name":"Lavender Bay","centroid":[151.20792,-33.84458],"areaDeg2":0.00001256},"geometry":{"type":"Polygon","coordinates":[[[151.2106,-33.8436],[151.2094,-33.8462],[151.2063,-33.8463],[151.2057,-33.8427],[151.2106,-33.8436]]]}},{"type":"Feature","properties":{"name":"Leichhardt","centroid":[151.15451,-33.88263],"areaDeg2":0.00024237},"geometry":{"type":"Polygon","coordinates":[[[151.1497,-33.8739],[151.1675,-33.88],[151.1621,-33.8881],[151.1614,-33.8879],[151.1491,-33.8899],[151.145,-33.8897],[151.1449,-33.8822],[151.1497,-33.8739]]]}},{"type":"Feature","properties":{"name":"Lewisham","centroid":[151.14666,-33.89446],"areaDeg2":0.0000456},"geometry":{"type":"Polygon","coordinates":[[[151.1491,-33.8899],[151.149,-33.901],[151.1429,-33.8953],[151.145,-33.8897],[151.1491,-33.8899]]]}},{"type":"Feature","properties":{"name":"Liberty Grove","centroid":[151.0834,-33.83971],"areaDeg2":0.00000395},"geometry":{"type":"Polygon","coordinates":[[[151.0824,-33.8455],[151.0835,-33.8365],[151.0843,-33.8372],[151.0824,-33.8455]]]}},{"type":"Feature","properties":{"name":"Lidcombe","centroid":[151.04734,-33.86165],"areaDeg2":0.00067471},"geometry":{"type":"Polygon","coordinates":[[[151.047,-33.8436],[151.0503,-33.8463],[151.059,-33.8452],[151.0644,-33.8557],[151.0568,-33.8646],[151.0482,-33.8649],[151.0464,-33.8737],[151.0514,-33.8834],[151.0493,-33.8858],[151.0396,-33.8878],[151.0397,-33.8847],[151.042,-33.8722],[151.0359,-33.8715],[151.0318,-33.8637],[151.0363,-33.8622],[151.0384,-33.852],[151.0446,-33.8423],[151.047,-33.8436]]]}},{"type":"Feature","properties":{"name":"Lilli Pilli","centroid":[151.11424,-34.06881],"areaDeg2":0.00014749},"geometry":{"type":"Polygon","coordinates":[[[151.1204,-34.0638],[151.1213,-34.0734],[151.1092,-34.0756],[151.1068,-34.0656],[151.1128,-34.0621],[151.1204,-34.0638]]]}},{"type":"Feature","properties":{"name":"Lilyfield","centroid":[151.16121,-33.87134],"areaDeg2":0.00023018},"geometry":{"type":"Polygon","coordinates":[[[151.1497,-33.8739],[151.1505,-33.8721],[151.1532,-33.8662],[151.1611,-33.8626],[151.1656,-33.8643],[151.1693,-33.8718],[151.1733,-33.8711],[151.1675,-33.88],[151.1497,-33.8739]]]}},{"type":"Feature","properties":{"name":"Lindfield","centroid":[151.16194,-33.78014],"areaDeg2":0.00053391},"geometry":{"type":"Polygon","coordinates":[[[151.1779,-33.7682],[151.1823,-33.7752],[151.1761,-33.7769],[151.1725,-33.7836],[151.1617,-33.7861],[151.1664,-33.792],[151.157,-33.792],[151.1568,-33.7921],[151.1484,-33.7943],[151.1469,-33.7858],[151.1434,-33.7831],[151.1495,-33.7755],[151.1587,-33.7754],[151.1619,-33.7711],[151.1716,-33.767],[151.1779,-33.7674],[151.1779,-33.7682]]]}},{"type":"Feature","properties":{"name":"Linley Point","centroid":[151.15032,-33.82465],"areaDeg2":1.6e-7},"geometry":{"type":"Polygon","coordinates":[[[151.1496,-33.825],[151.1502,-33.8245],[151.1509,-33.8244],[151.1496,-33.825]]]}},{"type":"Feature","properties":{"name":"Little Bay","centroid":[151.24672,-33.98192],"areaDeg2":0.00026093},"geometry":{"type":"Polygon","coordinates":[[[151.2529,-33.9925],[151.2354,-33.9843],[151.2369,-33.977],[151.2368,-33.9759],[151.2426,-33.9744],[151.2591,-33.9767],[151.255,-33.9828],[151.2529,-33.9925]]]}},{"type":"Feature","properties":{"name":"Liverpool","centroid":[150.91593,-33.92348],"areaDeg2":0.00063629},"geometry":{"type":"Polygon","coordinates":[[[150.9316,-33.9222],[150.919,-33.939],[150.9055,-33.9384],[150.9064,-33.9274],[150.898,-33.9264],[150.9009,-33.9231],[150.9077,-33.9142],[150.9101,-33.9104],[150.9102,-33.9104],[150.9124,-33.9082],[150.9179,-33.9039],[150.9216,-33.9151],[150.934,-33.9167],[150.9316,-33.9222]]]}},{"type":"Feature","properties":{"name":"Loftus","centroid":[151.0449,-34.04546],"areaDeg2":0.00026044},"geometry":{"type":"Polygon","coordinates":[[[151.0518,-34.05],[151.0484,-34.0534],[151.033,-34.0588],[151.0337,-34.0581],[151.0391,-34.056],[151.0362,-34.0467],[151.0396,-34.0414],[151.0396,-34.0414],[151.0404,-34.0362],[151.0405,-34.0361],[151.0425,-34.0353],[151.0537,-34.037],[151.0518,-34.05]]]}},{"type":"Feature","properties":{"name":"Long Point","centroid":[150.89762,-34.01119],"areaDeg2":0.0001773},"geometry":{"type":"Polygon","coordinates":[[[150.904,-34.0045],[150.9013,-34.0088],[150.9063,-34.0171],[150.9063,-34.0171],[150.898,-34.0207],[150.8932,-34.0166],[150.8932,-34.0165],[150.8922,-34.005],[150.8884,-34.0054],[150.8858,-34.0025],[150.904,-34.0045]]]}},{"type":"Feature","properties":{"name":"Longueville","centroid":[151.16895,-33.82875],"areaDeg2":0.00009644},"geometry":{"type":"Polygon","coordinates":[[[151.175,-33.8283],[151.1685,-33.8358],[151.1614,-33.8303],[151.1669,-33.8263],[151.1681,-33.8212],[151.1746,-33.8254],[151.175,-33.8283]]]}},{"type":"Feature","properties":{"name":"Lovett Bay","centroid":[151.282,-33.6304],"areaDeg2":0.00003911},"geometry":{"type":"MultiPolygon","coordinates":[[[[151.2826,-33.6368],[151.2734,-33.6359],[151.2735,-33.6353],[151.2826,-33.6368]]],[[[151.2906,-33.6283],[151.2899,-33.6287],[151.2898,-33.6287],[151.2882,-33.6294],[151.2882,-33.6295],[151.2838,-33.6316],[151.2838,-33.6316],[151.2829,-33.6316],[151.2829,-33.6316],[151.2759,-33.6328],[151.2799,-33.6278],[151.2906,-33.6283]]]]}},{"type":"Feature","properties":{"name":"Lucas Heights","centroid":[150.97787,-34.04119],"areaDeg2":0.00093098},"geometry":{"type":"Polygon","coordinates":[[[150.9794,-34.0236],[150.9807,-34.0276],[150.9859,-34.0283],[150.9881,-34.0301],[150.9904,-34.032],[150.9903,-34.0323],[150.9904,-34.0324],[150.9908,-34.0337],[150.9908,-34.034],[150.9908,-34.0341],[150.9907,-34.0343],[150.9883,-34.0375],[150.9881,-34.0377],[150.9875,-34.038],[150.9875,-34.038],[150.9873,-34.0381],[150.9873,-34.0381],[150.9924,-34.0411],[150.993,-34.0416],[150.9942,-34.0428],[150.9945,-34.043],[150.9945,-34.0431],[150.9947,-34.0433],[150.9948,-34.0435],[150.997,-34.047],[150.9953,-34.0556],[150.9953,-34.0557],[150.9954,-34.0567],[150.9954,-34.0568],[150.9954,-34.057],[150.9954,-34.0572],[150.9963,-34.0602],[150.9936,-34.0584],[150.9916,-34.0585],[150.9731,-34.0544],[150.9701,-34.054],[150.9628,-34.0496],[150.9627,-34.0495],[150.9602,-34.0458],[150.9601,-34.0455],[150.9588,-34.0424],[150.9588,-34.0423],[150.9588,-34.0421],[150.9643,-34.0285],[150.9744,-34.0215],[150.98,-34.0176],[150.9806,-34.0172],[150.9794,-34.0236]]]}},{"type":"Feature","properties":{"name":"Lugarno","centroid":[151.04524,-33.98331],"areaDeg2":0.00032318},"geometry":{"type":"Polygon","coordinates":[[[151.0513,-33.9713],[151.0514,-33.9713],[151.0514,-33.9713],[151.0514,-33.9714],[151.0514,-33.9715],[151.0514,-33.9716],[151.0514,-33.9716],[151.0512,-33.9719],[151.0511,-33.9719],[151.0511,-33.9726],[151.0511,-33.9726],[151.0517,-33.9729],[151.0517,-33.9729],[151.0517,-33.973],[151.0517,-33.973],[151.0518,-33.9735],[151.0518,-33.9735],[151.0516,-33.9738],[151.0516,-33.9738],[151.0513,-33.974],[151.0513,-33.9741],[151.0513,-33.9742],[151.0513,-33.9742],[151.0513,-33.9744],[151.0513,-33.9745],[151.0515,-33.975],[151.0515,-33.9751],[151.0515,-33.9761],[151.0513,-33.9763],[151.0507,-33.9778],[151.0505,-33.9781],[151.05,-33.9803],[151.0501,-33.9806],[151.0511,-33.9817],[151.0512,-33.9819],[151.0516,-33.9825],[151.0518,-33.9827],[151.0518,-33.9828],[151.0527,-33.9832],[151.0531,-33.9835],[151.0533,-33.9836],[151.0534,-33.9839],[151.0536,-33.9859],[151.0537,-33.9861],[151.0542,-33.9866],[151.0544,-33.9869],[151.0552,-33.9876],[151.0556,-33.9878],[151.0576,-33.9887],[151.0578,-33.9888],[151.0579,-33.9888],[151.0563,-33.9906],[151.0555,-33.9913],[151.0528,-33.9928],[151.0519,-33.993],[151.0516,-33.993],[151.0509,-33.9929],[151.0455,-33.9923],[151.0446,-33.9923],[151.0371,-33.9918],[151.0364,-33.9915],[151.0343,-33.9889],[151.0342,-33.9885],[151.034,-33.9883],[151.0337,-33.9878],[151.0334,-33.9876],[151.0381,-33.983],[151.0384,-33.9829],[151.0389,-33.9813],[151.0383,-33.9806],[151.0369,-33.9774],[151.0367,-33.9768],[151.0366,-33.9765],[151.0385,-33.9757],[151.0391,-33.9753],[151.0393,-33.9753],[151.0398,-33.975],[151.0405,-33.9746],[151.0409,-33.9744],[151.0412,-33.9742],[151.0453,-33.9706],[151.0493,-33.9708],[151.0493,-33.9708],[151.0493,-33.9708],[151.0493,-33.9708],[151.0494,-33.9708],[151.0497,-33.9709],[151.0499,-33.9706],[151.0513,-33.9713]]]}},{"type":"Feature","properties":{"name":"Lurnea","centroid":[150.8974,-33.93595],"areaDeg2":0.00025725},"geometry":{"type":"Polygon","coordinates":[[[150.9055,-33.9384],[150.8959,-33.9462],[150.8882,-33.9449],[150.8913,-33.9299],[150.8977,-33.9264],[150.898,-33.9264],[150.9064,-33.9274],[150.9055,-33.9384]]]}},{"type":"Feature","properties":{"name":"Macquarie Fields","centroid":[150.89239,-33.99178],"areaDeg2":0.00067307},"geometry":{"type":"Polygon","coordinates":[[[150.9107,-33.979],[150.9073,-33.9907],[150.9087,-33.9985],[150.904,-34.0045],[150.8858,-34.0025],[150.8708,-33.9918],[150.8754,-33.9872],[150.887,-33.9774],[150.8959,-33.9837],[150.9032,-33.983],[150.9107,-33.979]]]}},{"type":"Feature","properties":{"name":"Macquarie Park","centroid":[151.12656,-33.7799],"areaDeg2":0.00064436},"geometry":{"type":"Polygon","coordinates":[[[151.138,-33.7744],[151.1395,-33.782],[151.1434,-33.7831],[151.1469,-33.7858],[151.1484,-33.7943],[151.1344,-33.7942],[151.1262,-33.7878],[151.1169,-33.7842],[151.1047,-33.7751],[151.1156,-33.7612],[151.1188,-33.7625],[151.122,-33.7701],[151.132,-33.7746],[151.138,-33.7744]]]}},{"type":"Feature","properties":{"name":"Maianbar","centroid":[151.12676,-34.07505],"areaDeg2":0.00001512},"geometry":{"type":"Polygon","coordinates":[[[151.1304,-34.0734],[151.1249,-34.0787],[151.125,-34.0786],[151.125,-34.0731],[151.1304,-34.0734]]]}},{"type":"Feature","properties":{"name":"Malabar","centroid":[151.25354,-33.96502],"areaDeg2":0.0003759},"geometry":{"type":"Polygon","coordinates":[[[151.2598,-33.954],[151.2664,-33.9674],[151.26,-33.9679],[151.2591,-33.9767],[151.2426,-33.9744],[151.242,-33.9694],[151.2464,-33.9632],[151.2457,-33.958],[151.2539,-33.9518],[151.2598,-33.954]]]}},{"type":"Feature","properties":{"name":"Manly","centroid":[151.29109,-33.80474],"areaDeg2":0.00052494},"geometry":{"type":"Polygon","coordinates":[[[151.2825,-33.7842],[151.2883,-33.7856],[151.2883,-33.7857],[151.2885,-33.7859],[151.2886,-33.7859],[151.2891,-33.7862],[151.2896,-33.7865],[151.288,-33.7933],[151.2905,-33.7992],[151.2997,-33.8],[151.3044,-33.8069],[151.302,-33.8214],[151.2986,-33.8236],[151.2878,-33.8209],[151.2856,-33.819],[151.2894,-33.8099],[151.2867,-33.802],[151.2772,-33.8001],[151.2804,-33.7922],[151.2747,-33.7878],[151.2765,-33.7847],[151.2825,-33.7842]]]}},{"type":"Feature","properties":{"name":"Manly Vale","centroid":[151.26637,-33.78317],"areaDeg2":0.0001649},"geometry":{"type":"Polygon","coordinates":[[[151.2671,-33.778],[151.2742,-33.779],[151.2765,-33.7847],[151.2747,-33.7878],[151.2701,-33.7871],[151.2599,-33.7885],[151.2556,-33.7838],[151.2622,-33.7774],[151.2671,-33.778]]]}},{"type":"Feature","properties":{"name":"Marayong","centroid":[150.89316,-33.7483],"areaDeg2":0.00026241},"geometry":{"type":"Polygon","coordinates":[[[150.9019,-33.7514],[150.8991,-33.7603],[150.8874,-33.7522],[150.8799,-33.7473],[150.8867,-33.7403],[150.8909,-33.7434],[150.8971,-33.7376],[150.9,-33.7406],[150.9019,-33.7514]]]}},{"type":"Feature","properties":{"name":"Maroubra","centroid":[151.24474,-33.94389],"areaDeg2":0.00061663},"geometry":{"type":"Polygon","coordinates":[[[151.2615,-33.9363],[151.2656,-33.9412],[151.2589,-33.9462],[151.2598,-33.954],[151.2539,-33.9518],[151.2457,-33.958],[151.2385,-33.9512],[151.2303,-33.9541],[151.2313,-33.9528],[151.2314,-33.9527],[151.2314,-33.9527],[151.2316,-33.9519],[151.2316,-33.9517],[151.2315,-33.9505],[151.2268,-33.9446],[151.2284,-33.9401],[151.2303,-33.9337],[151.2379,-33.9328],[151.2482,-33.9342],[151.2576,-33.9378],[151.2615,-33.9363]]]}},{"type":"Feature","properties":{"name":"Marrickville","centroid":[151.15517,-33.91119],"areaDeg2":0.00057524},"geometry":{"type":"Polygon","coordinates":[[[151.161,-33.8985],[151.1641,-33.8998],[151.173,-33.9048],[151.175,-33.9088],[151.1673,-33.9137],[151.1643,-33.9158],[151.157,-33.9208],[151.1551,-33.9265],[151.155,-33.9263],[151.148,-33.9212],[151.141,-33.9228],[151.1366,-33.9141],[151.1488,-33.9037],[151.149,-33.901],[151.161,-33.8985]]]}},{"type":"Feature","properties":{"name":"Marsfield","centroid":[151.10526,-33.77629],"areaDeg2":0.00037514},"geometry":{"type":"Polygon","coordinates":[[[151.1156,-33.7612],[151.1047,-33.7751],[151.1169,-33.7842],[151.1101,-33.7936],[151.105,-33.7911],[151.1001,-33.7812],[151.0935,-33.7774],[151.0983,-33.7654],[151.1054,-33.7612],[151.1156,-33.7612]]]}},{"type":"Feature","properties":{"name":"Mascot","centroid":[151.18248,-33.94008],"areaDeg2":0.00119139},"geometry":{"type":"Polygon","coordinates":[[[151.1965,-33.9215],[151.1955,-33.9255],[151.2062,-33.9269],[151.206,-33.9279],[151.2059,-33.9283],[151.2057,-33.9291],[151.2057,-33.9292],[151.2056,-33.9298],[151.2055,-33.9302],[151.2053,-33.9353],[151.2063,-33.9353],[151.2075,-33.9359],[151.197,-33.9373],[151.1883,-33.9455],[151.1942,-33.9539],[151.1921,-33.9575],[151.196,-33.9725],[151.1908,-33.9727],[151.1862,-33.953],[151.1812,-33.9552],[151.1869,-33.9644],[151.1782,-33.9651],[151.1734,-33.9471],[151.1672,-33.9489],[151.1607,-33.9454],[151.1603,-33.9337],[151.1645,-33.9296],[151.1742,-33.9251],[151.1807,-33.9193],[151.1965,-33.9215]]]}},{"type":"Feature","properties":{"name":"Matraville","centroid":[151.23265,-33.96304],"areaDeg2":0.00033678},"geometry":{"type":"Polygon","coordinates":[[[151.2457,-33.958],[151.2464,-33.9632],[151.2382,-33.962],[151.2331,-33.9681],[151.2368,-33.9759],[151.2369,-33.977],[151.226,-33.9761],[151.225,-33.9663],[151.2203,-33.9632],[151.2237,-33.9579],[151.2264,-33.9563],[151.2273,-33.9561],[151.2303,-33.9541],[151.2385,-33.9512],[151.2457,-33.958]]]}},{"type":"Feature","properties":{"name":"Mays Hill","centroid":[150.9884,-33.82072],"areaDeg2":0.00002365},"geometry":{"type":"Polygon","coordinates":[[[150.9883,-33.8239],[150.9831,-33.8192],[150.9859,-33.8195],[150.9868,-33.8194],[150.9936,-33.8186],[150.9883,-33.8239]]]}},{"type":"Feature","properties":{"name":"Mccarrs Creek","centroid":[151.27684,-33.64263],"areaDeg2":0.00000696},"geometry":{"type":"Polygon","coordinates":[[[151.2746,-33.6451],[151.2755,-33.642],[151.2803,-33.6409],[151.2746,-33.6451]]]}},{"type":"Feature","properties":{"name":"Mcmahons Point","centroid":[151.20327,-33.84302],"areaDeg2":0.00001498},"geometry":{"type":"Polygon","coordinates":[[[151.2057,-33.8427],[151.2063,-33.8463],[151.1997,-33.8419],[151.2005,-33.8404],[151.2057,-33.8427]]]}},{"type":"Feature","properties":{"name":"Meadowbank","centroid":[151.08841,-33.8167],"areaDeg2":0.00005506},"geometry":{"type":"Polygon","coordinates":[[[151.095,-33.8142],[151.093,-33.8196],[151.0826,-33.8186],[151.0817,-33.8148],[151.095,-33.8142]]]}},{"type":"Feature","properties":{"name":"Melrose Park","centroid":[151.07266,-33.81424],"areaDeg2":0.00008934},"geometry":{"type":"Polygon","coordinates":[[[151.0817,-33.8148],[151.0826,-33.8186],[151.0681,-33.8181],[151.0666,-33.8087],[151.0705,-33.8072],[151.0767,-33.8163],[151.0817,-33.8148]]]}},{"type":"Feature","properties":{"name":"Menai","centroid":[151.00408,-34.00654],"areaDeg2":0.00133944},"geometry":{"type":"Polygon","coordinates":[[[151.015,-33.9828],[151.0178,-33.9893],[151.0137,-33.9959],[151.0254,-33.9981],[151.0241,-34.0058],[151.0232,-34.0164],[151.0189,-34.0243],[151,-34.0233],[150.991,-34.0245],[150.9881,-34.0301],[150.9859,-34.0283],[150.9807,-34.0276],[150.9794,-34.0236],[150.9806,-34.0172],[150.9957,-34.0003],[150.9965,-33.9922],[150.9926,-33.9888],[150.9923,-33.9819],[150.9946,-33.9798],[150.9969,-33.9823],[151.015,-33.9828]]]}},{"type":"Feature","properties":{"name":"Merrylands","centroid":[150.98572,-33.8355],"areaDeg2":0.00065516},"geometry":{"type":"Polygon","coordinates":[[[150.9883,-33.8239],[150.9943,-33.8267],[150.9961,-33.8337],[151.0064,-33.8465],[151.0065,-33.852],[150.9929,-33.8461],[150.9888,-33.8476],[150.9741,-33.8447],[150.9772,-33.8339],[150.9624,-33.8308],[150.9625,-33.8286],[150.9694,-33.8248],[150.9806,-33.8228],[150.9807,-33.8227],[150.9818,-33.8179],[150.9831,-33.8192],[150.9883,-33.8239]]]}},{"type":"Feature","properties":{"name":"Merrylands West","centroid":[150.96834,-33.83738],"areaDeg2":0.00016347},"geometry":{"type":"Polygon","coordinates":[[[150.9741,-33.8447],[150.9697,-33.8446],[150.9659,-33.8411],[150.9579,-33.8379],[150.9624,-33.8308],[150.9772,-33.8339],[150.9741,-33.8447]]]}},{"type":"Feature","properties":{"name":"Middle Cove","centroid":[151.20996,-33.7925],"areaDeg2":0.00009108},"geometry":{"type":"Polygon","coordinates":[[[151.2104,-33.7895],[151.2177,-33.7931],[151.2162,-33.7978],[151.2096,-33.7977],[151.2095,-33.7976],[151.2094,-33.7974],[151.2085,-33.7953],[151.2082,-33.7947],[151.203,-33.7902],[151.2009,-33.7853],[151.2104,-33.7895]]]}},{"type":"Feature","properties":{"name":"Middle Dural","centroid":[151.01412,-33.63756],"areaDeg2":0.00075875},"geometry":{"type":"Polygon","coordinates":[[[151.0307,-33.6368],[151.031,-33.6504],[151.0335,-33.6545],[151.0055,-33.6499],[151.0061,-33.6418],[151.0014,-33.6354],[150.9924,-33.6314],[150.9932,-33.6269],[150.987,-33.6242],[150.9937,-33.6238],[151.0111,-33.6262],[151.0123,-33.6223],[151.0236,-33.6239],[151.0225,-33.6352],[151.0307,-33.6368]]]}},{"type":"Feature","properties":{"name":"Middle Harbour","centroid":[151.23443,-33.80125],"areaDeg2":0.0007886},"geometry":{"type":"Polygon","coordinates":[[[151.2311,-33.8168],[151.224,-33.8214],[151.22,-33.8177],[151.2305,-33.8136],[151.2322,-33.8069],[151.2256,-33.8049],[151.2166,-33.8055],[151.2253,-33.8024],[151.2295,-33.7976],[151.2162,-33.7978],[151.2177,-33.7931],[151.2104,-33.7895],[151.2254,-33.7933],[151.2329,-33.79],[151.2301,-33.7852],[151.2222,-33.7863],[151.2133,-33.7843],[151.2072,-33.7788],[151.1985,-33.7681],[151.1983,-33.7622],[151.1922,-33.7587],[151.1906,-33.7575],[151.1907,-33.7554],[151.1958,-33.7538],[151.1961,-33.7541],[151.1921,-33.7559],[151.1915,-33.7577],[151.1952,-33.7603],[151.1992,-33.7615],[151.1993,-33.7662],[151.2043,-33.7722],[151.2208,-33.7828],[151.2209,-33.7828],[151.2294,-33.7824],[151.2323,-33.7779],[151.2368,-33.7886],[151.2349,-33.7943],[151.2423,-33.804],[151.2503,-33.8002],[151.2537,-33.8098],[151.2592,-33.8116],[151.2616,-33.8179],[151.2664,-33.8238],[151.253,-33.8278],[151.2521,-33.8155],[151.2485,-33.8081],[151.2378,-33.8082],[151.2392,-33.8168],[151.2311,-33.8168]]]}},{"type":"Feature","properties":{"name":"Millers Point","centroid":[151.20447,-33.85981],"areaDeg2":0.00002123},"geometry":{"type":"Polygon","coordinates":[[[151.2046,-33.8566],[151.2069,-33.8588],[151.2055,-33.8632],[151.203,-33.8631],[151.2027,-33.8563],[151.2046,-33.8566]]]}},{"type":"Feature","properties":{"name":"Milperra","centroid":[150.98196,-33.93891],"areaDeg2":0.00055076},"geometry":{"type":"Polygon","coordinates":[[[151.001,-33.931],[150.9971,-33.9328],[150.9995,-33.9434],[150.9829,-33.9451],[150.9806,-33.9537],[150.9729,-33.9519],[150.9705,-33.9469],[150.9663,-33.9436],[150.9686,-33.9311],[150.979,-33.9292],[150.9875,-33.9285],[151.001,-33.931]]]}},{"type":"Feature","properties":{"name":"Milsons Point","centroid":[151.21147,-33.84627],"areaDeg2":0.00001094},"geometry":{"type":"Polygon","coordinates":[[[151.2106,-33.8436],[151.2117,-33.8437],[151.2138,-33.8496],[151.2094,-33.8462],[151.2106,-33.8436]]]}},{"type":"Feature","properties":{"name":"Miranda","centroid":[151.1029,-34.03283],"areaDeg2":0.00048651},"geometry":{"type":"Polygon","coordinates":[[[151.1071,-34.0223],[151.1159,-34.0247],[151.1198,-34.0254],[151.1154,-34.0295],[151.1122,-34.0417],[151.1112,-34.0433],[151.1031,-34.0423],[151.0968,-34.0457],[151.0898,-34.0429],[151.0938,-34.0243],[151.0946,-34.0206],[151.1071,-34.0223]]]}},{"type":"Feature","properties":{"name":"Mona Vale","centroid":[151.30287,-33.67577],"areaDeg2":0.00046085},"geometry":{"type":"Polygon","coordinates":[[[151.3106,-33.6668],[151.3184,-33.6705],[151.3093,-33.6889],[151.3061,-33.6916],[151.2997,-33.683],[151.2905,-33.6764],[151.2823,-33.6761],[151.2829,-33.6716],[151.2879,-33.6696],[151.2988,-33.67],[151.3039,-33.6634],[151.3106,-33.6668]]]}},{"type":"Feature","properties":{"name":"Monterey","centroid":[151.14772,-33.97223],"areaDeg2":0.00010908},"geometry":{"type":"Polygon","coordinates":[[[151.1416,-33.9782],[151.1441,-33.9708],[151.1446,-33.9695],[151.1447,-33.9653],[151.1451,-33.9653],[151.1481,-33.9658],[151.1483,-33.9658],[151.1543,-33.9669],[151.1535,-33.9687],[151.1532,-33.9693],[151.1524,-33.9711],[151.1516,-33.9731],[151.1515,-33.9734],[151.1513,-33.9738],[151.1512,-33.974],[151.1512,-33.9742],[151.151,-33.9747],[151.151,-33.9749],[151.1509,-33.9751],[151.1508,-33.9755],[151.1506,-33.9763],[151.1505,-33.9766],[151.15,-33.9791],[151.1433,-33.9785],[151.1416,-33.9782]]]}},{"type":"Feature","properties":{"name":"Moore Park","centroid":[151.22162,-33.89461],"areaDeg2":0.0001626},"geometry":{"type":"Polygon","coordinates":[[[151.2287,-33.8896],[151.2293,-33.8944],[151.223,-33.9014],[151.2146,-33.9039],[151.2159,-33.8975],[151.217,-33.8919],[151.2182,-33.8855],[151.2287,-33.8896]]]}},{"type":"Feature","properties":{"name":"Moorebank","centroid":[150.93756,-33.94279],"areaDeg2":0.00122196},"geometry":{"type":"Polygon","coordinates":[[[150.9686,-33.9311],[150.9663,-33.9436],[150.9705,-33.9469],[150.9637,-33.9474],[150.9424,-33.942],[150.9373,-33.9456],[150.9364,-33.955],[150.9316,-33.9644],[150.9134,-33.9648],[150.9123,-33.9538],[150.9183,-33.945],[150.919,-33.939],[150.9316,-33.9222],[150.9358,-33.9226],[150.9354,-33.9287],[150.9688,-33.9285],[150.9686,-33.9311]]]}},{"type":"Feature","properties":{"name":"Morning Bay","centroid":[151.28365,-33.62575],"areaDeg2":0.00003218},"geometry":{"type":"Polygon","coordinates":[[[151.2906,-33.6283],[151.2799,-33.6278],[151.2816,-33.6196],[151.2831,-33.6237],[151.2906,-33.6283]]]}},{"type":"Feature","properties":{"name":"Mortdale","centroid":[151.07112,-33.9698],"areaDeg2":0.0002694},"geometry":{"type":"Polygon","coordinates":[[[151.0861,-33.9733],[151.0787,-33.976],[151.0737,-33.9703],[151.0673,-33.9761],[151.0594,-33.9776],[151.0562,-33.9748],[151.0599,-33.9685],[151.0738,-33.9612],[151.0791,-33.9623],[151.0861,-33.9733]]]}},{"type":"Feature","properties":{"name":"Mortlake","centroid":[151.10615,-33.84256],"areaDeg2":0.00001595},"geometry":{"type":"Polygon","coordinates":[[[151.1066,-33.8382],[151.1082,-33.8466],[151.1037,-33.8428],[151.1066,-33.8382]]]}},{"type":"Feature","properties":{"name":"Mosman","centroid":[151.24454,-33.8287],"areaDeg2":0.00083926},"geometry":{"type":"Polygon","coordinates":[[[151.2664,-33.8238],[151.2689,-33.8273],[151.2612,-33.8297],[151.2612,-33.8378],[151.2523,-33.8399],[151.244,-33.847],[151.2328,-33.8436],[151.229,-33.8378],[151.2285,-33.8367],[151.2329,-33.8183],[151.2311,-33.8168],[151.2392,-33.8168],[151.2378,-33.8082],[151.2485,-33.8081],[151.2521,-33.8155],[151.253,-33.8278],[151.2664,-33.8238]]]}},{"type":"Feature","properties":{"name":"Mount Colah","centroid":[151.12781,-33.66712],"areaDeg2":0.0010812},"geometry":{"type":"Polygon","coordinates":[[[151.1613,-33.6503],[151.1614,-33.66],[151.1494,-33.6694],[151.1466,-33.6747],[151.1389,-33.6776],[151.138,-33.6834],[151.1178,-33.681],[151.1124,-33.6792],[151.1051,-33.6821],[151.1039,-33.6804],[151.1028,-33.6712],[151.1112,-33.6574],[151.1105,-33.652],[151.1153,-33.6464],[151.1259,-33.6528],[151.129,-33.6578],[151.1239,-33.6639],[151.1313,-33.668],[151.1454,-33.6656],[151.1483,-33.6561],[151.1538,-33.6519],[151.1613,-33.6503]]]}},{"type":"Feature","properties":{"name":"Mount Kuring-Gai","centroid":[151.13554,-33.64616],"areaDeg2":0.00107167},"geometry":{"type":"Polygon","coordinates":[[[151.1652,-33.6409],[151.1613,-33.6503],[151.1538,-33.6519],[151.1483,-33.6561],[151.1454,-33.6656],[151.1313,-33.668],[151.1239,-33.6639],[151.129,-33.6578],[151.1259,-33.6528],[151.1153,-33.6464],[151.1203,-33.643],[151.1178,-33.635],[151.1191,-33.6261],[151.1241,-33.6184],[151.1297,-33.6217],[151.1323,-33.6321],[151.1371,-33.6333],[151.137,-33.64],[151.1439,-33.6397],[151.1533,-33.6435],[151.1652,-33.6409]]]}},{"type":"Feature","properties":{"name":"Mount Lewis","centroid":[151.04961,-33.91614],"areaDeg2":0.00001792},"geometry":{"type":"Polygon","coordinates":[[[151.0559,-33.9161],[151.0474,-33.9181],[151.0455,-33.9143],[151.0559,-33.9161]]]}},{"type":"Feature","properties":{"name":"Mount Pritchard","centroid":[150.90303,-33.90334],"areaDeg2":0.00030197},"geometry":{"type":"Polygon","coordinates":[[[150.8995,-33.8943],[150.9144,-33.8978],[150.9124,-33.9082],[150.9102,-33.9104],[150.9101,-33.9104],[150.9077,-33.9142],[150.8996,-33.9097],[150.8879,-33.9041],[150.8995,-33.8943]]]}},{"type":"Feature","properties":{"name":"Naremburn","centroid":[151.20087,-33.81685],"areaDeg2":0.00010377},"geometry":{"type":"Polygon","coordinates":[[[151.2056,-33.8135],[151.2104,-33.8177],[151.2046,-33.8202],[151.1991,-33.8221],[151.1936,-33.8176],[151.1938,-33.8126],[151.2056,-33.8135]]]}},{"type":"Feature","properties":{"name":"Narrabeen","centroid":[151.28948,-33.71559],"areaDeg2":0.00045899},"geometry":{"type":"Polygon","coordinates":[[[151.3086,-33.7037],[151.3003,-33.7179],[151.3003,-33.7249],[151.2942,-33.7242],[151.2872,-33.7247],[151.2742,-33.7225],[151.2698,-33.7164],[151.2749,-33.7123],[151.2809,-33.7088],[151.2928,-33.7123],[151.2979,-33.7039],[151.3086,-33.7037]]]}},{"type":"Feature","properties":{"name":"Narraweena","centroid":[151.27322,-33.74896],"areaDeg2":0.00015725},"geometry":{"type":"Polygon","coordinates":[[[151.2808,-33.7439],[151.2777,-33.7574],[151.2682,-33.7546],[151.2697,-33.7511],[151.2637,-33.7463],[151.2679,-33.7425],[151.2808,-33.7439]]]}},{"type":"Feature","properties":{"name":"Narwee","centroid":[151.06896,-33.9452],"areaDeg2":0.00007831},"geometry":{"type":"Polygon","coordinates":[[[151.0735,-33.9412],[151.0744,-33.9459],[151.0745,-33.9464],[151.0646,-33.9522],[151.0655,-33.9398],[151.0735,-33.9412]]]}},{"type":"Feature","properties":{"name":"Nelson","centroid":[150.92167,-33.64577],"areaDeg2":0.00044605},"geometry":{"type":"Polygon","coordinates":[[[150.923,-33.6279],[150.9232,-33.6279],[150.9231,-33.628],[150.9231,-33.628],[150.923,-33.6284],[150.923,-33.6285],[150.924,-33.6299],[150.9242,-33.6302],[150.927,-33.6354],[150.9274,-33.6358],[150.9244,-33.6393],[150.9248,-33.6397],[150.9262,-33.6417],[150.9265,-33.6419],[150.9278,-33.6419],[150.9281,-33.6418],[150.9282,-33.6418],[150.9285,-33.6417],[150.9315,-33.6409],[150.9317,-33.6409],[150.9362,-33.6418],[150.9362,-33.6419],[150.9378,-33.6447],[150.9377,-33.6451],[150.9365,-33.6476],[150.9364,-33.6479],[150.9338,-33.6507],[150.9337,-33.6505],[150.9333,-33.6492],[150.9329,-33.6489],[150.9307,-33.6483],[150.9305,-33.6483],[150.9302,-33.6483],[150.93,-33.6484],[150.9279,-33.6491],[150.9278,-33.6492],[150.9278,-33.6519],[150.9278,-33.652],[150.9271,-33.6538],[150.927,-33.654],[150.927,-33.6549],[150.9271,-33.655],[150.9272,-33.655],[150.9199,-33.6606],[150.9133,-33.6562],[150.9133,-33.6561],[150.9088,-33.6456],[150.923,-33.6279]]]}},{"type":"Feature","properties":{"name":"Neutral Bay","centroid":[151.21815,-33.835],"areaDeg2":0.00012435},"geometry":{"type":"Polygon","coordinates":[[[151.2229,-33.8375],[151.2204,-33.8419],[151.2152,-33.8411],[151.2114,-33.8386],[151.2146,-33.8298],[151.2173,-33.828],[151.2246,-33.8302],[151.2229,-33.8375]]]}},{"type":"Feature","properties":{"name":"Newington","centroid":[151.05405,-33.83899],"areaDeg2":0.00006492},"geometry":{"type":"Polygon","coordinates":[[[151.0503,-33.8463],[151.047,-33.8436],[151.0527,-33.8407],[151.0544,-33.8314],[151.0593,-33.8326],[151.0551,-33.8434],[151.0503,-33.8463]]]}},{"type":"Feature","properties":{"name":"Newport","centroid":[151.31514,-33.65619],"areaDeg2":0.0003964},"geometry":{"type":"Polygon","coordinates":[[[151.3065,-33.6422],[151.3081,-33.6425],[151.3089,-33.6514],[151.3161,-33.6464],[151.3218,-33.6462],[151.3228,-33.6464],[151.3234,-33.6475],[151.3229,-33.6473],[151.3226,-33.6476],[151.3241,-33.6479],[151.3254,-33.647],[151.3267,-33.6476],[151.3269,-33.648],[151.3277,-33.648],[151.324,-33.6526],[151.325,-33.6644],[151.3184,-33.6705],[151.3106,-33.6668],[151.3083,-33.6589],[151.301,-33.6505],[151.3065,-33.6422]]]}},{"type":"Feature","properties":{"name":"Newtown","centroid":[151.17892,-33.89917],"areaDeg2":0.00018043},"geometry":{"type":"Polygon","coordinates":[[[151.1883,-33.8914],[151.1893,-33.8941],[151.1852,-33.8968],[151.1815,-33.9067],[151.175,-33.9088],[151.173,-33.9048],[151.1713,-33.8955],[151.1715,-33.8943],[151.1883,-33.8914]]]}},{"type":"Feature","properties":{"name":"Normanhurst","centroid":[151.09585,-33.72375],"areaDeg2":0.00020907},"geometry":{"type":"Polygon","coordinates":[[[151.0998,-33.7157],[151.1049,-33.7203],[151.1006,-33.7305],[151.0926,-33.733],[151.0875,-33.7268],[151.0906,-33.7164],[151.0998,-33.7157]]]}},{"type":"Feature","properties":{"name":"North Balgowlah","centroid":[151.25082,-33.78662],"areaDeg2":0.0001066},"geometry":{"type":"Polygon","coordinates":[[[151.2556,-33.7838],[151.2599,-33.7885],[151.2536,-33.7924],[151.2422,-33.786],[151.2432,-33.7816],[151.2556,-33.7838]]]}},{"type":"Feature","properties":{"name":"North Bondi","centroid":[151.27701,-33.88358],"areaDeg2":0.0001097},"geometry":{"type":"Polygon","coordinates":[[[151.2774,-33.8786],[151.2848,-33.8834],[151.2819,-33.8913],[151.276,-33.8855],[151.2679,-33.8851],[151.2705,-33.8791],[151.2774,-33.8786]]]}},{"type":"Feature","properties":{"name":"North Curl Curl","centroid":[151.29006,-33.76349],"areaDeg2":0.00014576},"geometry":{"type":"Polygon","coordinates":[[[151.3018,-33.7614],[151.2995,-33.7671],[151.2791,-33.7669],[151.2803,-33.7608],[151.2884,-33.759],[151.3018,-33.7614]]]}},{"type":"Feature","properties":{"name":"North Epping","centroid":[151.09405,-33.75892],"areaDeg2":0.00019633},"geometry":{"type":"Polygon","coordinates":[[[151.1001,-33.7535],[151.1054,-33.7612],[151.0983,-33.7654],[151.0841,-33.7626],[151.0856,-33.7536],[151.0889,-33.7529],[151.1001,-33.7535]]]}},{"type":"Feature","properties":{"name":"North Harbour","centroid":[151.27692,-33.81335],"areaDeg2":0.00045398},"geometry":{"type":"Polygon","coordinates":[[[151.2689,-33.7978],[151.2689,-33.7978],[151.2765,-33.8005],[151.2766,-33.8004],[151.2772,-33.8001],[151.2867,-33.802],[151.2894,-33.8099],[151.2856,-33.819],[151.2878,-33.8209],[151.2689,-33.8273],[151.2664,-33.8238],[151.2616,-33.8179],[151.2633,-33.8154],[151.2731,-33.8126],[151.2751,-33.8082],[151.2698,-33.8024],[151.2683,-33.7977],[151.2689,-33.7978]]]}},{"type":"Feature","properties":{"name":"North Manly","centroid":[151.27304,-33.77565],"areaDeg2":0.00011412},"geometry":{"type":"Polygon","coordinates":[[[151.2786,-33.7693],[151.2744,-33.7718],[151.2788,-33.7813],[151.279,-33.7813],[151.2793,-33.7814],[151.2809,-33.7833],[151.2812,-33.7833],[151.2815,-33.7833],[151.2817,-33.7833],[151.2822,-33.7834],[151.2824,-33.7835],[151.2825,-33.7842],[151.2765,-33.7847],[151.2742,-33.779],[151.2671,-33.778],[151.2662,-33.77],[151.2788,-33.7684],[151.2786,-33.7693]]]}},{"type":"Feature","properties":{"name":"North Narrabeen","centroid":[151.29055,-33.70366],"areaDeg2":0.00029505},"geometry":{"type":"Polygon","coordinates":[[[151.3103,-33.7032],[151.3086,-33.7037],[151.2979,-33.7039],[151.2928,-33.7123],[151.2809,-33.7088],[151.2749,-33.7123],[151.2716,-33.7061],[151.2655,-33.7057],[151.2816,-33.7062],[151.2868,-33.6966],[151.2832,-33.6917],[151.2835,-33.6918],[151.2919,-33.6965],[151.3075,-33.6998],[151.3103,-33.7032]]]}},{"type":"Feature","properties":{"name":"North Parramatta","centroid":[151.01146,-33.79648],"areaDeg2":0.00048884},"geometry":{"type":"Polygon","coordinates":[[[150.999,-33.804],[150.9961,-33.7988],[150.9998,-33.7934],[151.0081,-33.7879],[151.0101,-33.7836],[151.0212,-33.7826],[151.0278,-33.788],[151.0223,-33.7899],[151.0155,-33.7984],[151.025,-33.8041],[151.0202,-33.808],[151.007,-33.8089],[150.999,-33.804]]]}},{"type":"Feature","properties":{"name":"North Rocks","centroid":[151.01752,-33.77219],"areaDeg2":0.00055119},"geometry":{"type":"Polygon","coordinates":[[[151.0293,-33.7634],[151.0321,-33.7721],[151.0313,-33.7786],[151.0212,-33.7826],[151.0101,-33.7836],[151.0081,-33.7879],[150.9998,-33.7934],[151.0097,-33.7798],[151.0057,-33.7753],[151.0051,-33.767],[151.0104,-33.7591],[151.0192,-33.7594],[151.0293,-33.7634]]]}},{"type":"Feature","properties":{"name":"North Ryde","centroid":[151.12969,-33.79661],"areaDeg2":0.00049879},"geometry":{"type":"Polygon","coordinates":[[[151.1169,-33.7842],[151.1262,-33.7878],[151.1344,-33.7942],[151.1484,-33.7943],[151.1568,-33.7921],[151.1568,-33.7926],[151.1545,-33.7933],[151.1541,-33.8001],[151.1527,-33.7986],[151.1444,-33.7997],[151.1424,-33.8066],[151.1335,-33.8035],[151.1272,-33.8094],[151.1281,-33.8076],[151.1138,-33.7978],[151.1101,-33.7936],[151.1169,-33.7842]]]}},{"type":"Feature","properties":{"name":"North Strathfield","centroid":[151.08949,-33.85932],"areaDeg2":0.00009779},"geometry":{"type":"Polygon","coordinates":[[[151.0924,-33.8536],[151.0949,-33.8669],[151.0907,-33.8655],[151.0881,-33.8651],[151.0827,-33.8538],[151.0924,-33.8536]]]}},{"type":"Feature","properties":{"name":"North Sydney","centroid":[151.20854,-33.8369],"areaDeg2":0.00014864},"geometry":{"type":"Polygon","coordinates":[[[151.2146,-33.8298],[151.2114,-33.8386],[151.2152,-33.8411],[151.2167,-33.8451],[151.2117,-33.8437],[151.2106,-33.8436],[151.2057,-33.8427],[151.2005,-33.8404],[151.2043,-33.8327],[151.2033,-33.8312],[151.2087,-33.8289],[151.2146,-33.8298]]]}},{"type":"Feature","properties":{"name":"North Turramurra","centroid":[151.15343,-33.68809],"areaDeg2":0.00114159},"geometry":{"type":"Polygon","coordinates":[[[151.1676,-33.688],[151.1562,-33.7046],[151.1539,-33.7157],[151.1495,-33.7229],[151.1434,-33.7164],[151.1441,-33.7087],[151.1408,-33.6969],[151.1377,-33.6931],[151.1378,-33.6844],[151.138,-33.6834],[151.1389,-33.6776],[151.1466,-33.6747],[151.1494,-33.6694],[151.1614,-33.66],[151.1689,-33.6673],[151.167,-33.6732],[151.1716,-33.6771],[151.1676,-33.688]]]}},{"type":"Feature","properties":{"name":"North Wahroonga","centroid":[151.13137,-33.69815],"areaDeg2":0.00037069},"geometry":{"type":"Polygon","coordinates":[[[151.1441,-33.7087],[151.1225,-33.7052],[151.1181,-33.7019],[151.1215,-33.6923],[151.1378,-33.6844],[151.1377,-33.6931],[151.1408,-33.6969],[151.1441,-33.7087]]]}},{"type":"Feature","properties":{"name":"North Willoughby","centroid":[151.2,-33.79551],"areaDeg2":0.00008335},"geometry":{"type":"Polygon","coordinates":[[[151.2082,-33.7947],[151.2015,-33.7967],[151.2011,-33.7969],[151.2012,-33.7974],[151.2012,-33.7975],[151.2029,-33.8011],[151.1938,-33.7994],[151.1951,-33.7932],[151.203,-33.7902],[151.2082,-33.7947]]]}},{"type":"Feature","properties":{"name":"Northbridge","centroid":[151.21861,-33.81108],"areaDeg2":0.00026729},"geometry":{"type":"Polygon","coordinates":[[[151.2166,-33.8055],[151.2256,-33.8049],[151.2322,-33.8069],[151.2305,-33.8136],[151.22,-33.8177],[151.2104,-33.8177],[151.2056,-33.8135],[151.2091,-33.8054],[151.2166,-33.8055]]]}},{"type":"Feature","properties":{"name":"Northmead","centroid":[150.99446,-33.78726],"areaDeg2":0.00043731},"geometry":{"type":"Polygon","coordinates":[[[150.9998,-33.7934],[150.9961,-33.7988],[150.9802,-33.8],[150.9792,-33.7995],[150.9837,-33.7948],[150.9771,-33.7896],[150.9794,-33.7848],[150.9855,-33.7885],[150.9927,-33.7805],[150.997,-33.7815],[151.001,-33.7712],[151.0051,-33.767],[151.0057,-33.7753],[151.0097,-33.7798],[150.9998,-33.7934]]]}},{"type":"Feature","properties":{"name":"Northwood","centroid":[151.17717,-33.82646],"areaDeg2":0.00001176},"geometry":{"type":"Polygon","coordinates":[[[151.1799,-33.8253],[151.1807,-33.8265],[151.175,-33.8283],[151.1746,-33.8254],[151.1799,-33.8253]]]}},{"type":"Feature","properties":{"name":"Oatlands","centroid":[151.02686,-33.79608],"areaDeg2":0.00022593},"geometry":{"type":"Polygon","coordinates":[[[151.0359,-33.801],[151.0292,-33.8041],[151.025,-33.8041],[151.0155,-33.7984],[151.0223,-33.7899],[151.0278,-33.788],[151.0343,-33.7863],[151.0331,-33.7921],[151.0359,-33.801]]]}},{"type":"Feature","properties":{"name":"Oatley","centroid":[151.07347,-33.98399],"areaDeg2":0.00057038},"geometry":{"type":"Polygon","coordinates":[[[151.0861,-33.9733],[151.0878,-33.9768],[151.0897,-33.9849],[151.085,-33.9888],[151.0871,-33.9947],[151.0733,-33.9961],[151.069,-33.9935],[151.0667,-33.9899],[151.0579,-33.9888],[151.0578,-33.9888],[151.0576,-33.9887],[151.0556,-33.9878],[151.0552,-33.9876],[151.0544,-33.9869],[151.0542,-33.9866],[151.0537,-33.9861],[151.0536,-33.9859],[151.0534,-33.9839],[151.0594,-33.9776],[151.0673,-33.9761],[151.0737,-33.9703],[151.0787,-33.976],[151.0861,-33.9733]]]}},{"type":"Feature","properties":{"name":"Old Guildford","centroid":[150.98393,-33.86429],"areaDeg2":0.00009593},"geometry":{"type":"Polygon","coordinates":[[[150.9855,-33.8705],[150.9802,-33.8698],[150.9791,-33.8602],[150.9825,-33.8571],[150.9906,-33.864],[150.9855,-33.8705]]]}},{"type":"Feature","properties":{"name":"Old Toongabbie","centroid":[150.96976,-33.78821],"areaDeg2":0.00011585},"geometry":{"type":"Polygon","coordinates":[[[150.9794,-33.7848],[150.9771,-33.7896],[150.9705,-33.7877],[150.9674,-33.7966],[150.964,-33.7979],[150.9631,-33.7953],[150.9669,-33.7812],[150.9794,-33.7848]]]}},{"type":"Feature","properties":{"name":"Oxford Falls","centroid":[151.24519,-33.7319],"areaDeg2":0.00065677},"geometry":{"type":"Polygon","coordinates":[[[151.2459,-33.7193],[151.2556,-33.7264],[151.2575,-33.7363],[151.264,-33.7365],[151.2679,-33.7425],[151.2637,-33.7463],[151.2537,-33.7428],[151.25,-33.7451],[151.2477,-33.741],[151.2271,-33.7389],[151.2339,-33.7167],[151.2379,-33.7147],[151.2459,-33.7193]]]}},{"type":"Feature","properties":{"name":"Oyster Bay","centroid":[151.08113,-34.00273],"areaDeg2":0.00029189},"geometry":{"type":"Polygon","coordinates":[[[151.0909,-34.0061],[151.0896,-34.0078],[151.0785,-34.0113],[151.0761,-34.0177],[151.0763,-34.0109],[151.0718,-34.0082],[151.0701,-34.0015],[151.0733,-33.9961],[151.0871,-33.9947],[151.0921,-33.9951],[151.0909,-34.0061]]]}},{"type":"Feature","properties":{"name":"Paddington","centroid":[151.22804,-33.88369],"areaDeg2":0.00015386},"geometry":{"type":"Polygon","coordinates":[[[151.2375,-33.883],[151.2331,-33.8895],[151.2287,-33.8896],[151.2182,-33.8855],[151.2182,-33.8851],[151.2191,-33.8818],[151.2295,-33.8768],[151.2375,-33.883]]]}},{"type":"Feature","properties":{"name":"Padstow","centroid":[151.03202,-33.95072],"areaDeg2":0.00053618},"geometry":{"type":"Polygon","coordinates":[[[151.0392,-33.9349],[151.0405,-33.9427],[151.042,-33.9544],[151.0422,-33.963],[151.0326,-33.9658],[151.0224,-33.9638],[151.022,-33.9522],[151.0248,-33.9357],[151.0392,-33.9349]]]}},{"type":"Feature","properties":{"name":"Padstow Heights","centroid":[151.03349,-33.97029],"areaDeg2":0.00022888},"geometry":{"type":"Polygon","coordinates":[[[151.0453,-33.9706],[151.0412,-33.9742],[151.0409,-33.9744],[151.0405,-33.9746],[151.0398,-33.975],[151.0393,-33.9753],[151.0391,-33.9753],[151.0385,-33.9757],[151.0366,-33.9765],[151.0227,-33.9767],[151.0247,-33.969],[151.0224,-33.9638],[151.0326,-33.9658],[151.0422,-33.963],[151.0453,-33.9706]]]}},{"type":"Feature","properties":{"name":"Pagewood","centroid":[151.21799,-33.93784],"areaDeg2":0.00024851},"geometry":{"type":"Polygon","coordinates":[[[151.2299,-33.9318],[151.2303,-33.9337],[151.2284,-33.9401],[151.2215,-33.9454],[151.2168,-33.9422],[151.2092,-33.9455],[151.2042,-33.9392],[151.197,-33.9373],[151.2075,-33.9359],[151.2083,-33.9359],[151.2086,-33.936],[151.2167,-33.9374],[151.2171,-33.9372],[151.2202,-33.9307],[151.2201,-33.9292],[151.2207,-33.9277],[151.2299,-33.9318]]]}},{"type":"Feature","properties":{"name":"Panania","centroid":[150.99692,-33.95364],"areaDeg2":0.00044806},"geometry":{"type":"Polygon","coordinates":[[[151.0095,-33.9621],[151.0014,-33.9666],[150.9939,-33.9664],[150.9953,-33.9559],[150.9884,-33.9549],[150.9819,-33.9581],[150.9806,-33.9537],[150.9829,-33.9451],[150.9995,-33.9434],[151.0065,-33.9439],[151.006,-33.9526],[151.0108,-33.9528],[151.0095,-33.9621]]]}},{"type":"Feature","properties":{"name":"Parklea","centroid":[150.91728,-33.72584],"areaDeg2":0.00009871},"geometry":{"type":"Polygon","coordinates":[[[150.925,-33.7273],[150.9214,-33.7312],[150.9135,-33.7297],[150.9103,-33.7218],[150.9167,-33.72],[150.925,-33.7273]]]}},{"type":"Feature","properties":{"name":"Parramatta","centroid":[151.007,-33.81476],"areaDeg2":0.00053121},"geometry":{"type":"Polygon","coordinates":[[[151.025,-33.8041],[151.0292,-33.8041],[151.028,-33.809],[151.0258,-33.8146],[151.022,-33.818],[151.0167,-33.8204],[151.0097,-33.8179],[151.0071,-33.8245],[150.9943,-33.8267],[150.9883,-33.8239],[150.9936,-33.8186],[150.99,-33.811],[150.999,-33.804],[151.007,-33.8089],[151.0202,-33.808],[151.025,-33.8041]]]}},{"type":"Feature","properties":{"name":"Peakhurst","centroid":[151.05582,-33.96191],"areaDeg2":0.0003732},"geometry":{"type":"Polygon","coordinates":[[[151.0646,-33.9522],[151.0737,-33.9607],[151.0738,-33.9612],[151.0599,-33.9685],[151.0513,-33.9713],[151.0499,-33.9706],[151.0497,-33.9709],[151.0494,-33.9708],[151.0493,-33.9708],[151.0493,-33.9708],[151.0493,-33.9708],[151.0493,-33.9708],[151.0453,-33.9706],[151.0422,-33.963],[151.042,-33.9544],[151.0573,-33.9572],[151.0646,-33.9522]]]}},{"type":"Feature","properties":{"name":"Peakhurst Heights","centroid":[151.05446,-33.97629],"areaDeg2":0.00008244},"geometry":{"type":"Polygon","coordinates":[[[151.0594,-33.9776],[151.0534,-33.9839],[151.0533,-33.9836],[151.0531,-33.9835],[151.0527,-33.9832],[151.0518,-33.9828],[151.0518,-33.9827],[151.0516,-33.9825],[151.0512,-33.9819],[151.0511,-33.9817],[151.0501,-33.9806],[151.05,-33.9803],[151.0505,-33.9781],[151.0507,-33.9778],[151.0513,-33.9763],[151.0515,-33.9761],[151.0515,-33.9751],[151.0515,-33.975],[151.0513,-33.9745],[151.0513,-33.9744],[151.0513,-33.9742],[151.0513,-33.9742],[151.0513,-33.9741],[151.0513,-33.974],[151.0516,-33.9738],[151.0516,-33.9738],[151.0518,-33.9735],[151.0518,-33.9735],[151.0517,-33.973],[151.0517,-33.973],[151.0517,-33.9729],[151.0517,-33.9729],[151.0511,-33.9726],[151.0511,-33.9726],[151.0511,-33.9719],[151.0512,-33.9719],[151.0514,-33.9716],[151.0514,-33.9716],[151.0514,-33.9715],[151.0514,-33.9714],[151.0514,-33.9713],[151.0514,-33.9713],[151.0513,-33.9713],[151.0599,-33.9685],[151.0562,-33.9748],[151.0594,-33.9776]]]}},{"type":"Feature","properties":{"name":"Pemulwuy","centroid":[150.92398,-33.82028],"areaDeg2":0.00037153},"geometry":{"type":"Polygon","coordinates":[[[150.9343,-33.8117],[150.9342,-33.8119],[150.9318,-33.8274],[150.9264,-33.8281],[150.9162,-33.837],[150.9144,-33.8323],[150.9183,-33.8097],[150.9285,-33.8069],[150.9343,-33.8117]]]}},{"type":"Feature","properties":{"name":"Pendle Hill","centroid":[150.95587,-33.80375],"areaDeg2":0.0001968},"geometry":{"type":"Polygon","coordinates":[[[150.9631,-33.7953],[150.964,-33.7979],[150.9634,-33.8007],[150.963,-33.8007],[150.9585,-33.8131],[150.9459,-33.8096],[150.9519,-33.8004],[150.9525,-33.7956],[150.9631,-33.7953]]]}},{"type":"Feature","properties":{"name":"Pennant Hills","centroid":[151.07336,-33.73821],"areaDeg2":0.00066585},"geometry":{"type":"Polygon","coordinates":[[[151.0581,-33.7192],[151.0695,-33.725],[151.0749,-33.7328],[151.075,-33.7329],[151.0912,-33.7389],[151.0928,-33.7459],[151.1001,-33.7535],[151.0889,-33.7529],[151.0801,-33.7502],[151.0641,-33.7419],[151.0566,-33.7424],[151.0543,-33.7324],[151.0581,-33.7192]]]}},{"type":"Feature","properties":{"name":"Penshurst","centroid":[151.08668,-33.96457],"areaDeg2":0.00025097},"geometry":{"type":"Polygon","coordinates":[[[151.0859,-33.9544],[151.0983,-33.9701],[151.0878,-33.9768],[151.0861,-33.9733],[151.0791,-33.9623],[151.0738,-33.9612],[151.0737,-33.9607],[151.083,-33.9532],[151.0859,-33.9544]]]}},{"type":"Feature","properties":{"name":"Petersham","centroid":[151.15506,-33.89434],"areaDeg2":0.00013136},"geometry":{"type":"Polygon","coordinates":[[[151.161,-33.8985],[151.149,-33.901],[151.1491,-33.8899],[151.1614,-33.8879],[151.161,-33.8985]]]}},{"type":"Feature","properties":{"name":"Phillip Bay","centroid":[151.23168,-33.97964],"areaDeg2":0.00006131},"geometry":{"type":"Polygon","coordinates":[[[151.2369,-33.977],[151.2354,-33.9843],[151.2282,-33.9821],[151.2255,-33.9765],[151.226,-33.9761],[151.2369,-33.977]]]}},{"type":"Feature","properties":{"name":"Picnic Point","centroid":[151.00597,-33.9736],"areaDeg2":0.0003784},"geometry":{"type":"Polygon","coordinates":[[[151.0156,-33.9643],[151.013,-33.9667],[151.0191,-33.9783],[151.015,-33.9828],[150.9969,-33.9823],[150.9946,-33.9798],[150.9973,-33.976],[150.9979,-33.9757],[150.994,-33.9712],[150.9908,-33.9675],[150.9939,-33.9664],[151.0014,-33.9666],[151.0095,-33.9621],[151.0156,-33.9643]]]}},{"type":"Feature","properties":{"name":"Pittwater","centroid":[151.30355,-33.62157],"areaDeg2":0.00176668},"geometry":{"type":"Polygon","coordinates":[[[151.316,-33.6024],[151.3161,-33.6025],[151.3255,-33.611],[151.3276,-33.6193],[151.317,-33.6237],[151.3153,-33.6286],[151.3052,-33.6378],[151.3065,-33.6422],[151.301,-33.6505],[151.3083,-33.6589],[151.3106,-33.6668],[151.3039,-33.6634],[151.3055,-33.6613],[151.2894,-33.6536],[151.2893,-33.6535],[151.289,-33.6533],[151.2847,-33.6444],[151.2786,-33.6474],[151.2753,-33.6554],[151.2752,-33.6555],[151.2715,-33.6564],[151.2714,-33.6564],[151.2673,-33.6569],[151.2735,-33.6555],[151.2746,-33.6451],[151.2803,-33.6409],[151.2799,-33.6407],[151.2826,-33.6368],[151.2735,-33.6353],[151.2759,-33.6328],[151.2829,-33.6316],[151.2829,-33.6316],[151.2838,-33.6316],[151.2838,-33.6316],[151.2882,-33.6295],[151.2882,-33.6294],[151.2898,-33.6287],[151.2899,-33.6287],[151.2906,-33.6283],[151.2831,-33.6237],[151.2816,-33.6196],[151.2847,-33.6225],[151.2947,-33.6228],[151.3027,-33.6209],[151.3002,-33.6153],[151.3043,-33.6065],[151.3026,-33.6026],[151.2976,-33.6046],[151.2975,-33.6046],[151.2935,-33.6065],[151.2988,-33.5973],[151.3031,-33.5942],[151.3011,-33.5891],[151.307,-33.5866],[151.3109,-33.5795],[151.3225,-33.5798],[151.3261,-33.5823],[151.3189,-33.5937],[151.316,-33.6024]],[[151.2923,-33.636],[151.2863,-33.6405],[151.2925,-33.6441],[151.2957,-33.6408],[151.2923,-33.636]]]}},{"type":"Feature","properties":{"name":"Pleasure Point","centroid":[150.98355,-33.96957],"areaDeg2":0.00015086},"geometry":{"type":"Polygon","coordinates":[[[150.9908,-33.9675],[150.994,-33.9712],[150.9885,-33.9772],[150.9918,-33.9812],[150.9838,-33.9736],[150.9685,-33.9647],[150.9807,-33.9643],[150.9908,-33.9675]]]}},{"type":"Feature","properties":{"name":"Point Piper","centroid":[151.25048,-33.87076],"areaDeg2":0.00000546},"geometry":{"type":"Polygon","coordinates":[[[151.2533,-33.8684],[151.2525,-33.8699],[151.2488,-33.8727],[151.248,-33.8717],[151.2533,-33.8684]]]}},{"type":"Feature","properties":{"name":"Port Botany","centroid":[151.21686,-33.97593],"areaDeg2":0.00023374},"geometry":{"type":"Polygon","coordinates":[[[151.226,-33.9761],[151.2255,-33.9765],[151.2123,-33.9869],[151.2072,-33.9829],[151.2101,-33.9718],[151.2207,-33.9684],[151.2203,-33.9632],[151.225,-33.9663],[151.226,-33.9761]]]}},{"type":"Feature","properties":{"name":"Port Hacking","centroid":[151.12578,-34.06924],"areaDeg2":0.00007997},"geometry":{"type":"Polygon","coordinates":[[[151.1231,-34.0648],[151.1323,-34.0674],[151.1304,-34.0734],[151.125,-34.0731],[151.1213,-34.0734],[151.1204,-34.0638],[151.1231,-34.0648]]]}},{"type":"Feature","properties":{"name":"Potts Hill","centroid":[151.03241,-33.89278],"areaDeg2":0.00011197},"geometry":{"type":"Polygon","coordinates":[[[151.0393,-33.8878],[151.0385,-33.8919],[151.0351,-33.8987],[151.0261,-33.8975],[151.0276,-33.8879],[151.0393,-33.8878]]]}},{"type":"Feature","properties":{"name":"Potts Point","centroid":[151.22383,-33.87169],"areaDeg2":0.00003236},"geometry":{"type":"Polygon","coordinates":[[[151.2275,-33.8681],[151.2252,-33.874],[151.2244,-33.876],[151.2214,-33.8751],[151.2213,-33.869],[151.2275,-33.8681]]]}},{"type":"Feature","properties":{"name":"Prairiewood","centroid":[150.90496,-33.86348],"areaDeg2":0.00018974},"geometry":{"type":"Polygon","coordinates":[[[150.9164,-33.8589],[150.9179,-33.8591],[150.9107,-33.8654],[150.9008,-33.8741],[150.8979,-33.8683],[150.898,-33.8564],[150.9164,-33.8589]]]}},{"type":"Feature","properties":{"name":"Prospect","centroid":[150.89974,-33.81275],"areaDeg2":0.00139959},"geometry":{"type":"Polygon","coordinates":[[[150.9191,-33.7926],[150.9259,-33.797],[150.9307,-33.8056],[150.9285,-33.8069],[150.9183,-33.8097],[150.9144,-33.8323],[150.9084,-33.8251],[150.8834,-33.8324],[150.871,-33.8239],[150.8728,-33.8107],[150.879,-33.8053],[150.8857,-33.807],[150.889,-33.8024],[150.896,-33.803],[150.9037,-33.8004],[150.9054,-33.791],[150.9191,-33.7926]]]}},{"type":"Feature","properties":{"name":"Punchbowl","centroid":[151.05229,-33.92872],"areaDeg2":0.000434},"geometry":{"type":"Polygon","coordinates":[[[151.0642,-33.9166],[151.0653,-33.9173],[151.06,-33.922],[151.0638,-33.9312],[151.0615,-33.9381],[151.0442,-33.9388],[151.0405,-33.9427],[151.0392,-33.9349],[151.0474,-33.9181],[151.0559,-33.9161],[151.0642,-33.9166]]]}},{"type":"Feature","properties":{"name":"Putney","centroid":[151.10578,-33.82529],"areaDeg2":0.00012724},"geometry":{"type":"Polygon","coordinates":[[[151.1158,-33.8248],[151.1152,-33.8263],[151.1136,-33.8301],[151.1032,-33.8301],[151.0963,-33.8227],[151.1018,-33.8183],[151.1079,-33.823],[151.1158,-33.8248]]]}},{"type":"Feature","properties":{"name":"Pymble","centroid":[151.14033,-33.74409],"areaDeg2":0.00063221},"geometry":{"type":"Polygon","coordinates":[[[151.1477,-33.7308],[151.1555,-33.733],[151.1582,-33.7428],[151.1404,-33.7549],[151.1424,-33.7589],[151.1356,-33.7611],[151.1279,-33.7533],[151.12,-33.7513],[151.1394,-33.7296],[151.1477,-33.7308]]]}},{"type":"Feature","properties":{"name":"Pyrmont","centroid":[151.1933,-33.87],"areaDeg2":0.00007666},"geometry":{"type":"Polygon","coordinates":[[[151.1981,-33.8686],[151.1979,-33.8745],[151.194,-33.8761],[151.1923,-33.8739],[151.1871,-33.8684],[151.191,-33.864],[151.1981,-33.8686]]]}},{"type":"Feature","properties":{"name":"Quakers Hill","centroid":[150.88933,-33.7288],"areaDeg2":0.00096527},"geometry":{"type":"Polygon","coordinates":[[[150.8932,-33.7129],[150.9027,-33.7148],[150.9103,-33.7218],[150.9135,-33.7297],[150.9065,-33.7302],[150.9078,-33.7367],[150.8971,-33.7376],[150.8909,-33.7434],[150.8867,-33.7403],[150.8799,-33.7473],[150.8776,-33.7458],[150.8662,-33.7414],[150.8704,-33.7328],[150.8674,-33.7249],[150.8781,-33.7285],[150.8831,-33.7242],[150.876,-33.7121],[150.8932,-33.7129]]]}},{"type":"Feature","properties":{"name":"Queens Park","centroid":[151.2466,-33.89941],"areaDeg2":0.00008313},"geometry":{"type":"Polygon","coordinates":[[[151.2512,-33.8962],[151.2529,-33.9039],[151.2416,-33.9026],[151.2408,-33.8947],[151.2512,-33.8962]]]}},{"type":"Feature","properties":{"name":"Queenscliff","centroid":[151.28503,-33.78272],"areaDeg2":0.00003928},"geometry":{"type":"Polygon","coordinates":[[[151.2858,-33.7805],[151.286,-33.7807],[151.2877,-33.782],[151.2878,-33.7821],[151.2889,-33.7825],[151.2891,-33.7828],[151.2903,-33.7829],[151.2896,-33.7865],[151.2891,-33.7862],[151.2886,-33.7859],[151.2885,-33.7859],[151.2883,-33.7857],[151.2883,-33.7856],[151.2825,-33.7842],[151.2824,-33.7835],[151.2822,-33.7834],[151.2817,-33.7833],[151.2815,-33.7833],[151.2812,-33.7833],[151.2809,-33.7833],[151.2793,-33.7814],[151.279,-33.7813],[151.2788,-33.7813],[151.2829,-33.7796],[151.2831,-33.7795],[151.2833,-33.7793],[151.2835,-33.7793],[151.2837,-33.7793],[151.2837,-33.7796],[151.2858,-33.7805]]]}},{"type":"Feature","properties":{"name":"Ramsgate","centroid":[151.14004,-33.98204],"areaDeg2":0.00004258},"geometry":{"type":"Polygon","coordinates":[[[151.1434,-33.9856],[151.1352,-33.984],[151.1367,-33.9803],[151.1416,-33.9782],[151.1433,-33.9785],[151.1434,-33.9856]]]}},{"type":"Feature","properties":{"name":"Ramsgate Beach","centroid":[151.14629,-33.98226],"areaDeg2":0.00004286},"geometry":{"type":"Polygon","coordinates":[[[151.15,-33.9791],[151.1486,-33.9854],[151.1486,-33.9854],[151.1487,-33.9856],[151.1487,-33.9856],[151.1487,-33.9857],[151.1487,-33.9857],[151.1486,-33.9857],[151.1486,-33.9858],[151.1484,-33.9859],[151.148,-33.9858],[151.1479,-33.9862],[151.1471,-33.9862],[151.1471,-33.9865],[151.1471,-33.9866],[151.1463,-33.9864],[151.1462,-33.9863],[151.1462,-33.9863],[151.1457,-33.9859],[151.1453,-33.9859],[151.1438,-33.9859],[151.1436,-33.9856],[151.1434,-33.9856],[151.1433,-33.9785],[151.15,-33.9791]]]}},{"type":"Feature","properties":{"name":"Randwick","centroid":[151.24084,-33.91503],"areaDeg2":0.00050111},"geometry":{"type":"Polygon","coordinates":[[[151.2529,-33.9039],[151.2542,-33.9066],[151.2542,-33.9115],[151.2541,-33.9122],[151.2541,-33.9122],[151.2539,-33.9127],[151.2535,-33.913],[151.2508,-33.9109],[151.2506,-33.911],[151.2499,-33.9117],[151.2493,-33.9146],[151.2489,-33.9166],[151.2487,-33.9175],[151.2487,-33.9177],[151.2478,-33.9217],[151.249,-33.923],[151.2467,-33.9266],[151.2482,-33.9342],[151.2379,-33.9328],[151.2393,-33.9256],[151.2359,-33.919],[151.2258,-33.915],[151.2268,-33.9044],[151.2311,-33.9061],[151.2416,-33.9026],[151.2529,-33.9039]]]}},{"type":"Feature","properties":{"name":"Redfern","centroid":[151.20674,-33.89314],"areaDeg2":0.00011852},"geometry":{"type":"Polygon","coordinates":[[[151.217,-33.8919],[151.2159,-33.8975],[151.1991,-33.8952],[151.1975,-33.895],[151.1966,-33.8918],[151.1988,-33.8886],[151.2018,-33.8891],[151.217,-33.8919]]]}},{"type":"Feature","properties":{"name":"Regents Park","centroid":[151.02697,-33.8831],"areaDeg2":0.00019363},"geometry":{"type":"Polygon","coordinates":[[[151.0343,-33.8804],[151.0344,-33.8804],[151.0397,-33.8847],[151.0396,-33.8878],[151.0393,-33.8878],[151.0276,-33.8879],[151.0162,-33.8861],[151.0156,-33.8799],[151.0251,-33.8766],[151.0343,-33.8804]]]}},{"type":"Feature","properties":{"name":"Revesby","centroid":[151.01302,-33.94615],"areaDeg2":0.00053244},"geometry":{"type":"Polygon","coordinates":[[[151.006,-33.9343],[151.0199,-33.9346],[151.0248,-33.9357],[151.022,-33.9522],[151.0224,-33.9638],[151.0156,-33.9643],[151.0095,-33.9621],[151.0108,-33.9528],[151.006,-33.9526],[151.0065,-33.9439],[150.9995,-33.9434],[150.9971,-33.9328],[151.001,-33.931],[151.006,-33.9343]]]}},{"type":"Feature","properties":{"name":"Revesby Heights","centroid":[151.01945,-33.97002],"areaDeg2":0.00010821},"geometry":{"type":"Polygon","coordinates":[[[151.0227,-33.9767],[151.0191,-33.9783],[151.013,-33.9667],[151.0156,-33.9643],[151.0224,-33.9638],[151.0247,-33.969],[151.0227,-33.9767]]]}},{"type":"Feature","properties":{"name":"Rhodes","centroid":[151.0876,-33.82954],"areaDeg2":0.00009076},"geometry":{"type":"Polygon","coordinates":[[[151.0899,-33.8331],[151.0843,-33.8372],[151.0835,-33.8365],[151.0832,-33.8362],[151.0832,-33.8279],[151.0871,-33.8232],[151.0943,-33.8257],[151.0899,-33.8331]]]}},{"type":"Feature","properties":{"name":"Riverview","centroid":[151.16011,-33.82424],"areaDeg2":0.00012574},"geometry":{"type":"Polygon","coordinates":[[[151.1681,-33.8212],[151.1669,-33.8263],[151.1586,-33.8304],[151.1537,-33.8283],[151.1522,-33.8217],[151.1631,-33.8186],[151.1681,-33.8212]]]}},{"type":"Feature","properties":{"name":"Riverwood","centroid":[151.05321,-33.94701],"areaDeg2":0.00039541},"geometry":{"type":"Polygon","coordinates":[[[151.0615,-33.9381],[151.0655,-33.9398],[151.0646,-33.9522],[151.0573,-33.9572],[151.042,-33.9544],[151.0405,-33.9427],[151.0442,-33.9388],[151.0615,-33.9381]]]}},{"type":"Feature","properties":{"name":"Rockdale","centroid":[151.14029,-33.95277],"areaDeg2":0.0002198},"geometry":{"type":"Polygon","coordinates":[[[151.1337,-33.9436],[151.1362,-33.9471],[151.153,-33.9504],[151.1528,-33.9506],[151.1477,-33.9547],[151.1493,-33.9587],[151.1451,-33.9653],[151.1447,-33.9653],[151.1432,-33.9595],[151.1344,-33.956],[151.1284,-33.9469],[151.1304,-33.9432],[151.1337,-33.9436]]]}},{"type":"Feature","properties":{"name":"Rodd Point","centroid":[151.14186,-33.86511],"areaDeg2":0.00001227},"geometry":{"type":"Polygon","coordinates":[[[151.1416,-33.8684],[151.1395,-33.8637],[151.1445,-33.8632],[151.1416,-33.8684]]]}},{"type":"Feature","properties":{"name":"Rookwood","centroid":[151.05547,-33.8744],"areaDeg2":0.00028859},"geometry":{"type":"Polygon","coordinates":[[[151.0612,-33.8665],[151.0653,-33.8739],[151.0615,-33.883],[151.0586,-33.8843],[151.0493,-33.8858],[151.0514,-33.8834],[151.0464,-33.8737],[151.0482,-33.8649],[151.0568,-33.8646],[151.0612,-33.8665]]]}},{"type":"Feature","properties":{"name":"Rose Bay","centroid":[151.26926,-33.87321],"areaDeg2":0.00024319},"geometry":{"type":"Polygon","coordinates":[[[151.2789,-33.8647],[151.2774,-33.8786],[151.2705,-33.8791],[151.2679,-33.8851],[151.2678,-33.8852],[151.2603,-33.8755],[151.2525,-33.8699],[151.2533,-33.8684],[151.2614,-33.8725],[151.2697,-33.868],[151.2695,-33.8636],[151.2789,-33.8647]]]}},{"type":"Feature","properties":{"name":"Rosebery","centroid":[151.20494,-33.91918],"areaDeg2":0.0002002},"geometry":{"type":"Polygon","coordinates":[[[151.2143,-33.9244],[151.2129,-33.9241],[151.2128,-33.9241],[151.2124,-33.924],[151.2123,-33.9239],[151.2114,-33.9236],[151.2114,-33.9236],[151.2062,-33.9269],[151.1955,-33.9255],[151.1965,-33.9215],[151.2009,-33.9146],[151.2024,-33.9102],[151.2128,-33.9122],[151.2111,-33.9205],[151.2143,-33.9244]]]}},{"type":"Feature","properties":{"name":"Rosehill","centroid":[151.03063,-33.82584],"areaDeg2":0.00034353},"geometry":{"type":"Polygon","coordinates":[[[151.0492,-33.8243],[151.046,-33.8294],[151.035,-33.8319],[151.0301,-33.8352],[151.0274,-33.832],[151.0273,-33.8318],[151.0201,-33.8296],[151.013,-33.827],[151.0167,-33.8204],[151.022,-33.818],[151.0276,-33.8207],[151.0407,-33.8207],[151.0492,-33.8243]]]}},{"type":"Feature","properties":{"name":"Roselands","centroid":[151.07578,-33.93369],"areaDeg2":0.00026574},"geometry":{"type":"Polygon","coordinates":[[[151.0735,-33.9412],[151.0655,-33.9398],[151.0615,-33.9381],[151.0638,-33.9312],[151.0759,-33.9287],[151.0869,-33.9254],[151.0904,-33.9315],[151.085,-33.9358],[151.0735,-33.9412]]]}},{"type":"Feature","properties":{"name":"Roseville","centroid":[151.18198,-33.78353],"areaDeg2":0.00039027},"geometry":{"type":"Polygon","coordinates":[[[151.1966,-33.7821],[151.2007,-33.7849],[151.1806,-33.7909],[151.1664,-33.792],[151.1617,-33.7861],[151.1725,-33.7836],[151.1761,-33.7769],[151.1823,-33.7752],[151.193,-33.7733],[151.1966,-33.7821]]]}},{"type":"Feature","properties":{"name":"Roseville Chase","centroid":[151.19923,-33.77573],"areaDeg2":0.00010481},"geometry":{"type":"Polygon","coordinates":[[[151.1985,-33.7681],[151.2072,-33.7788],[151.1966,-33.7821],[151.193,-33.7733],[151.1985,-33.7681]]]}},{"type":"Feature","properties":{"name":"Rouse Hill","centroid":[150.91691,-33.67978],"areaDeg2":0.00106025},"geometry":{"type":"Polygon","coordinates":[[[150.9335,-33.6598],[150.9307,-33.666],[150.9352,-33.6689],[150.9297,-33.6767],[150.9339,-33.6874],[150.9352,-33.6968],[150.9288,-33.7003],[150.9224,-33.6906],[150.917,-33.6919],[150.9022,-33.6952],[150.8982,-33.6937],[150.8901,-33.6822],[150.9063,-33.6726],[150.9139,-33.6681],[150.9199,-33.6606],[150.9272,-33.655],[150.9335,-33.6598]]]}},{"type":"Feature","properties":{"name":"Rozelle","centroid":[151.17307,-33.86495],"areaDeg2":0.00017988},"geometry":{"type":"Polygon","coordinates":[[[151.1815,-33.8637],[151.1853,-33.8683],[151.1735,-33.8712],[151.1733,-33.8711],[151.1693,-33.8718],[151.1656,-33.8643],[151.1611,-33.8626],[151.1694,-33.8573],[151.1815,-33.8637]]]}},{"type":"Feature","properties":{"name":"Rushcutters Bay","centroid":[151.22771,-33.87491],"areaDeg2":0.00001506},"geometry":{"type":"Polygon","coordinates":[[[151.23,-33.873],[151.2306,-33.8741],[151.2294,-33.8762],[151.2295,-33.8768],[151.2244,-33.876],[151.2252,-33.874],[151.23,-33.873]]]}},{"type":"Feature","properties":{"name":"Russell Lea","centroid":[151.14141,-33.85887],"areaDeg2":0.00009476},"geometry":{"type":"Polygon","coordinates":[[[151.1498,-33.8621],[151.1445,-33.8632],[151.1395,-33.8637],[151.1347,-33.8587],[151.1365,-33.8553],[151.1365,-33.8552],[151.1361,-33.8548],[151.1376,-33.8538],[151.1415,-33.8533],[151.1419,-33.8534],[151.1498,-33.8621]]]}},{"type":"Feature","properties":{"name":"Rydalmere","centroid":[151.04097,-33.81264],"areaDeg2":0.00034333},"geometry":{"type":"Polygon","coordinates":[[[151.0514,-33.8236],[151.0495,-33.8238],[151.0447,-33.8189],[151.0351,-33.8191],[151.0258,-33.8146],[151.028,-33.809],[151.0318,-33.8051],[151.0462,-33.8058],[151.0505,-33.8035],[151.0528,-33.8112],[151.0514,-33.8236]]]}},{"type":"Feature","properties":{"name":"Ryde","centroid":[151.11154,-33.81015],"areaDeg2":0.00068046},"geometry":{"type":"Polygon","coordinates":[[[151.1158,-33.8248],[151.1079,-33.823],[151.1018,-33.8183],[151.0963,-33.8227],[151.093,-33.8196],[151.095,-33.8142],[151.103,-33.8073],[151.1,-33.8026],[151.1005,-33.8021],[151.1023,-33.7954],[151.105,-33.7911],[151.1101,-33.7936],[151.1138,-33.7978],[151.1281,-33.8076],[151.1272,-33.8094],[151.1352,-33.8141],[151.1244,-33.8159],[151.1158,-33.8248]]]}},{"type":"Feature","properties":{"name":"Sadleir","centroid":[150.89097,-33.91735],"areaDeg2":0.00008497},"geometry":{"type":"Polygon","coordinates":[[[150.896,-33.9214],[150.8894,-33.9225],[150.8851,-33.9194],[150.8873,-33.9137],[150.8943,-33.911],[150.896,-33.9214]]]}},{"type":"Feature","properties":{"name":"Sandringham","centroid":[151.14177,-33.99722],"areaDeg2":0.00004179},"geometry":{"type":"Polygon","coordinates":[[[151.1489,-33.9942],[151.1362,-34.0035],[151.1402,-33.994],[151.1489,-33.9942]]]}},{"type":"Feature","properties":{"name":"Sandy Point","centroid":[150.99317,-33.97658],"areaDeg2":0.00004897},"geometry":{"type":"Polygon","coordinates":[[[150.9946,-33.9798],[150.9923,-33.9819],[150.9918,-33.9812],[150.9885,-33.9772],[150.994,-33.9712],[150.9979,-33.9757],[150.9973,-33.976],[150.9946,-33.9798]]]}},{"type":"Feature","properties":{"name":"Sans Souci","centroid":[151.13151,-33.99576],"areaDeg2":0.00046908},"geometry":{"type":"Polygon","coordinates":[[[151.1434,-33.9856],[151.1436,-33.9856],[151.1438,-33.9859],[151.1453,-33.9859],[151.1457,-33.9859],[151.1462,-33.9863],[151.1462,-33.9863],[151.1463,-33.9864],[151.1471,-33.9866],[151.1471,-33.9865],[151.1471,-33.9862],[151.1479,-33.9862],[151.1486,-33.9926],[151.1402,-33.994],[151.1362,-34.0035],[151.1351,-34.0098],[151.1209,-34.0054],[151.1137,-34.0032],[151.121,-33.9948],[151.1246,-33.9907],[151.1303,-33.983],[151.1352,-33.984],[151.1434,-33.9856]]]}},{"type":"Feature","properties":{"name":"Scotland Island","centroid":[151.29145,-33.64027],"areaDeg2":0.00003787},"geometry":{"type":"Polygon","coordinates":[[[151.2923,-33.636],[151.2957,-33.6408],[151.2925,-33.6441],[151.2863,-33.6405],[151.2923,-33.636]]]}},{"type":"Feature","properties":{"name":"Seaforth","centroid":[151.24254,-33.79173],"areaDeg2":0.00027975},"geometry":{"type":"Polygon","coordinates":[[[151.2323,-33.7779],[151.2393,-33.7788],[151.2432,-33.7816],[151.2422,-33.786],[151.2536,-33.7924],[151.2524,-33.7979],[151.2503,-33.8002],[151.2423,-33.804],[151.2349,-33.7943],[151.2368,-33.7886],[151.2323,-33.7779]]]}},{"type":"Feature","properties":{"name":"Sefton","centroid":[151.01054,-33.88775],"areaDeg2":0.00018155},"geometry":{"type":"Polygon","coordinates":[[[151.0162,-33.8861],[151.0139,-33.8965],[151.0082,-33.8983],[151.0044,-33.8955],[151.0082,-33.8758],[151.013,-33.8784],[151.0156,-33.8799],[151.0162,-33.8861]]]}},{"type":"Feature","properties":{"name":"Seven Hills","centroid":[150.93905,-33.77687],"areaDeg2":0.00093707},"geometry":{"type":"Polygon","coordinates":[[[150.9554,-33.7584],[150.9588,-33.7678],[150.9669,-33.7812],[150.9559,-33.7806],[150.9515,-33.7774],[150.9441,-33.7824],[150.9433,-33.7871],[150.9259,-33.797],[150.9191,-33.7926],[150.921,-33.7855],[150.9196,-33.767],[150.9338,-33.7683],[150.9422,-33.7668],[150.9425,-33.7584],[150.9511,-33.7622],[150.9554,-33.7584]]]}},{"type":"Feature","properties":{"name":"Silverwater","centroid":[151.04559,-33.83447],"areaDeg2":0.00025416},"geometry":{"type":"Polygon","coordinates":[[[151.0593,-33.8326],[151.0544,-33.8314],[151.0527,-33.8407],[151.047,-33.8436],[151.0446,-33.8423],[151.0301,-33.8352],[151.035,-33.8319],[151.046,-33.8294],[151.0492,-33.8243],[151.0512,-33.8247],[151.0593,-33.8326]]]}},{"type":"Feature","properties":{"name":"Smithfield","centroid":[150.93839,-33.84854],"areaDeg2":0.00092811},"geometry":{"type":"Polygon","coordinates":[[[150.9579,-33.8379],[150.9605,-33.8442],[150.9551,-33.8543],[150.9548,-33.8556],[150.9474,-33.8631],[150.9338,-33.8613],[150.9179,-33.8591],[150.9164,-33.8589],[150.9187,-33.8483],[150.9241,-33.8419],[150.9251,-33.8336],[150.9579,-33.8379]]]}},{"type":"Feature","properties":{"name":"South Coogee","centroid":[151.25445,-33.93199],"areaDeg2":0.00011621},"geometry":{"type":"Polygon","coordinates":[[[151.2615,-33.9363],[151.2576,-33.9378],[151.2482,-33.9342],[151.2467,-33.9266],[151.2507,-33.9272],[151.2521,-33.9274],[151.2552,-33.9278],[151.2554,-33.9278],[151.2605,-33.9285],[151.2615,-33.9363]]]}},{"type":"Feature","properties":{"name":"South Granville","centroid":[151.01032,-33.8582],"areaDeg2":0.00022408},"geometry":{"type":"Polygon","coordinates":[[[151.0166,-33.847],[151.0163,-33.8565],[151.0138,-33.8603],[151.0145,-33.8688],[151.0038,-33.8707],[151.0065,-33.852],[151.0064,-33.8465],[151.0166,-33.847]]]}},{"type":"Feature","properties":{"name":"South Hurstville","centroid":[151.10534,-33.97722],"areaDeg2":0.00010496},"geometry":{"type":"Polygon","coordinates":[[[151.1083,-33.9721],[151.1142,-33.9766],[151.1134,-33.9779],[151.1023,-33.983],[151.0977,-33.9778],[151.0978,-33.9753],[151.1083,-33.9721]]]}},{"type":"Feature","properties":{"name":"South Turramurra","centroid":[151.1076,-33.75206],"areaDeg2":0.00030644},"geometry":{"type":"Polygon","coordinates":[[[151.1181,-33.7529],[151.1188,-33.7625],[151.1156,-33.7612],[151.1054,-33.7612],[151.1001,-33.7535],[151.0928,-33.7459],[151.1049,-33.7424],[151.1121,-33.7449],[151.1181,-33.7529]]]}},{"type":"Feature","properties":{"name":"South Wentworthville","centroid":[150.97056,-33.82044],"areaDeg2":0.00016815},"geometry":{"type":"Polygon","coordinates":[[[150.9807,-33.8227],[150.9806,-33.8228],[150.9694,-33.8248],[150.9625,-33.8286],[150.9624,-33.8178],[150.9646,-33.8145],[150.9808,-33.8172],[150.9818,-33.8179],[150.9807,-33.8227]]]}},{"type":"Feature","properties":{"name":"St Ives","centroid":[151.17211,-33.72506],"areaDeg2":0.00135543},"geometry":{"type":"Polygon","coordinates":[[[151.1905,-33.7076],[151.1877,-33.719],[151.1887,-33.7248],[151.1856,-33.7298],[151.1804,-33.7408],[151.1905,-33.7473],[151.1801,-33.7467],[151.1712,-33.7517],[151.1582,-33.7428],[151.1555,-33.733],[151.1477,-33.7308],[151.1495,-33.7229],[151.1539,-33.7157],[151.1654,-33.7179],[151.1656,-33.7131],[151.1763,-33.698],[151.1882,-33.6986],[151.1905,-33.7076]]]}},{"type":"Feature","properties":{"name":"St Ives Chase","centroid":[151.16456,-33.70395],"areaDeg2":0.00033501},"geometry":{"type":"Polygon","coordinates":[[[151.1539,-33.7157],[151.1562,-33.7046],[151.1676,-33.688],[151.1763,-33.698],[151.1656,-33.7131],[151.1654,-33.7179],[151.1539,-33.7157]]]}},{"type":"Feature","properties":{"name":"St Johns Park","centroid":[150.90171,-33.88276],"areaDeg2":0.00018929},"geometry":{"type":"Polygon","coordinates":[[[150.9094,-33.8864],[150.9027,-33.891],[150.8904,-33.8825],[150.9008,-33.8741],[150.9098,-33.8816],[150.9138,-33.8822],[150.9094,-33.8864]]]}},{"type":"Feature","properties":{"name":"St Leonards","centroid":[151.19332,-33.82285],"areaDeg2":0.00007066},"geometry":{"type":"Polygon","coordinates":[[[151.1936,-33.8176],[151.1991,-33.8221],[151.1979,-33.8253],[151.1927,-33.828],[151.1867,-33.8225],[151.1936,-33.8176]]]}},{"type":"Feature","properties":{"name":"St Peters","centroid":[151.17486,-33.91586],"areaDeg2":0.00016947},"geometry":{"type":"Polygon","coordinates":[[[151.1807,-33.9193],[151.1742,-33.9251],[151.168,-33.9203],[151.1673,-33.9137],[151.175,-33.9088],[151.1815,-33.9067],[151.1815,-33.9073],[151.1807,-33.9193]]]}},{"type":"Feature","properties":{"name":"Stanhope Gardens","centroid":[150.92669,-33.71571],"areaDeg2":0.00028614},"geometry":{"type":"Polygon","coordinates":[[[150.9378,-33.7204],[150.9322,-33.7215],[150.925,-33.7273],[150.9167,-33.72],[150.9176,-33.7161],[150.9236,-33.7052],[150.9303,-33.7042],[150.9378,-33.7204]]]}},{"type":"Feature","properties":{"name":"Stanmore","centroid":[151.16621,-33.89296],"areaDeg2":0.00010865},"geometry":{"type":"Polygon","coordinates":[[[151.1715,-33.8943],[151.1713,-33.8955],[151.1641,-33.8998],[151.161,-33.8985],[151.1614,-33.8879],[151.1621,-33.8881],[151.1725,-33.8875],[151.1715,-33.8943]]]}},{"type":"Feature","properties":{"name":"Strathfield","centroid":[151.08119,-33.87819],"areaDeg2":0.00067754},"geometry":{"type":"Polygon","coordinates":[[[151.0955,-33.8859],[151.0915,-33.8877],[151.0881,-33.8926],[151.0689,-33.886],[151.0615,-33.883],[151.0653,-33.8739],[151.0612,-33.8665],[151.0696,-33.8695],[151.0782,-33.8681],[151.0856,-33.8709],[151.0907,-33.8655],[151.0949,-33.8669],[151.101,-33.8684],[151.0984,-33.8714],[151.0955,-33.8859]]]}},{"type":"Feature","properties":{"name":"Strathfield South","centroid":[151.07746,-33.8954],"areaDeg2":0.00025866},"geometry":{"type":"Polygon","coordinates":[[[151.0915,-33.8877],[151.0904,-33.8932],[151.089,-33.8998],[151.0798,-33.8978],[151.0771,-33.9075],[151.0717,-33.9035],[151.0674,-33.8937],[151.0689,-33.886],[151.0881,-33.8926],[151.0915,-33.8877]]]}},{"type":"Feature","properties":{"name":"Summer Hill","centroid":[151.13741,-33.89284],"areaDeg2":0.00012321},"geometry":{"type":"Polygon","coordinates":[[[151.1429,-33.8953],[151.132,-33.9009],[151.1317,-33.8897],[151.1388,-33.8861],[151.145,-33.8897],[151.1429,-33.8953]]]}},{"type":"Feature","properties":{"name":"Surry Hills","centroid":[151.21179,-33.88568],"areaDeg2":0.00012489},"geometry":{"type":"Polygon","coordinates":[[[151.2182,-33.8851],[151.2182,-33.8855],[151.217,-33.8919],[151.2018,-33.8891],[151.2068,-33.8858],[151.2087,-33.8813],[151.2087,-33.8812],[151.2091,-33.8797],[151.2121,-33.8769],[151.2182,-33.8851]]]}},{"type":"Feature","properties":{"name":"Sutherland","centroid":[151.05645,-34.03084],"areaDeg2":0.00038963},"geometry":{"type":"Polygon","coordinates":[[[151.0668,-34.0217],[151.068,-34.0257],[151.0657,-34.0375],[151.0602,-34.0403],[151.0527,-34.0461],[151.0518,-34.05],[151.0537,-34.037],[151.0425,-34.0353],[151.0416,-34.034],[151.0517,-34.0202],[151.0668,-34.0217]]]}},{"type":"Feature","properties":{"name":"Sydenham","centroid":[151.16654,-33.91659],"areaDeg2":0.00001053},"geometry":{"type":"Polygon","coordinates":[[[151.168,-33.9203],[151.1643,-33.9158],[151.1673,-33.9137],[151.168,-33.9203]]]}},{"type":"Feature","properties":{"name":"Sydney","centroid":[151.20869,-33.86917],"areaDeg2":0.0003027},"geometry":{"type":"Polygon","coordinates":[[[151.2199,-33.8662],[151.2189,-33.8686],[151.2187,-33.8689],[151.2142,-33.874],[151.2121,-33.8769],[151.2091,-33.8797],[151.1997,-33.8775],[151.1979,-33.8745],[151.1981,-33.8686],[151.2011,-33.8658],[151.203,-33.8631],[151.2055,-33.8632],[151.2098,-33.861],[151.2146,-33.8562],[151.2199,-33.8662]]]}},{"type":"Feature","properties":{"name":"Sydney Olympic Park","centroid":[151.06879,-33.83893],"areaDeg2":0.00069217},"geometry":{"type":"Polygon","coordinates":[[[151.0802,-33.8224],[151.0722,-33.8298],[151.0766,-33.834],[151.0832,-33.8362],[151.0835,-33.8365],[151.0824,-33.8455],[151.0814,-33.85],[151.0715,-33.8563],[151.0644,-33.8557],[151.059,-33.8452],[151.0503,-33.8463],[151.0551,-33.8434],[151.0593,-33.8326],[151.0512,-33.8247],[151.0646,-33.8249],[151.0725,-33.8206],[151.0802,-33.8224]]]}},{"type":"Feature","properties":{"name":"Sylvania","centroid":[151.10152,-34.01204],"areaDeg2":0.00045618},"geometry":{"type":"Polygon","coordinates":[[[151.1137,-34.0032],[151.1209,-34.0054],[151.117,-34.0132],[151.105,-34.0145],[151.1071,-34.0223],[151.0946,-34.0206],[151.0938,-34.0243],[151.089,-34.0236],[151.0861,-34.0192],[151.0896,-34.0078],[151.0909,-34.0061],[151.1002,-34.003],[151.1137,-34.0032]]]}},{"type":"Feature","properties":{"name":"Sylvania Waters","centroid":[151.11158,-34.01843],"areaDeg2":0.00009969},"geometry":{"type":"Polygon","coordinates":[[[151.117,-34.0132],[151.1159,-34.0247],[151.1071,-34.0223],[151.105,-34.0145],[151.117,-34.0132]]]}},{"type":"Feature","properties":{"name":"Tamarama","centroid":[151.27073,-33.89919],"areaDeg2":0.00001655},"geometry":{"type":"Polygon","coordinates":[[[151.2758,-33.8979],[151.2704,-33.9014],[151.2659,-33.8982],[151.2758,-33.8979]]]}},{"type":"Feature","properties":{"name":"Taren Point","centroid":[151.12695,-34.01729],"areaDeg2":0.00035704},"geometry":{"type":"Polygon","coordinates":[[[151.1421,-34.026],[151.1198,-34.0254],[151.1159,-34.0247],[151.117,-34.0132],[151.1209,-34.0054],[151.1351,-34.0098],[151.1361,-34.01],[151.1343,-34.0152],[151.1421,-34.026]]]}},{"type":"Feature","properties":{"name":"Telopea","centroid":[151.03977,-33.79328],"areaDeg2":0.00014372},"geometry":{"type":"Polygon","coordinates":[[[151.0468,-33.7893],[151.047,-33.7967],[151.0359,-33.801],[151.0331,-33.7921],[151.0343,-33.7863],[151.0468,-33.7893]]]}},{"type":"Feature","properties":{"name":"Tempe","centroid":[151.16315,-33.92456],"areaDeg2":0.00016972},"geometry":{"type":"Polygon","coordinates":[[[151.168,-33.9203],[151.1742,-33.9251],[151.1645,-33.9296],[151.1603,-33.9337],[151.1597,-33.9333],[151.1551,-33.9265],[151.157,-33.9208],[151.1643,-33.9158],[151.168,-33.9203]]]}},{"type":"Feature","properties":{"name":"Tennyson Point","centroid":[151.11628,-33.82976],"areaDeg2":0.00001465},"geometry":{"type":"Polygon","coordinates":[[[151.1201,-33.833],[151.1136,-33.8301],[151.1152,-33.8263],[151.1201,-33.833]]]}},{"type":"Feature","properties":{"name":"Terrey Hills","centroid":[151.21793,-33.68951],"areaDeg2":0.00089917},"geometry":{"type":"Polygon","coordinates":[[[151.2349,-33.6827],[151.2295,-33.7095],[151.2167,-33.7077],[151.2098,-33.702],[151.2073,-33.6901],[151.193,-33.6831],[151.2053,-33.6731],[151.2233,-33.6774],[151.2327,-33.676],[151.2349,-33.6827]]]}},{"type":"Feature","properties":{"name":"The Ponds","centroid":[150.9058,-33.70552],"areaDeg2":0.00047038},"geometry":{"type":"Polygon","coordinates":[[[150.9176,-33.7161],[150.9167,-33.72],[150.9103,-33.7218],[150.9027,-33.7148],[150.8932,-33.7129],[150.8948,-33.6963],[150.9022,-33.6952],[150.917,-33.6919],[150.9193,-33.6978],[150.9138,-33.7018],[150.9109,-33.7152],[150.9176,-33.7161]]]}},{"type":"Feature","properties":{"name":"The Rocks","centroid":[151.20817,-33.85935],"areaDeg2":0.0000177},"geometry":{"type":"Polygon","coordinates":[[[151.2098,-33.861],[151.2055,-33.8632],[151.2069,-33.8588],[151.2097,-33.8542],[151.2098,-33.861]]]}},{"type":"Feature","properties":{"name":"Thornleigh","centroid":[151.08257,-33.72395],"areaDeg2":0.00038743},"geometry":{"type":"Polygon","coordinates":[[[151.0906,-33.7164],[151.0875,-33.7268],[151.0926,-33.733],[151.0912,-33.7389],[151.075,-33.7329],[151.0749,-33.7328],[151.0695,-33.725],[151.0779,-33.7204],[151.0797,-33.7053],[151.0887,-33.7121],[151.0906,-33.7164]]]}},{"type":"Feature","properties":{"name":"Toongabbie","centroid":[150.94821,-33.7902],"areaDeg2":0.00043694},"geometry":{"type":"Polygon","coordinates":[[[150.9669,-33.7812],[150.9631,-33.7953],[150.9525,-33.7956],[150.9519,-33.7903],[150.9389,-33.7944],[150.9338,-33.8072],[150.9307,-33.8056],[150.9259,-33.797],[150.9433,-33.7871],[150.9441,-33.7824],[150.9515,-33.7774],[150.9559,-33.7806],[150.9669,-33.7812]]]}},{"type":"Feature","properties":{"name":"Turramurra","centroid":[151.1292,-33.73269],"areaDeg2":0.00057397},"geometry":{"type":"Polygon","coordinates":[[[151.1434,-33.7164],[151.1495,-33.7229],[151.1477,-33.7308],[151.1394,-33.7296],[151.12,-33.7513],[151.1181,-33.7529],[151.1121,-33.7449],[151.1049,-33.7424],[151.1127,-33.7367],[151.1152,-33.7387],[151.1238,-33.7302],[151.1287,-33.7285],[151.1294,-33.7206],[151.1318,-33.7166],[151.1434,-33.7164]]]}},{"type":"Feature","properties":{"name":"Turrella","centroid":[151.14169,-33.9299],"areaDeg2":0.00005277},"geometry":{"type":"Polygon","coordinates":[[[151.1486,-33.9304],[151.1383,-33.9329],[151.1336,-33.9318],[151.1333,-33.9317],[151.1403,-33.9274],[151.148,-33.9272],[151.1486,-33.9304]]]}},{"type":"Feature","properties":{"name":"Ultimo","centroid":[151.19774,-33.88009],"areaDeg2":0.00005609},"geometry":{"type":"Polygon","coordinates":[[[151.1997,-33.8775],[151.2029,-33.8838],[151.1951,-33.8844],[151.194,-33.8761],[151.1979,-33.8745],[151.1997,-33.8775]]]}},{"type":"Feature","properties":{"name":"Vaucluse","centroid":[151.27744,-33.85605],"areaDeg2":0.00027584},"geometry":{"type":"Polygon","coordinates":[[[151.2812,-33.8462],[151.2871,-33.8472],[151.2841,-33.8655],[151.2789,-33.8647],[151.2695,-33.8636],[151.2693,-33.8586],[151.2645,-33.8518],[151.277,-33.8497],[151.2812,-33.8462]]]}},{"type":"Feature","properties":{"name":"Villawood","centroid":[150.98277,-33.88384],"areaDeg2":0.00034448},"geometry":{"type":"Polygon","coordinates":[[[150.9925,-33.8886],[150.9868,-33.8935],[150.9779,-33.8916],[150.9695,-33.8889],[150.968,-33.8832],[150.9679,-33.8828],[150.9678,-33.8822],[150.9754,-33.8807],[150.9812,-33.8764],[150.9887,-33.8726],[150.9943,-33.8765],[150.9925,-33.8886]]]}},{"type":"Feature","properties":{"name":"Voyager Point","centroid":[150.97417,-33.95856],"areaDeg2":0.0001632},"geometry":{"type":"Polygon","coordinates":[[[150.9819,-33.9581],[150.9807,-33.9643],[150.9685,-33.9647],[150.966,-33.9546],[150.9729,-33.9519],[150.9806,-33.9537],[150.9819,-33.9581]]]}},{"type":"Feature","properties":{"name":"Wahroonga","centroid":[151.11482,-33.72179],"areaDeg2":0.00092461},"geometry":{"type":"Polygon","coordinates":[[[151.1181,-33.7019],[151.1225,-33.7052],[151.1441,-33.7087],[151.1434,-33.7164],[151.1318,-33.7166],[151.1294,-33.7206],[151.1227,-33.7192],[151.1197,-33.7284],[151.1127,-33.7367],[151.1049,-33.7424],[151.0928,-33.7459],[151.0912,-33.7389],[151.0926,-33.733],[151.1006,-33.7305],[151.1049,-33.7203],[151.0998,-33.7157],[151.0998,-33.7152],[151.109,-33.7127],[151.1119,-33.7047],[151.1181,-33.7019]]]}},{"type":"Feature","properties":{"name":"Waitara","centroid":[151.10572,-33.70972],"areaDeg2":0.00007385},"geometry":{"type":"Polygon","coordinates":[[[151.1119,-33.7047],[151.109,-33.7127],[151.0998,-33.7152],[151.1024,-33.7063],[151.1119,-33.7047]]]}},{"type":"Feature","properties":{"name":"Wakeley","centroid":[150.90969,-33.87439],"areaDeg2":0.00014485},"geometry":{"type":"Polygon","coordinates":[[[150.9166,-33.8745],[150.9138,-33.8822],[150.9098,-33.8816],[150.9008,-33.8741],[150.9107,-33.8654],[150.9166,-33.8745]]]}},{"type":"Feature","properties":{"name":"Wareemba","centroid":[151.13212,-33.85749],"areaDeg2":0.00002815},"geometry":{"type":"Polygon","coordinates":[[[151.1361,-33.8548],[151.1365,-33.8552],[151.1365,-33.8553],[151.1347,-33.8587],[151.1345,-33.8591],[151.1341,-33.8591],[151.1287,-33.8603],[151.1278,-33.8574],[151.1307,-33.8567],[151.1304,-33.8556],[151.1361,-33.8548]]]}},{"type":"Feature","properties":{"name":"Warrawee","centroid":[151.12243,-33.72787],"areaDeg2":0.00011962},"geometry":{"type":"Polygon","coordinates":[[[151.1294,-33.7206],[151.1287,-33.7285],[151.1238,-33.7302],[151.1152,-33.7387],[151.1127,-33.7367],[151.1197,-33.7284],[151.1227,-33.7192],[151.1294,-33.7206]]]}},{"type":"Feature","properties":{"name":"Warriewood","centroid":[151.29644,-33.68936],"areaDeg2":0.00044528},"geometry":{"type":"Polygon","coordinates":[[[151.3093,-33.6889],[151.3153,-33.6958],[151.3103,-33.7032],[151.3075,-33.6998],[151.2919,-33.6965],[151.2835,-33.6918],[151.2823,-33.6761],[151.2905,-33.6764],[151.2997,-33.683],[151.3061,-33.6916],[151.3093,-33.6889]]]}},{"type":"Feature","properties":{"name":"Warwick Farm","centroid":[150.93687,-33.91305],"areaDeg2":0.00041563},"geometry":{"type":"Polygon","coordinates":[[[150.9498,-33.9054],[150.949,-33.9099],[150.9523,-33.9188],[150.9428,-33.9232],[150.9358,-33.9226],[150.9316,-33.9222],[150.934,-33.9167],[150.9216,-33.9151],[150.9179,-33.9039],[150.93,-33.9072],[150.9431,-33.905],[150.9498,-33.9054]]]}},{"type":"Feature","properties":{"name":"Waterloo","centroid":[151.20752,-33.90028],"areaDeg2":0.00011809},"geometry":{"type":"Polygon","coordinates":[[[151.2159,-33.8975],[151.2146,-33.9039],[151.2143,-33.9038],[151.2028,-33.9055],[151.1991,-33.8952],[151.2159,-33.8975]]]}},{"type":"Feature","properties":{"name":"Watsons Bay","centroid":[151.28234,-33.84204],"areaDeg2":0.00004752},"geometry":{"type":"Polygon","coordinates":[[[151.2871,-33.8472],[151.2812,-33.8462],[151.2783,-33.8374],[151.2821,-33.8365],[151.2871,-33.8472]]]}},{"type":"Feature","properties":{"name":"Wattle Grove","centroid":[150.94076,-33.9541],"areaDeg2":0.00020223},"geometry":{"type":"Polygon","coordinates":[[[150.9479,-33.947],[150.946,-33.9498],[150.9461,-33.962],[150.9316,-33.9644],[150.9364,-33.955],[150.9373,-33.9456],[150.9424,-33.942],[150.9479,-33.947]]]}},{"type":"Feature","properties":{"name":"Waverley","centroid":[151.25558,-33.9011],"areaDeg2":0.00006306},"geometry":{"type":"Polygon","coordinates":[[[151.259,-33.8971],[151.261,-33.8974],[151.2566,-33.9036],[151.2597,-33.9078],[151.2542,-33.9066],[151.2529,-33.9039],[151.2512,-33.8962],[151.259,-33.8971]]]}},{"type":"Feature","properties":{"name":"Waverton","centroid":[151.19941,-33.83763],"areaDeg2":0.00003462},"geometry":{"type":"Polygon","coordinates":[[[151.2005,-33.8404],[151.1997,-33.8419],[151.1941,-33.8383],[151.2043,-33.8327],[151.2005,-33.8404]]]}},{"type":"Feature","properties":{"name":"Wentworth Point","centroid":[151.07633,-33.82875],"areaDeg2":0.00003341},"geometry":{"type":"Polygon","coordinates":[[[151.0766,-33.834],[151.0722,-33.8298],[151.0802,-33.8224],[151.0766,-33.834]]]}},{"type":"Feature","properties":{"name":"Wentworthville","centroid":[150.96962,-33.80694],"areaDeg2":0.00028927},"geometry":{"type":"Polygon","coordinates":[[[150.9674,-33.7966],[150.9792,-33.7995],[150.9802,-33.8],[150.9749,-33.808],[150.9808,-33.8172],[150.9646,-33.8145],[150.9585,-33.8131],[150.963,-33.8007],[150.9634,-33.8007],[150.964,-33.7979],[150.9674,-33.7966]]]}},{"type":"Feature","properties":{"name":"West Pennant Hills","centroid":[151.03326,-33.74864],"areaDeg2":0.00089981},"geometry":{"type":"Polygon","coordinates":[[[151.0566,-33.7424],[151.05,-33.7488],[151.0495,-33.7585],[151.0349,-33.7609],[151.0293,-33.7634],[151.0192,-33.7594],[151.0104,-33.7591],[151.0086,-33.757],[151.0087,-33.7539],[151.0215,-33.7421],[151.0214,-33.7351],[151.025,-33.7322],[151.0366,-33.7395],[151.0476,-33.7371],[151.0543,-33.7324],[151.0566,-33.7424]]]}},{"type":"Feature","properties":{"name":"West Pymble","centroid":[151.12985,-33.76386],"areaDeg2":0.00038154},"geometry":{"type":"Polygon","coordinates":[[[151.1424,-33.7589],[151.1423,-33.7709],[151.138,-33.7744],[151.132,-33.7746],[151.122,-33.7701],[151.1188,-33.7625],[151.1181,-33.7529],[151.12,-33.7513],[151.1279,-33.7533],[151.1356,-33.7611],[151.1424,-33.7589]]]}},{"type":"Feature","properties":{"name":"West Ryde","centroid":[151.08422,-33.80758],"areaDeg2":0.00036681},"geometry":{"type":"Polygon","coordinates":[[[151.0731,-33.7984],[151.0748,-33.8024],[151.075,-33.8031],[151.0757,-33.8038],[151.0761,-33.8036],[151.0808,-33.8031],[151.1,-33.8026],[151.103,-33.8073],[151.095,-33.8142],[151.0817,-33.8148],[151.0767,-33.8163],[151.0705,-33.8072],[151.0654,-33.7968],[151.0731,-33.7984]]]}},{"type":"Feature","properties":{"name":"Westleigh","centroid":[151.07182,-33.71169],"areaDeg2":0.00035211},"geometry":{"type":"Polygon","coordinates":[[[151.0797,-33.7053],[151.0779,-33.7204],[151.0695,-33.725],[151.0581,-33.7192],[151.0671,-33.7094],[151.0671,-33.7041],[151.082,-33.6937],[151.0797,-33.7053]]]}},{"type":"Feature","properties":{"name":"Westmead","centroid":[150.98638,-33.80824],"areaDeg2":0.00031488},"geometry":{"type":"Polygon","coordinates":[[[150.999,-33.804],[150.99,-33.811],[150.9936,-33.8186],[150.9868,-33.8194],[150.9859,-33.8195],[150.9831,-33.8192],[150.9818,-33.8179],[150.9808,-33.8172],[150.9749,-33.808],[150.9802,-33.8],[150.9961,-33.7988],[150.999,-33.804]]]}},{"type":"Feature","properties":{"name":"Wetherill Park","centroid":[150.89895,-33.8427],"areaDeg2":0.00108866},"geometry":{"type":"Polygon","coordinates":[[[150.9162,-33.837],[150.9241,-33.8419],[150.9187,-33.8483],[150.9164,-33.8589],[150.898,-33.8564],[150.8968,-33.8527],[150.8876,-33.8537],[150.8762,-33.8515],[150.8727,-33.8465],[150.8782,-33.835],[150.8834,-33.8324],[150.9084,-33.8251],[150.9144,-33.8323],[150.9162,-33.837]]]}},{"type":"Feature","properties":{"name":"Wheeler Heights","centroid":[151.28018,-33.72753],"areaDeg2":0.0000832},"geometry":{"type":"Polygon","coordinates":[[[151.2872,-33.7247],[151.2823,-33.7324],[151.2779,-33.7339],[151.2742,-33.7225],[151.2872,-33.7247]]]}},{"type":"Feature","properties":{"name":"Wiley Park","centroid":[151.06723,-33.92449],"areaDeg2":0.00013401},"geometry":{"type":"Polygon","coordinates":[[[151.0759,-33.9287],[151.0638,-33.9312],[151.06,-33.922],[151.0653,-33.9173],[151.0678,-33.9165],[151.0759,-33.9287]]]}},{"type":"Feature","properties":{"name":"Willoughby","centroid":[151.20042,-33.8066],"areaDeg2":0.00018179},"geometry":{"type":"Polygon","coordinates":[[[151.2029,-33.8011],[151.2037,-33.8025],[151.2049,-33.8025],[151.2059,-33.8025],[151.206,-33.8025],[151.2064,-33.8025],[151.2116,-33.8024],[151.2091,-33.8054],[151.2056,-33.8135],[151.1938,-33.8126],[151.1925,-33.8024],[151.1938,-33.7994],[151.2029,-33.8011]]]}},{"type":"Feature","properties":{"name":"Willoughby East","centroid":[151.2063,-33.79909],"areaDeg2":0.00005458},"geometry":{"type":"Polygon","coordinates":[[[151.2116,-33.8024],[151.2064,-33.8025],[151.206,-33.8025],[151.2059,-33.8025],[151.2049,-33.8025],[151.2037,-33.8025],[151.2029,-33.8011],[151.2012,-33.7975],[151.2012,-33.7974],[151.2011,-33.7969],[151.2015,-33.7967],[151.2082,-33.7947],[151.2085,-33.7953],[151.2094,-33.7974],[151.2095,-33.7976],[151.2096,-33.7977],[151.2109,-33.8007],[151.2115,-33.802],[151.2116,-33.8024]]]}},{"type":"Feature","properties":{"name":"Winston Hills","centroid":[150.98159,-33.77699],"areaDeg2":0.00044907},"geometry":{"type":"Polygon","coordinates":[[[151.001,-33.7712],[150.997,-33.7815],[150.9927,-33.7805],[150.9855,-33.7885],[150.9794,-33.7848],[150.9669,-33.7812],[150.9588,-33.7678],[150.975,-33.773],[150.9951,-33.769],[151.001,-33.7712]]]}},{"type":"Feature","properties":{"name":"Wolli Creek","centroid":[151.15381,-33.9306],"areaDeg2":0.00006275},"geometry":{"type":"Polygon","coordinates":[[[151.1597,-33.9333],[151.1558,-33.9358],[151.1486,-33.9304],[151.148,-33.9272],[151.155,-33.9263],[151.1551,-33.9265],[151.1597,-33.9333]]]}},{"type":"Feature","properties":{"name":"Wollstonecraft","centroid":[151.19636,-33.83191],"areaDeg2":0.00010778},"geometry":{"type":"Polygon","coordinates":[[[151.2033,-33.8312],[151.2043,-33.8327],[151.1941,-33.8383],[151.1891,-33.8337],[151.1927,-33.828],[151.1979,-33.8253],[151.2033,-33.8312]]]}},{"type":"Feature","properties":{"name":"Woodcroft","centroid":[150.8807,-33.7565],"areaDeg2":0.00016919},"geometry":{"type":"Polygon","coordinates":[[[150.8851,-33.7648],[150.8741,-33.7636],[150.8776,-33.7458],[150.8799,-33.7473],[150.8874,-33.7522],[150.8851,-33.7648]]]}},{"type":"Feature","properties":{"name":"Woodpark","centroid":[150.96143,-33.8411],"areaDeg2":0.00002071},"geometry":{"type":"Polygon","coordinates":[[[150.9659,-33.8411],[150.9605,-33.8442],[150.9579,-33.8379],[150.9659,-33.8411]]]}},{"type":"Feature","properties":{"name":"Woollahra","centroid":[151.24255,-33.88666],"areaDeg2":0.00010242},"geometry":{"type":"Polygon","coordinates":[[[151.2476,-33.886],[151.2562,-33.8894],[151.2409,-33.8899],[151.2331,-33.8895],[151.2375,-33.883],[151.2394,-33.8819],[151.2399,-33.8818],[151.2422,-33.8809],[151.2476,-33.886]]]}},{"type":"Feature","properties":{"name":"Woolloomooloo","centroid":[151.21887,-33.87175],"areaDeg2":0.00003205},"geometry":{"type":"Polygon","coordinates":[[[151.2213,-33.869],[151.2214,-33.8751],[151.2142,-33.874],[151.2187,-33.8689],[151.2189,-33.8686],[151.2199,-33.8662],[151.2213,-33.869]]]}},{"type":"Feature","properties":{"name":"Woolooware","centroid":[151.14071,-34.04274],"areaDeg2":0.0002285},"geometry":{"type":"Polygon","coordinates":[[[151.1479,-34.039],[151.1447,-34.0529],[151.1326,-34.0503],[151.133,-34.0459],[151.133,-34.0456],[151.1344,-34.039],[151.1452,-34.0299],[151.1479,-34.039]]]}},{"type":"Feature","properties":{"name":"Woolwich","centroid":[151.17149,-33.83999],"areaDeg2":0.00004224},"geometry":{"type":"Polygon","coordinates":[[[151.1658,-33.8427],[151.1665,-33.8384],[151.1695,-33.8394],[151.1773,-33.8353],[151.1745,-33.8423],[151.1658,-33.8427]]]}},{"type":"Feature","properties":{"name":"Woronora","centroid":[151.04272,-34.02421],"areaDeg2":0.00020429},"geometry":{"type":"Polygon","coordinates":[[[151.0482,-34.0142],[151.0551,-34.0152],[151.0517,-34.0202],[151.0416,-34.034],[151.0362,-34.0328],[151.0288,-34.0256],[151.0441,-34.0229],[151.0416,-34.0172],[151.0482,-34.0142]]]}},{"type":"Feature","properties":{"name":"Woronora Heights","centroid":[151.02765,-34.03436],"areaDeg2":0.00022248},"geometry":{"type":"Polygon","coordinates":[[[151.0416,-34.034],[151.0425,-34.0353],[151.0405,-34.0361],[151.0404,-34.0361],[151.0279,-34.0406],[151.0139,-34.0409],[151.02,-34.0353],[151.0211,-34.0281],[151.0288,-34.0256],[151.0362,-34.0328],[151.0416,-34.034]]]}},{"type":"Feature","properties":{"name":"Yagoona","centroid":[151.02003,-33.90487],"areaDeg2":0.00044171},"geometry":{"type":"Polygon","coordinates":[[[151.0379,-33.899],[151.0377,-33.9039],[151.0268,-33.9122],[151.0128,-33.9108],[151.0115,-33.9159],[151.0032,-33.9165],[151.0047,-33.9122],[151.0082,-33.8983],[151.0139,-33.8965],[151.0261,-33.8975],[151.0351,-33.8987],[151.0385,-33.8919],[151.0379,-33.899]]]}},{"type":"Feature","properties":{"name":"Yarrawarrah","centroid":[151.03186,-34.05384],"areaDeg2":0.00010882},"geometry":{"type":"Polygon","coordinates":[[[151.0337,-34.0581],[151.0219,-34.058],[151.0275,-34.0518],[151.0362,-34.0467],[151.0391,-34.056],[151.0337,-34.0581]]]}},{"type":"Feature","properties":{"name":"Yennora","centroid":[150.96875,-33.86221],"areaDeg2":0.00025928},"geometry":{"type":"Polygon","coordinates":[[[150.9709,-33.8558],[150.9791,-33.8602],[150.9802,-33.8698],[150.963,-33.8691],[150.9616,-33.8634],[150.9548,-33.8556],[150.9551,-33.8543],[150.9709,-33.8558]]]}},{"type":"Feature","properties":{"name":"Yowie Bay","centroid":[151.10297,-34.0508],"areaDeg2":0.00019572},"geometry":{"type":"Polygon","coordinates":[[[151.1112,-34.0433],[151.1082,-34.0541],[151.1026,-34.0619],[151.0959,-34.0558],[151.0968,-34.0457],[151.1031,-34.0423],[151.1112,-34.0433]]]}},{"type":"Feature","properties":{"name":"Zetland","centroid":[151.20867,-33.90792],"areaDeg2":0.00007097},"geometry":{"type":"Polygon","coordinates":[[[151.2143,-33.9038],[151.2128,-33.9122],[151.2024,-33.9102],[151.2028,-33.9087],[151.2028,-33.9055],[151.2143,-33.9038]]]}}]}